angDist,_RAJ2000,_DEJ2000,Loc,ID,Type,RAJ2000,DEJ2000,OGLE-IV,Other,Imag,Vmag,Per,T0,Amp,e,i,omega,Var,Mod,P16,Simbad,ra,dec,Umag,Bmag,Vmag,Imag,e_Umag,e_Bmag,e_Vmag,e_Imag,flag
0.305819,71.3315,-67.0539722,LMC,OGLE-LMC-HB-0001,RG,04 45 19.56,-67 03 14.3,LMC540.27.63,,15.905,17.291,376.4171925,9231.2364,0.03,0.3144,54.09,132.27,,1,0,Simbad,71.33155,-67.05389,19.130,18.048,16.875,15.564,0.071,0.040,0.053,0.035,10
0.572729,71.7600833,-68.9171389,LMC,OGLE-LMC-HB-0003,MS,04 47 02.42,-68 55 01.7,LMC539.08.103,OGLE-LMC-ECL-26688,15.886,15.848,4.18621755,9002.575,0.03,0.1357,41.7,168.15,,1,1,Simbad,71.76006,-68.91698,15.147,15.759,15.867,15.886,0.050,0.020,0.027,0.038,10
4.363329,71.7600833,-68.9171389,LMC,OGLE-LMC-HB-0003,MS,04 47 02.42,-68 55 01.7,LMC539.08.103,OGLE-LMC-ECL-26688,15.886,15.848,4.18621755,9002.575,0.03,0.1357,41.7,168.15,,1,1,Simbad,71.75839,-68.91609,,21.413,21.203,20.735,,0.096,0.092,0.166,0
0.480119,71.817125,-68.9735833,LMC,OGLE-LMC-HB-0004,RG,04 47 16.11,-68 58 24.9,LMC539.08.27,,15.574,17.283,243.96469965,9112.6377,0.028,0.2913,30.71,173.36,ECL,0,0,Simbad,71.81712,-68.97345,20.552,18.887,17.285,15.565,0.183,0.068,0.033,0.038,10
4.124491,71.817125,-68.9735833,LMC,OGLE-LMC-HB-0004,RG,04 47 16.11,-68 58 24.9,LMC539.08.27,,15.574,17.283,243.96469965,9112.6377,0.028,0.2913,30.71,173.36,ECL,0,0,Simbad,71.82026,-68.97381,19.564,18.235,16.938,15.304,0.113,0.063,0.035,0.476,0
4.826600,71.817125,-68.9735833,LMC,OGLE-LMC-HB-0004,RG,04 47 16.11,-68 58 24.9,LMC539.08.27,,15.574,17.283,243.96469965,9112.6377,0.028,0.2913,30.71,173.36,ECL,0,0,Simbad,71.81391,-68.97290,,22.706,22.119,21.223,,0.321,0.197,0.341,0
0.488861,71.8275833,-70.0790556,LMC,OGLE-LMC-HB-0005,RG,04 47 18.62,-70 04 44.6,LMC530.31.2375,,14.225,15.753,494.52238579,9437.2775,0.037,0.3109,61.98,120.44,,1,0,Simbad,71.82761,-70.07892,18.425,17.131,15.629,14.075,0.052,0.031,0.020,0.046,10
4.921749,71.8275833,-70.0790556,LMC,OGLE-LMC-HB-0005,RG,04 47 18.62,-70 04 44.6,LMC530.31.2375,,14.225,15.753,494.52238579,9437.2775,0.037,0.3109,61.98,120.44,,1,0,Simbad,71.82813,-70.08041,,23.279,21.738,20.511,,0.433,0.150,0.214,0
0.352413,71.851125,-70.6775278,LMC,OGLE-LMC-HB-0006,RG,04 47 24.27,-70 40 39.1,LMC530.14.7330,,15.853,17.36,202.3256852,9000.219,0.029,0.1833,51.69,92.69,TEO,1,0,Simbad,71.85114,-70.67743,20.039,18.690,17.172,15.701,0.155,0.221,0.020,0.028,0
4.649475,71.851125,-70.6775278,LMC,OGLE-LMC-HB-0006,RG,04 47 24.27,-70 40 39.1,LMC530.14.7330,,15.853,17.36,202.3256852,9000.219,0.029,0.1833,51.69,92.69,TEO,1,0,Simbad,71.85411,-70.67836,20.468,20.267,19.209,18.260,0.293,0.064,0.033,0.040,10
4.863349,71.851125,-70.6775278,LMC,OGLE-LMC-HB-0006,RG,04 47 24.27,-70 40 39.1,LMC530.14.7330,,15.853,17.36,202.3256852,9000.219,0.029,0.1833,51.69,92.69,TEO,1,0,Simbad,71.84971,-70.67626,,21.385,18.808,18.929,,0.224,0.031,0.050,0
0.334773,71.8656667,-69.4856111,LMC,OGLE-LMC-HB-0007,RG,04 47 27.76,-69 29 08.2,LMC531.15.2912,,14.506,15.943,662.8315781,9164.6504,0.021,0.5191,69.81,14.44,,1,0,Simbad,71.86572,-69.48552,18.762,17.328,15.924,14.519,0.063,0.033,0.022,0.040,10
3.509363,71.8656667,-69.4856111,LMC,OGLE-LMC-HB-0007,RG,04 47 27.76,-69 29 08.2,LMC531.15.2912,,14.506,15.943,662.8315781,9164.6504,0.021,0.5191,69.81,14.44,,1,0,Simbad,71.86290,-69.48551,,20.859,20.573,19.987,,0.091,0.089,0.131,0
3.938428,71.8656667,-69.4856111,LMC,OGLE-LMC-HB-0007,RG,04 47 27.76,-69 29 08.2,LMC531.15.2912,,14.506,15.943,662.8315781,9164.6504,0.021,0.5191,69.81,14.44,,1,0,Simbad,71.86878,-69.48553,,20.453,19.309,18.313,,0.061,0.158,0.050,0
0.278647,71.9416667,-69.2904167,LMC,OGLE-LMC-HB-0008,RG,04 47 46.00,-69 17 25.5,LMC531.24.4,,14.271,15.623,404.19629985,9264.7313,0.031,0.2117,50.54,2.64,,1,0,Simbad,71.94169,-69.29034,17.097,16.835,15.657,14.290,0.045,0.036,0.024,0.038,10
4.791262,71.9416667,-69.2904167,LMC,OGLE-LMC-HB-0008,RG,04 47 46.00,-69 17 25.5,LMC531.24.4,,14.271,15.623,404.19629985,9264.7313,0.031,0.2117,50.54,2.64,,1,0,Simbad,71.93876,-69.29126,21.281,22.623,21.760,,0.492,0.354,0.173,,0
4.818564,71.9416667,-69.2904167,LMC,OGLE-LMC-HB-0008,RG,04 47 46.00,-69 17 25.5,LMC531.24.4,,14.271,15.623,404.19629985,9264.7313,0.031,0.2117,50.54,2.64,,1,0,Simbad,71.94409,-69.28939,19.519,19.367,19.233,19.077,0.162,0.069,0.167,0.064,10
0.355961,72.41325,-68.5153889,LMC,OGLE-LMC-HB-0009,RG,04 49 39.18,-68 30 55.4,LMC532.06.25753,EROS2-star-lm015-5k-26494,15.161,16.968,592.55985236,9482.8129,0.061,0.4466,59.9,79.23,,1,0,Simbad,72.41325,-68.51529,,18.678,16.962,15.150,,0.034,0.029,0.039,0
3.842918,72.41325,-68.5153889,LMC,OGLE-LMC-HB-0009,RG,04 49 39.18,-68 30 55.4,LMC532.06.25753,EROS2-star-lm015-5k-26494,15.161,16.968,592.55985236,9482.8129,0.061,0.4466,59.9,79.23,,1,0,Simbad,72.41569,-68.51597,,19.626,18.706,17.738,,0.060,0.042,0.067,0
0.572490,72.53575,-70.018,LMC,OGLE-LMC-HB-0010,RG,04 50 08.58,-70 01 04.8,LMC530.29.22963,,15.094,16.287,177.16096516,9062.7517,0.023,0.4071,36.65,65.79,,1,0,Simbad,72.53590,-70.01785,17.625,17.221,16.144,15.014,0.048,0.033,0.023,0.037,10
3.193704,72.53575,-70.018,LMC,OGLE-LMC-HB-0010,RG,04 50 08.58,-70 01 04.8,LMC530.29.22963,,15.094,16.287,177.16096516,9062.7517,0.023,0.4071,36.65,65.79,,1,0,Simbad,72.53723,-70.01727,18.768,19.327,19.139,,0.075,0.107,0.090,,0
4.347906,72.53575,-70.018,LMC,OGLE-LMC-HB-0010,RG,04 50 08.58,-70 01 04.8,LMC530.29.22963,,15.094,16.287,177.16096516,9062.7517,0.023,0.4071,36.65,65.79,,1,0,Simbad,72.53801,-70.01893,,21.234,20.429,19.286,,0.102,0.083,0.079,0
0.441646,72.5685,-70.1775833,LMC,OGLE-LMC-HB-0011,RG,04 50 16.44,-70 10 39.3,LMC530.29.16078,,15.591,17.2,438.74413568,9330.971,0.025,0.2819,89.83,122.29,,1,0,Simbad,72.56870,-70.17748,20.394,18.673,17.106,15.526,0.158,0.034,0.036,0.042,10
1.928319,72.5685,-70.1775833,LMC,OGLE-LMC-HB-0011,RG,04 50 16.44,-70 10 39.3,LMC530.29.16078,,15.591,17.2,438.74413568,9330.971,0.025,0.2819,89.83,122.29,,1,0,Simbad,72.56916,-70.17807,20.174,19.951,19.000,18.208,0.375,0.058,0.061,0.100,10
3.034863,72.5685,-70.1775833,LMC,OGLE-LMC-HB-0011,RG,04 50 16.44,-70 10 39.3,LMC530.29.16078,,15.591,17.2,438.74413568,9330.971,0.025,0.2819,89.83,122.29,,1,0,Simbad,72.57019,-70.17820,19.434,18.782,17.869,16.900,0.200,0.041,0.042,0.045,10
4.478591,72.5685,-70.1775833,LMC,OGLE-LMC-HB-0011,RG,04 50 16.44,-70 10 39.3,LMC530.29.16078,,15.591,17.2,438.74413568,9330.971,0.025,0.2819,89.83,122.29,,1,0,Simbad,72.57135,-70.17680,20.334,20.233,19.366,18.423,0.153,0.062,0.063,0.051,10
4.825699,72.5685,-70.1775833,LMC,OGLE-LMC-HB-0011,RG,04 50 16.44,-70 10 39.3,LMC530.29.16078,,15.591,17.2,438.74413568,9330.971,0.025,0.2819,89.83,122.29,,1,0,Simbad,72.56606,-70.17653,19.872,20.053,19.855,19.873,0.111,0.046,0.054,0.127,10
0.559386,72.688625,-70.0981389,LMC,OGLE-LMC-HB-0012,RG,04 50 45.27,-70 05 53.3,LMC530.29.19176,OGLE-LMC-ECL-01488,15.371,16.882,435.48818601,9405.3293,0.041,0.2963,54.82,18.84,ECL,0,1,Simbad,72.68883,-70.09800,19.636,18.202,16.825,15.350,0.106,0.035,0.050,0.036,10
4.683720,72.688625,-70.0981389,LMC,OGLE-LMC-HB-0012,RG,04 50 45.27,-70 05 53.3,LMC530.29.19176,OGLE-LMC-ECL-01488,15.371,16.882,435.48818601,9405.3293,0.041,0.2963,54.82,18.84,ECL,0,1,Simbad,72.68988,-70.09691,16.803,17.415,17.434,17.556,0.044,0.032,0.027,0.041,10
4.999746,72.688625,-70.0981389,LMC,OGLE-LMC-HB-0012,RG,04 50 45.27,-70 05 53.3,LMC530.29.19176,OGLE-LMC-ECL-01488,15.371,16.882,435.48818601,9405.3293,0.041,0.2963,54.82,18.84,ECL,0,1,Simbad,72.68613,-70.09704,21.011,21.863,21.583,20.928,0.325,0.145,0.151,0.317,0
0.665996,72.6972917,-70.2756111,LMC,OGLE-LMC-HB-0013,RG,04 50 47.35,-70 16 32.2,LMC530.21.18945,OGLE-LMC-ECL-27014,15.999,17.499,324.53764041,9182.4077,0.048,0.4521,76.28,59.64,,1,1,Simbad,72.69750,-70.27544,,18.866,17.506,16.033,,0.108,0.039,0.037,0
1.967493,72.6972917,-70.2756111,LMC,OGLE-LMC-HB-0013,RG,04 50 47.35,-70 16 32.2,LMC530.21.18945,OGLE-LMC-ECL-27014,15.999,17.499,324.53764041,9182.4077,0.048,0.4521,76.28,59.64,,1,1,Simbad,72.69873,-70.27536,19.545,20.423,20.033,,0.134,0.132,0.182,,0
3.030790,72.6972917,-70.2756111,LMC,OGLE-LMC-HB-0013,RG,04 50 47.35,-70 16 32.2,LMC530.21.18945,OGLE-LMC-ECL-27014,15.999,17.499,324.53764041,9182.4077,0.048,0.4521,76.28,59.64,,1,1,Simbad,72.69653,-70.27481,,21.639,21.465,,,0.162,0.150,,0
0.369254,72.735625,-69.4267222,LMC,OGLE-LMC-HB-0014,RG,04 50 56.55,-69 25 36.2,LMC531.13.10236,EROS2-star-lm012-2m-3813,14.497,15.726,359.10820546,9253.0925,0.041,0.2604,39.03,161.71,,1,0,Simbad,72.73560,-69.42662,16.530,16.668,15.751,14.450,0.052,0.031,0.025,0.098,20
0.317665,72.8403333,-67.2211667,LMC,OGLE-LMC-HB-0015,RG,04 51 21.68,-67 13 16.2,LMC533.06.19946,,15.238,16.618,311.75154632,9257.1973,0.028,0.1908,65.99,47.29,,1,0,Simbad,72.84037,-67.22108,19.458,18.028,16.693,15.326,0.109,0.029,0.019,0.029,10
3.120831,72.8403333,-67.2211667,LMC,OGLE-LMC-HB-0015,RG,04 51 21.68,-67 13 16.2,LMC533.06.19946,,15.238,16.618,311.75154632,9257.1973,0.028,0.1908,65.99,47.29,,1,0,Simbad,72.83857,-67.22063,17.233,17.729,17.730,17.667,0.046,0.028,0.059,0.043,10
0.630291,72.9634167,-69.7205833,LMC,OGLE-LMC-HB-0016,RG,04 51 51.22,-69 43 14.1,LMC531.04.31795,,15.207,16.232,128.68966224,9086.3779,0.023,0.2003,76.84,32.68,,1,0,Simbad,72.96335,-69.72041,17.557,17.133,16.274,15.312,0.046,0.030,0.034,0.036,10
4.614339,72.9634167,-69.7205833,LMC,OGLE-LMC-HB-0016,RG,04 51 51.22,-69 43 14.1,LMC531.04.31795,,15.207,16.232,128.68966224,9086.3779,0.023,0.2003,76.84,32.68,,1,0,Simbad,72.96556,-69.71954,,21.527,21.638,,,0.118,0.154,,0
0.707956,72.983,-69.3928889,LMC,OGLE-LMC-HB-0017,MS,04 51 55.92,-69 23 34.4,LMC531.12.36543,,16.258,16.17,19.72611703,9004.1114,0.093,0.1763,17.31,9.38,,1,0,Simbad,72.98285,-69.39270,14.422,15.625,15.352,15.510,0.115,0.081,0.114,0.108,10
0.217642,73.0234167,-66.81,LMC,OGLE-LMC-HB-0018,RG,04 52 05.62,-66 48 36.0,LMC533.23.11,,14.975,16.558,577.86047487,9165.2075,0.052,0.3787,53.06,173.39,,1,0,Simbad,73.02344,-66.80994,19.586,18.081,16.624,15.020,0.140,0.040,0.019,0.031,10
0.418421,73.0548333,-69.5508889,LMC,OGLE-LMC-HB-0019,RG,04 52 13.16,-69 33 03.2,LMC531.12.24810,,15.487,17.067,547.52193292,9326.1899,0.022,0.4471,60.1,102.19,,1,0,Simbad,73.05495,-69.55078,20.172,18.630,17.122,15.503,0.131,0.038,0.034,0.154,10
4.338655,73.0548333,-69.5508889,LMC,OGLE-LMC-HB-0019,RG,04 52 13.16,-69 33 03.2,LMC531.12.24810,,15.487,17.067,547.52193292,9326.1899,0.022,0.4471,60.1,102.19,,1,0,Simbad,73.05828,-69.55084,,22.340,21.679,20.682,,0.221,0.190,0.202,0
4.776477,73.0548333,-69.5508889,LMC,OGLE-LMC-HB-0019,RG,04 52 13.16,-69 33 03.2,LMC531.12.24810,,15.487,17.067,547.52193292,9326.1899,0.022,0.4471,60.1,102.19,,1,0,Simbad,73.05754,-69.54996,,19.727,18.464,16.971,,0.064,0.058,0.056,0
4.938552,73.0548333,-69.5508889,LMC,OGLE-LMC-HB-0019,RG,04 52 13.16,-69 33 03.2,LMC531.12.24810,,15.487,17.067,547.52193292,9326.1899,0.022,0.4471,60.1,102.19,,1,0,Simbad,73.05129,-69.55148,20.184,20.502,20.254,20.285,0.173,0.075,0.080,0.167,10
0.325714,73.0995,-68.3651389,LMC,OGLE-LMC-HB-0020,RG,04 52 23.88,-68 21 54.5,LMC532.13.4,OGLE-LMC-ECL-01908,12.874,14.222,415.37692142,9386.909,0.263,0.0191,12.7,45.88,ECL,0,1,Simbad,73.09955,-68.36505,15.437,15.426,14.408,13.009,0.066,0.029,0.023,0.078,10
4.123402,73.0995,-68.3651389,LMC,OGLE-LMC-HB-0020,RG,04 52 23.88,-68 21 54.5,LMC532.13.4,OGLE-LMC-ECL-01908,12.874,14.222,415.37692142,9386.909,0.263,0.0191,12.7,45.88,ECL,0,1,Simbad,73.10045,-68.36623,,20.093,19.319,18.494,,0.064,0.110,0.157,0
0.474161,73.143125,-68.8426667,LMC,OGLE-LMC-HB-0021,RG,04 52 34.35,-68 50 33.6,LMC531.29.6068,,15.204,16.891,402.65499855,9126.0888,0.021,0.1306,43.3,171.52,,1,0,Simbad,73.14322,-68.84254,20.626,18.563,16.951,15.212,0.229,0.039,0.031,0.089,10
2.806607,73.143125,-68.8426667,LMC,OGLE-LMC-HB-0021,RG,04 52 34.35,-68 50 33.6,LMC531.29.6068,,15.204,16.891,402.65499855,9126.0888,0.021,0.1306,43.3,171.52,,1,0,Simbad,73.14105,-68.84245,,22.626,21.478,,,0.283,0.158,,0
3.891334,73.143125,-68.8426667,LMC,OGLE-LMC-HB-0021,RG,04 52 34.35,-68 50 33.6,LMC531.29.6068,,15.204,16.891,402.65499855,9126.0888,0.021,0.1306,43.3,171.52,,1,0,Simbad,73.14477,-68.84357,20.153,19.733,19.639,19.524,0.161,0.062,0.092,0.095,10
4.169897,73.143125,-68.8426667,LMC,OGLE-LMC-HB-0021,RG,04 52 34.35,-68 50 33.6,LMC531.29.6068,,15.204,16.891,402.65499855,9126.0888,0.021,0.1306,43.3,171.52,,1,0,Simbad,73.14578,-68.84332,,21.517,21.304,21.061,,0.117,0.129,0.300,0
0.441857,73.3622083,-66.566,LMC,OGLE-LMC-HB-0022,RG,04 53 26.93,-66 33 57.6,LMC533.22.9632,EROS2-star-lm028-1n-24990,15.025,16.777,370.69506923,9249.7648,0.085,0.2967,54.17,100.19,,1,0,Simbad,73.36234,-66.56589,19.853,18.399,16.824,15.054,0.129,0.032,0.023,0.050,10
0.498221,73.509625,-68.1210278,LMC,OGLE-LMC-HB-0023,RG,04 54 02.31,-68 07 15.7,LMC532.12.15797,,16.226,17.718,237.90719959,9078.8979,0.026,0.193,73.64,104.84,,1,0,Simbad,73.50966,-68.12089,21.163,19.147,17.718,16.149,0.356,0.038,0.036,0.049,10
2.732515,73.509625,-68.1210278,LMC,OGLE-LMC-HB-0023,RG,04 54 02.31,-68 07 15.7,LMC532.12.15797,,16.226,17.718,237.90719959,9078.8979,0.026,0.193,73.64,104.84,,1,0,Simbad,73.51150,-68.12132,20.155,20.062,19.800,19.732,0.176,0.063,0.056,0.099,10
3.130108,73.509625,-68.1210278,LMC,OGLE-LMC-HB-0023,RG,04 54 02.31,-68 07 15.7,LMC532.12.15797,,16.226,17.718,237.90719959,9078.8979,0.026,0.193,73.64,104.84,,1,0,Simbad,73.50730,-68.12112,20.227,20.362,19.879,19.750,0.221,0.066,0.055,0.091,10
4.524359,73.509625,-68.1210278,LMC,OGLE-LMC-HB-0023,RG,04 54 02.31,-68 07 15.7,LMC532.12.15797,,16.226,17.718,237.90719959,9078.8979,0.026,0.193,73.64,104.84,,1,0,Simbad,73.50654,-68.12052,,21.284,21.019,20.618,,0.109,0.103,0.164,0
4.994016,73.509625,-68.1210278,LMC,OGLE-LMC-HB-0023,RG,04 54 02.31,-68 07 15.7,LMC532.12.15797,,16.226,17.718,237.90719959,9078.8979,0.026,0.193,73.64,104.84,,1,0,Simbad,73.50648,-68.12177,,20.188,19.132,18.157,,0.064,0.039,0.096,0
0.522339,73.6827083,-69.0824444,LMC,OGLE-LMC-HB-0024,RG,04 54 43.85,-69 04 56.8,LMC531.20.13102,,15.598,17.149,222.29479589,9039.104,0.035,0.2889,44.94,144.91,,1,0,Simbad,73.68267,-69.08230,20.289,18.689,17.170,15.618,0.185,0.101,0.038,0.045,10
2.837601,73.6827083,-69.0824444,LMC,OGLE-LMC-HB-0024,RG,04 54 43.85,-69 04 56.8,LMC531.20.13102,,15.598,17.149,222.29479589,9039.104,0.035,0.2889,44.94,144.91,,1,0,Simbad,73.68443,-69.08294,,21.543,21.234,21.268,,0.133,0.140,0.437,0
3.110227,73.6827083,-69.0824444,LMC,OGLE-LMC-HB-0024,RG,04 54 43.85,-69 04 56.8,LMC531.20.13102,,15.598,17.149,222.29479589,9039.104,0.035,0.2889,44.94,144.91,,1,0,Simbad,73.68086,-69.08300,,22.024,21.349,20.661,,0.167,0.142,0.263,0
4.609353,73.6827083,-69.0824444,LMC,OGLE-LMC-HB-0024,RG,04 54 43.85,-69 04 56.8,LMC531.20.13102,,15.598,17.149,222.29479589,9039.104,0.035,0.2889,44.94,144.91,,1,0,Simbad,73.67913,-69.08253,20.738,20.568,20.118,19.438,0.246,0.070,0.118,0.116,10
0.233583,73.6895833,-66.3535,LMC,OGLE-LMC-HB-0025,RG,04 54 45.50,-66 21 12.6,LMC533.29.14235,,14.43,16.162,578.53707091,9125.9175,0.057,0.3711,74.57,75.6,,1,0,Simbad,73.68965,-66.35356,20.051,17.922,16.272,14.610,0.174,0.042,0.023,0.217,10
4.320416,73.6895833,-66.3535,LMC,OGLE-LMC-HB-0025,RG,04 54 45.50,-66 21 12.6,LMC533.29.14235,,14.43,16.162,578.53707091,9125.9175,0.057,0.3711,74.57,75.6,,1,0,Simbad,73.68963,-66.35470,,22.250,22.155,20.558,,0.231,0.179,0.177,0
4.590497,73.6895833,-66.3535,LMC,OGLE-LMC-HB-0025,RG,04 54 45.50,-66 21 12.6,LMC533.29.14235,,14.43,16.162,578.53707091,9125.9175,0.057,0.3711,74.57,75.6,,1,0,Simbad,73.69073,-66.35231,,21.702,21.399,,,0.215,0.137,,0
4.749720,73.6895833,-66.3535,LMC,OGLE-LMC-HB-0025,RG,04 54 45.50,-66 21 12.6,LMC533.29.14235,,14.43,16.162,578.53707091,9125.9175,0.057,0.3711,74.57,75.6,,1,0,Simbad,73.68716,-66.35439,21.533,21.238,21.185,,0.447,0.109,0.170,,0
0.284690,73.7315417,-70.7573889,LMC,OGLE-LMC-HB-0026,RG,04 54 55.57,-70 45 26.6,LMC530.10.2672,,13.916,15.416,699.97540645,9470.9009,0.021,0.4068,45.47,17.27,,0,0,Simbad,73.73177,-70.75736,17.964,16.732,15.202,13.747,0.049,0.029,0.020,0.029,10
0.644202,73.7424583,-67.6338889,LMC,OGLE-LMC-HB-0027,MS,04 54 58.19,-67 38 02.0,LMC532.28.22811,OGLE-LMC-ECL-27523,16.177,16.108,6.45144488,9004.7557,0.028,0.3278,48.24,59.89,ECL,0,1,Simbad,73.74244,-67.63371,15.448,16.025,16.130,16.205,0.045,0.028,0.023,0.034,10
3.113366,73.7424583,-67.6338889,LMC,OGLE-LMC-HB-0027,MS,04 54 58.19,-67 38 02.0,LMC532.28.22811,OGLE-LMC-ECL-27523,16.177,16.108,6.45144488,9004.7557,0.028,0.3278,48.24,59.89,ECL,0,1,Simbad,73.74205,-67.63474,,21.768,21.604,,,0.166,0.183,,0
3.995437,73.7424583,-67.6338889,LMC,OGLE-LMC-HB-0027,MS,04 54 58.19,-67 38 02.0,LMC532.28.22811,OGLE-LMC-ECL-27523,16.177,16.108,6.45144488,9004.7557,0.028,0.3278,48.24,59.89,ECL,0,1,Simbad,73.73997,-67.63331,,22.084,22.585,,,0.182,0.359,,0
0.496100,73.7872083,-67.5908333,LMC,OGLE-LMC-HB-0028,RG,04 55 08.93,-67 35 27.0,LMC532.28.27326,,14.292,15.669,636.65099804,9517.0527,0.028,0.4939,56.45,2.95,,1,0,Simbad,73.78737,-67.59071,18.226,17.006,15.608,14.224,0.062,0.029,0.019,0.029,10
2.522603,73.7872083,-67.5908333,LMC,OGLE-LMC-HB-0028,RG,04 55 08.93,-67 35 27.0,LMC532.28.27326,,14.292,15.669,636.65099804,9517.0527,0.028,0.4939,56.45,2.95,,1,0,Simbad,73.78768,-67.59151,18.159,18.536,18.546,18.595,0.063,0.035,0.036,0.074,10
4.667701,73.7872083,-67.5908333,LMC,OGLE-LMC-HB-0028,RG,04 55 08.93,-67 35 27.0,LMC532.28.27326,,14.292,15.669,636.65099804,9517.0527,0.028,0.4939,56.45,2.95,,1,0,Simbad,73.78966,-67.59173,,20.145,19.100,18.082,,0.115,0.044,0.054,0
0.303972,73.8800833,-69.4681944,LMC,OGLE-LMC-HB-0030,MS,04 55 31.22,-69 28 05.5,LMC531.10.36227,,16.516,16.656,395.06723499,9386.9372,0.097,0.4619,35.15,35.44,ECL,0,0,Simbad,73.88008,-69.46811,16.110,16.635,16.663,16.601,0.040,0.035,0.034,0.042,10
3.615397,73.8800833,-69.4681944,LMC,OGLE-LMC-HB-0030,MS,04 55 31.22,-69 28 05.5,LMC531.10.36227,,16.516,16.656,395.06723499,9386.9372,0.097,0.4619,35.15,35.44,ECL,0,0,Simbad,73.87722,-69.46819,,21.063,19.960,19.085,,0.099,0.084,0.071,0
3.982026,73.8800833,-69.4681944,LMC,OGLE-LMC-HB-0030,MS,04 55 31.22,-69 28 05.5,LMC531.10.36227,,16.516,16.656,395.06723499,9386.9372,0.097,0.4619,35.15,35.44,ECL,0,0,Simbad,73.88181,-69.46912,19.782,20.363,18.452,,0.195,0.206,0.096,,0
4.386695,73.8800833,-69.4681944,LMC,OGLE-LMC-HB-0030,MS,04 55 31.22,-69 28 05.5,LMC531.10.36227,,16.516,16.656,395.06723499,9386.9372,0.097,0.4619,35.15,35.44,ECL,0,0,Simbad,73.88341,-69.46854,20.429,20.284,20.614,,0.169,0.078,0.171,,0
0.368462,73.9344167,-68.7109722,LMC,OGLE-LMC-HB-0031,RG,04 55 44.26,-68 42 39.5,LMC531.27.57392,,15.641,17.281,496.02659813,9267.5482,0.045,0.3979,62.28,174.25,,1,0,Simbad,73.93440,-68.71087,,19.008,17.277,15.575,,0.085,0.090,0.043,0
1.317789,73.9344167,-68.7109722,LMC,OGLE-LMC-HB-0031,RG,04 55 44.26,-68 42 39.5,LMC531.27.57392,,15.641,17.281,496.02659813,9267.5482,0.045,0.3979,62.28,174.25,,1,0,Simbad,73.93478,-68.71063,18.714,18.379,18.353,19.185,0.091,0.135,0.229,0.244,0
1.360060,73.9344167,-68.7109722,LMC,OGLE-LMC-HB-0031,RG,04 55 44.26,-68 42 39.5,LMC531.27.57392,,15.641,17.281,496.02659813,9267.5482,0.045,0.3979,62.28,174.25,,1,0,Simbad,73.93443,-68.71135,19.647,19.440,19.218,18.862,0.122,0.136,0.118,0.187,10
3.942752,73.9344167,-68.7109722,LMC,OGLE-LMC-HB-0031,RG,04 55 44.26,-68 42 39.5,LMC531.27.57392,,15.641,17.281,496.02659813,9267.5482,0.045,0.3979,62.28,174.25,,1,0,Simbad,73.93464,-68.70988,20.473,20.383,20.268,,0.191,0.072,0.109,,0
4.504576,73.9344167,-68.7109722,LMC,OGLE-LMC-HB-0031,RG,04 55 44.26,-68 42 39.5,LMC531.27.57392,,15.641,17.281,496.02659813,9267.5482,0.045,0.3979,62.28,174.25,,1,0,Simbad,73.93214,-68.71191,,21.799,21.399,20.237,,0.162,0.161,0.246,0
4.809337,73.9344167,-68.7109722,LMC,OGLE-LMC-HB-0031,RG,04 55 44.26,-68 42 39.5,LMC531.27.57392,,15.641,17.281,496.02659813,9267.5482,0.045,0.3979,62.28,174.25,,1,0,Simbad,73.93401,-68.71230,,22.571,22.020,20.540,,0.258,0.231,0.155,0
0.357293,73.9492917,-69.4691667,LMC,OGLE-LMC-HB-0032,MS,04 55 47.83,-69 28 09.0,LMC531.10.36099,OGLE-LMC-ECL-03133,13.965,13.923,31.08959541,9013.0212,0.248,0.7434,89.92,90.03,ECL,0,1,Simbad,73.94935,-69.46907,,13.795,13.832,13.980,,0.258,0.035,0.040,0
2.248657,73.9492917,-69.4691667,LMC,OGLE-LMC-HB-0032,MS,04 55 47.83,-69 28 09.0,LMC531.10.36099,OGLE-LMC-ECL-03133,13.965,13.923,31.08959541,9013.0212,0.248,0.7434,89.92,90.03,ECL,0,1,Simbad,73.94917,-69.46979,16.597,17.505,17.635,17.730,0.059,0.060,0.083,0.059,10
4.898995,73.9492917,-69.4691667,LMC,OGLE-LMC-HB-0032,MS,04 55 47.83,-69 28 09.0,LMC531.10.36099,OGLE-LMC-ECL-03133,13.965,13.923,31.08959541,9013.0212,0.248,0.7434,89.92,90.03,ECL,0,1,Simbad,73.95297,-69.46960,18.043,18.610,18.153,17.685,0.064,0.057,0.127,0.061,10
4.906889,73.9492917,-69.4691667,LMC,OGLE-LMC-HB-0032,MS,04 55 47.83,-69 28 09.0,LMC531.10.36099,OGLE-LMC-ECL-03133,13.965,13.923,31.08959541,9013.0212,0.248,0.7434,89.92,90.03,ECL,0,1,Simbad,73.94807,-69.47046,17.642,18.336,18.228,18.447,0.055,0.038,0.106,0.050,10
0.409586,73.959125,-70.0319722,LMC,OGLE-LMC-HB-0033,RG,04 55 50.19,-70 01 55.1,LMC530.26.25958,OGLE-LMC-ECL-03149,15.544,17.149,622.83670628,9177.7579,0.079,0.5506,88.46,70.47,ECL,1,1,Simbad,73.95918,-70.03186,20.226,18.487,17.017,15.464,0.180,0.044,0.136,0.035,10
2.939446,73.959125,-70.0319722,LMC,OGLE-LMC-HB-0033,RG,04 55 50.19,-70 01 55.1,LMC530.26.25958,OGLE-LMC-ECL-03149,15.544,17.149,622.83670628,9177.7579,0.079,0.5506,88.46,70.47,ECL,1,1,Simbad,73.95673,-70.03195,,22.258,21.893,,,0.228,0.211,,0
4.286462,73.959125,-70.0319722,LMC,OGLE-LMC-HB-0033,RG,04 55 50.19,-70 01 55.1,LMC530.26.25958,OGLE-LMC-ECL-03149,15.544,17.149,622.83670628,9177.7579,0.079,0.5506,88.46,70.47,ECL,1,1,Simbad,73.95564,-70.03201,20.979,20.669,20.493,20.364,0.278,0.128,0.231,0.172,0
4.717369,73.959125,-70.0319722,LMC,OGLE-LMC-HB-0033,RG,04 55 50.19,-70 01 55.1,LMC530.26.25958,OGLE-LMC-ECL-03149,15.544,17.149,622.83670628,9177.7579,0.079,0.5506,88.46,70.47,ECL,1,1,Simbad,73.95633,-70.03287,,20.366,19.279,18.360,,0.075,0.070,0.055,0
0.250055,73.9859167,-66.9367778,LMC,OGLE-LMC-HB-0034,RG,04 55 56.62,-66 56 12.4,LMC533.11.22828,OGLE-LMC-ECL-27647,15.05,16.604,537.06429512,9385.4985,0.033,0.445,59.89,36.5,,1,1,Simbad,73.98602,-66.93672,19.927,18.036,16.562,15.058,0.121,0.165,0.032,0.083,10
2.396001,73.9859167,-66.9367778,LMC,OGLE-LMC-HB-0034,RG,04 55 56.62,-66 56 12.4,LMC533.11.22828,OGLE-LMC-ECL-27647,15.05,16.604,537.06429512,9385.4985,0.033,0.445,59.89,36.5,,1,1,Simbad,73.98525,-66.93739,,21.688,21.379,20.454,,0.153,0.157,0.254,0
3.070975,73.9859167,-66.9367778,LMC,OGLE-LMC-HB-0034,RG,04 55 56.62,-66 56 12.4,LMC533.11.22828,OGLE-LMC-ECL-27647,15.05,16.604,537.06429512,9385.4985,0.033,0.445,59.89,36.5,,1,1,Simbad,73.98735,-66.93742,,21.231,21.239,,,0.328,0.119,,0
0.170919,74.15275,-72.3471667,LMC,OGLE-LMC-HB-0035,RG,04 56 36.66,-72 20 49.8,LMC507.24.22,2MASS-J04563665-7220498,15.512,17.03,242.59354883,9083.5701,0.09,0.2296,52.21,68.06,,1,0,Simbad,74.15290,-72.34716,20.314,18.494,17.046,15.532,0.127,0.038,0.027,0.039,10
3.404569,74.15275,-72.3471667,LMC,OGLE-LMC-HB-0035,RG,04 56 36.66,-72 20 49.8,LMC507.24.22,2MASS-J04563665-7220498,15.512,17.03,242.59354883,9083.5701,0.09,0.2296,52.21,68.06,,1,0,Simbad,74.15141,-72.34802,,21.825,21.226,19.863,,0.152,0.138,0.090,0
4.904117,74.15275,-72.3471667,LMC,OGLE-LMC-HB-0035,RG,04 56 36.66,-72 20 49.8,LMC507.24.22,2MASS-J04563665-7220498,15.512,17.03,242.59354883,9083.5701,0.09,0.2296,52.21,68.06,,1,0,Simbad,74.14833,-72.34741,,23.137,22.616,21.099,,0.398,0.248,0.222,0
0.548981,74.1802917,-69.5710278,LMC,OGLE-LMC-HB-0036,RG,04 56 43.27,-69 34 15.7,LMC531.10.24,OGLE-LMC-ECL-03512,15.542,17.079,271.60556484,9080.8896,0.056,0.2181,50.99,72.11,OSARG,1,1,Simbad,74.18040,-69.57088,,18.629,17.094,,,0.039,0.036,,0
2.730494,74.1802917,-69.5710278,LMC,OGLE-LMC-HB-0036,RG,04 56 43.27,-69 34 15.7,LMC531.10.24,OGLE-LMC-ECL-03512,15.542,17.079,271.60556484,9080.8896,0.056,0.2181,50.99,72.11,OSARG,1,1,Simbad,74.18195,-69.57152,,22.450,22.193,,,0.350,0.236,,0
4.394729,74.1802917,-69.5710278,LMC,OGLE-LMC-HB-0036,RG,04 56 43.27,-69 34 15.7,LMC531.10.24,OGLE-LMC-ECL-03512,15.542,17.079,271.60556484,9080.8896,0.056,0.2181,50.99,72.11,OSARG,1,1,Simbad,74.17949,-69.56984,,17.523,17.471,,,0.034,0.035,,0
4.849873,74.1802917,-69.5710278,LMC,OGLE-LMC-HB-0036,RG,04 56 43.27,-69 34 15.7,LMC531.10.24,OGLE-LMC-ECL-03512,15.542,17.079,271.60556484,9080.8896,0.056,0.2181,50.99,72.11,OSARG,1,1,Simbad,74.17801,-69.56994,,18.440,18.361,,,0.047,0.079,,0
0.618901,74.203,-70.3555278,LMC,OGLE-LMC-HB-0037,RG,04 56 48.72,-70 21 19.9,LMC530.18.8028,,15.462,16.939,392.5632701,9028.4074,0.026,0.458,44.01,4.06,,1,0,Simbad,74.20347,-70.35546,19.576,18.140,16.703,15.322,0.109,0.064,0.026,0.044,10
2.085317,74.203,-70.3555278,LMC,OGLE-LMC-HB-0037,RG,04 56 48.72,-70 21 19.9,LMC530.18.8028,,15.462,16.939,392.5632701,9028.4074,0.026,0.458,44.01,4.06,,1,0,Simbad,74.20248,-70.35608,21.754,20.556,20.662,19.728,0.524,0.099,0.136,0.154,0
3.170743,74.203,-70.3555278,LMC,OGLE-LMC-HB-0037,RG,04 56 48.72,-70 21 19.9,LMC530.18.8028,,15.462,16.939,392.5632701,9028.4074,0.026,0.458,44.01,4.06,,1,0,Simbad,74.20042,-70.35569,,21.260,20.979,,,0.103,0.170,,0
0.028014,74.2445417,-66.3895278,LMC,OGLE-LMC-HB-0038,MS,04 56 58.69,-66 23 22.3,LMC533.28.4396,2MASS-J04565868-6623224,15.375,15.368,4.18476032,9000.0537,0.014,0.2882,34.8,12.86,ECL,0,0,Simbad,74.24454,-66.38952,14.733,15.257,15.400,15.566,0.030,0.033,0.027,0.055,10
0.536616,74.25,-69.33225,LMC,OGLE-LMC-HB-0039,RG,04 57 00.00,-69 19 56.1,LMC531.09.50649,,14.914,16.301,356.34948036,9030.262,0.021,0.2962,45.67,17.77,,1,0,Simbad,74.25028,-69.33214,19.139,17.662,16.504,14.903,0.086,0.036,0.043,0.040,10
2.964216,74.25,-69.33225,LMC,OGLE-LMC-HB-0039,RG,04 57 00.00,-69 19 56.1,LMC531.09.50649,,14.914,16.301,356.34948036,9030.262,0.021,0.2962,45.67,17.77,,1,0,Simbad,74.24813,-69.33176,16.832,17.082,17.207,17.283,0.175,0.034,0.067,0.051,10
4.936716,74.25,-69.33225,LMC,OGLE-LMC-HB-0039,RG,04 57 00.00,-69 19 56.1,LMC531.09.50649,,14.914,16.301,356.34948036,9030.262,0.021,0.2962,45.67,17.77,,1,0,Simbad,74.25313,-69.33144,,21.573,20.531,19.610,,0.135,0.152,0.113,0
0.404883,74.26675,-70.9612778,LMC,OGLE-LMC-HB-0040,RG,04 57 04.02,-70 57 40.6,LMC508.25.10629,,15.628,17.099,327.99198817,9087.5673,0.021,0.2471,67.11,133.94,,0,0,Simbad,74.26692,-70.96118,20.224,18.545,17.103,15.684,0.185,0.035,0.028,0.031,10
4.374844,74.26675,-70.9612778,LMC,OGLE-LMC-HB-0040,RG,04 57 04.02,-70 57 40.6,LMC508.25.10629,,15.628,17.099,327.99198817,9087.5673,0.021,0.2471,67.11,133.94,,0,0,Simbad,74.26876,-70.96230,20.688,20.391,20.264,20.560,0.218,0.051,0.062,0.164,10
0.263708,74.2695833,-72.2805,LMC,OGLE-LMC-HB-0041,RG,04 57 04.70,-72 16 49.8,LMC507.24.10,,14.373,15.932,354.75289153,9277.7723,0.049,0.164,64.53,35.63,,1,0,Simbad,74.26978,-72.28046,19.126,17.485,15.974,14.415,0.095,0.033,0.022,0.040,10
4.175164,74.2695833,-72.2805,LMC,OGLE-LMC-HB-0041,RG,04 57 04.70,-72 16 49.8,LMC507.24.10,,14.373,15.932,354.75289153,9277.7723,0.049,0.164,64.53,35.63,,1,0,Simbad,74.27316,-72.28010,,22.062,21.248,,,0.200,0.101,,0
4.731869,74.2695833,-72.2805,LMC,OGLE-LMC-HB-0041,RG,04 57 04.70,-72 16 49.8,LMC507.24.10,,14.373,15.932,354.75289153,9277.7723,0.049,0.164,64.53,35.63,,1,0,Simbad,74.26993,-72.28181,,23.471,23.196,,,0.543,0.354,,0
0.408798,74.2927083,-70.9730278,LMC,OGLE-LMC-HB-0042,RG,04 57 10.25,-70 58 22.9,LMC508.25.10623,,15.598,17.16,575.53713018,9472.2112,0.039,0.5023,56.24,59.44,,1,0,Simbad,74.29289,-70.97293,19.944,18.654,17.132,15.650,0.143,0.035,0.038,0.031,10
2.814759,74.2927083,-70.9730278,LMC,OGLE-LMC-HB-0042,RG,04 57 10.25,-70 58 22.9,LMC508.25.10623,,15.598,17.16,575.53713018,9472.2112,0.039,0.5023,56.24,59.44,,1,0,Simbad,74.29084,-70.97352,,19.079,17.709,16.435,,0.037,0.026,0.031,0
0.600033,74.321125,-69.6670556,LMC,OGLE-LMC-HB-0043,MS,04 57 17.07,-69 40 01.4,LMC531.01.45685,OGLE-LMC-ECL-03748,16.231,16.197,8.54248906,9003.6443,0.022,0.4403,42.63,127.26,ECL,0,1,Simbad,74.32107,-69.66689,15.611,16.076,16.216,16.348,0.039,0.121,0.036,0.043,10
1.732632,74.321125,-69.6670556,LMC,OGLE-LMC-HB-0043,MS,04 57 17.07,-69 40 01.4,LMC531.01.45685,OGLE-LMC-ECL-03748,16.231,16.197,8.54248906,9003.6443,0.022,0.4403,42.63,127.26,ECL,0,1,Simbad,74.32251,-69.66705,16.963,17.861,17.541,17.539,0.063,0.129,0.051,0.059,10
2.341932,74.321125,-69.6670556,LMC,OGLE-LMC-HB-0043,MS,04 57 17.07,-69 40 01.4,LMC531.01.45685,OGLE-LMC-ECL-03748,16.231,16.197,8.54248906,9003.6443,0.022,0.4403,42.63,127.26,ECL,0,1,Simbad,74.31956,-69.66741,18.654,18.813,18.745,18.256,0.083,0.074,0.107,0.076,10
4.347941,74.321125,-69.6670556,LMC,OGLE-LMC-HB-0043,MS,04 57 17.07,-69 40 01.4,LMC531.01.45685,OGLE-LMC-ECL-03748,16.231,16.197,8.54248906,9003.6443,0.022,0.4403,42.63,127.26,ECL,0,1,Simbad,74.31833,-69.66634,,21.784,20.857,,,0.193,0.080,,0
0.487197,74.3265833,-69.3212778,LMC,OGLE-LMC-HB-0044,RG,04 57 18.38,-69 19 16.6,LMC531.09.50669,,15.056,16.631,694.336643,9163.2946,0.033,0.5107,63.03,139.02,TEO,1,0,Simbad,74.32681,-69.32117,,18.087,16.577,15.034,,0.038,0.050,0.043,0
2.582765,74.3265833,-69.3212778,LMC,OGLE-LMC-HB-0044,RG,04 57 18.38,-69 19 16.6,LMC531.09.50669,,15.056,16.631,694.336643,9163.2946,0.033,0.5107,63.03,139.02,TEO,1,0,Simbad,74.32861,-69.32128,17.966,18.180,18.073,18.022,0.063,0.038,0.054,0.080,10
3.408427,74.3265833,-69.3212778,LMC,OGLE-LMC-HB-0044,RG,04 57 18.38,-69 19 16.6,LMC531.09.50669,,15.056,16.631,694.336643,9163.2946,0.033,0.5107,63.03,139.02,TEO,1,0,Simbad,74.32484,-69.32056,20.961,20.535,20.309,,0.405,0.080,0.108,,0
0.442339,74.3587083,-69.4406389,LMC,OGLE-LMC-HB-0045,MS,04 57 26.09,-69 26 26.3,LMC531.09.42317,OGLE-LMC-ECL-03811,15.876,15.832,4.78841134,9001.2242,0.022,0.2905,52.87,5.94,ECL,0,1,Simbad,74.35887,-69.44053,14.885,15.732,15.862,16.154,0.038,0.030,0.031,0.040,10
4.270342,74.3587083,-69.4406389,LMC,OGLE-LMC-HB-0045,MS,04 57 26.09,-69 26 26.3,LMC531.09.42317,OGLE-LMC-ECL-03811,15.876,15.832,4.78841134,9001.2242,0.022,0.2905,52.87,5.94,ECL,0,1,Simbad,74.35983,-69.43952,20.359,18.457,16.877,15.014,0.202,0.039,0.041,0.040,10
4.831189,74.3587083,-69.4406389,LMC,OGLE-LMC-HB-0045,MS,04 57 26.09,-69 26 26.3,LMC531.09.42317,OGLE-LMC-ECL-03811,15.876,15.832,4.78841134,9001.2242,0.022,0.2905,52.87,5.94,ECL,0,1,Simbad,74.35787,-69.43933,,22.373,21.075,19.890,,0.419,0.210,0.256,0
0.459741,74.4561667,-70.2043056,LMC,OGLE-LMC-HB-0046,MS,04 57 49.48,-70 12 15.5,LMC509.16.3,,14.102,14.195,43.51868836,9028.8044,0.076,0.4206,18.97,77.79,,1,0,Simbad,74.45623,-70.20418,13.357,14.348,14.409,14.358,0.037,0.037,0.024,0.034,10
3.897063,74.4561667,-70.2043056,LMC,OGLE-LMC-HB-0046,MS,04 57 49.48,-70 12 15.5,LMC509.16.3,,14.102,14.195,43.51868836,9028.8044,0.076,0.4206,18.97,77.79,,1,0,Simbad,74.45354,-70.20492,,20.372,19.699,18.887,,0.108,0.088,0.059,0
4.518627,74.4561667,-70.2043056,LMC,OGLE-LMC-HB-0046,MS,04 57 49.48,-70 12 15.5,LMC509.16.3,,14.102,14.195,43.51868836,9028.8044,0.076,0.4206,18.97,77.79,,1,0,Simbad,74.45961,-70.20477,,21.482,20.953,20.127,,0.152,0.148,0.154,0
4.854625,74.4561667,-70.2043056,LMC,OGLE-LMC-HB-0046,MS,04 57 49.48,-70 12 15.5,LMC509.16.3,,14.102,14.195,43.51868836,9028.8044,0.076,0.4206,18.97,77.79,,1,0,Simbad,74.45218,-70.20431,20.375,20.885,19.864,19.744,0.213,0.158,0.085,0.099,20
0.366465,74.466625,-69.6394444,LMC,OGLE-LMC-HB-0047,RG,04 57 51.99,-69 38 22.0,LMC509.25.22191,,15.817,17.34,322.16701906,9101.0797,0.032,0.1858,89.89,127.68,,1,0,Simbad,74.46673,-69.63935,20.789,18.691,17.253,15.804,0.252,0.037,0.025,0.060,10
3.240736,74.466625,-69.6394444,LMC,OGLE-LMC-HB-0047,RG,04 57 51.99,-69 38 22.0,LMC509.25.22191,,15.817,17.34,322.16701906,9101.0797,0.032,0.1858,89.89,127.68,,1,0,Simbad,74.46919,-69.63934,,21.228,20.977,20.195,,0.112,0.113,0.176,0
4.635678,74.466625,-69.6394444,LMC,OGLE-LMC-HB-0047,RG,04 57 51.99,-69 38 22.0,LMC509.25.22191,,15.817,17.34,322.16701906,9101.0797,0.032,0.1858,89.89,127.68,,1,0,Simbad,74.46369,-69.63866,,22.181,21.966,,,0.230,0.169,,0
4.831008,74.466625,-69.6394444,LMC,OGLE-LMC-HB-0047,RG,04 57 51.99,-69 38 22.0,LMC509.25.22191,,15.817,17.34,322.16701906,9101.0797,0.032,0.1858,89.89,127.68,,1,0,Simbad,74.46979,-69.63868,,20.724,20.730,20.353,,0.093,0.066,0.195,0
0.254230,74.6275,-70.7488333,LMC,OGLE-LMC-HB-0049,RG,04 58 30.60,-70 44 55.8,LMC508.32.133,,16.122,17.464,394.20182353,9128.8088,0.024,0.4397,58.3,28.81,,1,0,Simbad,74.62759,-70.74877,20.054,18.494,17.148,15.825,0.208,0.037,0.022,0.076,10
2.863697,74.6275,-70.7488333,LMC,OGLE-LMC-HB-0049,RG,04 58 30.60,-70 44 55.8,LMC508.32.133,,16.122,17.464,394.20182353,9128.8088,0.024,0.4397,58.3,28.81,,1,0,Simbad,74.62990,-70.74877,20.177,18.654,17.191,15.750,0.142,0.046,0.042,0.032,10
4.720459,74.6275,-70.7488333,LMC,OGLE-LMC-HB-0049,RG,04 58 30.60,-70 44 55.8,LMC508.32.133,,16.122,17.464,394.20182353,9128.8088,0.024,0.4397,58.3,28.81,,1,0,Simbad,74.62908,-70.74763,20.514,19.866,18.840,17.830,0.185,0.054,0.054,0.222,0
0.369169,74.7540417,-69.1623333,LMC,OGLE-LMC-HB-0050,MS,04 59 00.97,-69 09 44.4,LMC531.17.42250,OGLE-LMC-ECL-04417,17.114,17.735,12.88226172,9001.2839,0.111,0.2045,81.01,25.32,ECL,0,1,Simbad,74.75421,-69.16225,18.762,18.289,17.747,17.196,0.080,0.029,0.035,0.046,10
2.986945,74.7540417,-69.1623333,LMC,OGLE-LMC-HB-0050,MS,04 59 00.97,-69 09 44.4,LMC531.17.42250,OGLE-LMC-ECL-04417,17.114,17.735,12.88226172,9001.2839,0.111,0.2045,81.01,25.32,ECL,0,1,Simbad,74.75358,-69.16152,,21.050,20.757,,,0.096,0.114,,0
3.789389,74.7540417,-69.1623333,LMC,OGLE-LMC-HB-0050,MS,04 59 00.97,-69 09 44.4,LMC531.17.42250,OGLE-LMC-ECL-04417,17.114,17.735,12.88226172,9001.2839,0.111,0.2045,81.01,25.32,ECL,0,1,Simbad,74.75677,-69.16193,21.350,21.550,21.615,,0.463,0.150,0.233,,0
4.630937,74.7540417,-69.1623333,LMC,OGLE-LMC-HB-0050,MS,04 59 00.97,-69 09 44.4,LMC531.17.42250,OGLE-LMC-ECL-04417,17.114,17.735,12.88226172,9001.2839,0.111,0.2045,81.01,25.32,ECL,0,1,Simbad,74.75122,-69.16314,,21.857,21.788,20.907,,0.150,0.280,0.294,0
1.158159,74.9368333,-69.8051111,LMC,OGLE-LMC-HB-0051,RG,04 59 44.84,-69 48 18.4,LMC509.24.113,,15.349,16.61,342.27342199,9221.047,0.05,0.3072,55.0,4.83,,1,0,Simbad,74.93677,-69.80479,18.969,17.800,16.402,14.675,0.107,0.054,0.066,0.104,10
2.243481,74.9368333,-69.8051111,LMC,OGLE-LMC-HB-0051,RG,04 59 44.84,-69 48 18.4,LMC509.24.113,,15.349,16.61,342.27342199,9221.047,0.05,0.3072,55.0,4.83,,1,0,Simbad,74.93705,-69.80573,20.726,20.038,19.888,,0.213,0.079,0.116,,0
2.929945,74.9368333,-69.8051111,LMC,OGLE-LMC-HB-0051,RG,04 59 44.84,-69 48 18.4,LMC509.24.113,,15.349,16.61,342.27342199,9221.047,0.05,0.3072,55.0,4.83,,1,0,Simbad,74.93475,-69.80473,,19.851,18.882,18.137,,0.053,0.133,0.130,0
2.987415,74.9368333,-69.8051111,LMC,OGLE-LMC-HB-0051,RG,04 59 44.84,-69 48 18.4,LMC509.24.113,,15.349,16.61,342.27342199,9221.047,0.05,0.3072,55.0,4.83,,1,0,Simbad,74.93792,-69.80437,,19.947,18.658,,,0.067,0.171,,0
3.127251,74.9368333,-69.8051111,LMC,OGLE-LMC-HB-0051,RG,04 59 44.84,-69 48 18.4,LMC509.24.113,,15.349,16.61,342.27342199,9221.047,0.05,0.3072,55.0,4.83,,1,0,Simbad,74.93933,-69.80499,19.956,20.214,19.777,,0.168,0.055,0.130,,0
3.602939,74.9368333,-69.8051111,LMC,OGLE-LMC-HB-0051,RG,04 59 44.84,-69 48 18.4,LMC509.24.113,,15.349,16.61,342.27342199,9221.047,0.05,0.3072,55.0,4.83,,1,0,Simbad,74.93577,-69.80418,,20.066,18.811,,,0.062,0.171,,0
4.151430,74.9368333,-69.8051111,LMC,OGLE-LMC-HB-0051,RG,04 59 44.84,-69 48 18.4,LMC509.24.113,,15.349,16.61,342.27342199,9221.047,0.05,0.3072,55.0,4.83,,1,0,Simbad,74.93385,-69.80563,20.244,19.833,18.310,17.511,0.235,0.046,0.141,0.146,20
4.457013,74.9368333,-69.8051111,LMC,OGLE-LMC-HB-0051,RG,04 59 44.84,-69 48 18.4,LMC509.24.113,,15.349,16.61,342.27342199,9221.047,0.05,0.3072,55.0,4.83,,1,0,Simbad,74.94000,-69.80453,19.029,19.071,18.093,16.289,0.131,0.048,0.213,0.191,0
0.346286,74.937875,-68.35475,LMC,OGLE-LMC-HB-0052,RG,04 59 45.09,-68 21 17.1,LMC532.08.24428,,15.984,17.364,209.46432845,9061.3195,0.024,0.2835,30.98,158.68,,1,0,Simbad,74.93802,-68.35467,,18.726,17.425,16.087,,0.036,0.034,0.042,0
4.101897,74.937875,-68.35475,LMC,OGLE-LMC-HB-0052,RG,04 59 45.09,-68 21 17.1,LMC532.08.24428,,15.984,17.364,209.46432845,9061.3195,0.024,0.2835,30.98,158.68,,1,0,Simbad,74.93515,-68.35421,,21.472,20.855,20.963,,0.173,0.091,0.261,0
0.412312,74.9443333,-70.4966944,LMC,OGLE-LMC-HB-0053,RG,04 59 46.64,-70 29 48.1,LMC509.07.10,,14.374,15.986,615.11348448,9551.0619,0.039,0.4543,50.31,46.6,OSARG,1,0,Simbad,74.94435,-70.49658,19.849,17.615,15.976,14.387,0.384,0.064,0.076,0.040,10
2.038567,74.9443333,-70.4966944,LMC,OGLE-LMC-HB-0053,RG,04 59 46.64,-70 29 48.1,LMC509.07.10,,14.374,15.986,615.11348448,9551.0619,0.039,0.4543,50.31,46.6,OSARG,1,0,Simbad,74.94401,-70.49725,,20.821,20.729,,,0.103,0.121,,0
3.233492,74.9443333,-70.4966944,LMC,OGLE-LMC-HB-0053,RG,04 59 46.64,-70 29 48.1,LMC509.07.10,,14.374,15.986,615.11348448,9551.0619,0.039,0.4543,50.31,46.6,OSARG,1,0,Simbad,74.94207,-70.49718,21.461,20.310,19.425,18.737,0.442,0.067,0.072,0.070,0
4.600560,74.9443333,-70.4966944,LMC,OGLE-LMC-HB-0053,RG,04 59 46.64,-70 29 48.1,LMC509.07.10,,14.374,15.986,615.11348448,9551.0619,0.039,0.4543,50.31,46.6,OSARG,1,0,Simbad,74.94133,-70.49590,,20.918,20.680,20.356,,0.074,0.092,0.158,0
0.136234,74.967875,-69.2388333,LMC,OGLE-LMC-HB-0054,RG,04 59 52.29,-69 14 19.8,LMC531.17.98,,15.928,17.306,251.50936555,9114.8516,0.032,0.688,27.88,84.33,,0,0,Simbad,74.96797,-69.23882,20.327,18.648,17.309,15.951,0.275,0.073,0.087,0.053,10
2.158188,74.967875,-69.2388333,LMC,OGLE-LMC-HB-0054,RG,04 59 52.29,-69 14 19.8,LMC531.17.98,,15.928,17.306,251.50936555,9114.8516,0.032,0.688,27.88,84.33,,0,0,Simbad,74.96622,-69.23871,17.816,18.231,17.922,17.950,0.078,0.088,0.124,0.104,10
4.245234,74.967875,-69.2388333,LMC,OGLE-LMC-HB-0054,RG,04 59 52.29,-69 14 19.8,LMC531.17.98,,15.928,17.306,251.50936555,9114.8516,0.032,0.688,27.88,84.33,,0,0,Simbad,74.97049,-69.23956,,19.962,19.040,18.236,,0.066,0.075,0.101,0
4.254443,74.967875,-69.2388333,LMC,OGLE-LMC-HB-0054,RG,04 59 52.29,-69 14 19.8,LMC531.17.98,,15.928,17.306,251.50936555,9114.8516,0.032,0.688,27.88,84.33,,0,0,Simbad,74.96828,-69.23766,21.024,20.128,19.123,18.362,0.408,0.097,0.091,0.056,0
4.974711,74.967875,-69.2388333,LMC,OGLE-LMC-HB-0054,RG,04 59 52.29,-69 14 19.8,LMC531.17.98,,15.928,17.306,251.50936555,9114.8516,0.032,0.688,27.88,84.33,,0,0,Simbad,74.96977,-69.24004,,22.033,21.218,21.124,,0.184,0.164,0.277,0
0.223775,75.0936667,-70.12725,LMC,OGLE-LMC-HB-0055,RG,05 00 22.48,-70 07 38.1,LMC509.15.281,[O96]-D050NE-67,16.057,17.371,197.29586927,9175.1982,0.032,0.3033,31.59,155.82,,1,0,Simbad,75.09384,-70.12723,19.900,18.659,17.280,15.847,0.133,0.048,0.054,0.390,0
2.885459,75.0936667,-70.12725,LMC,OGLE-LMC-HB-0055,RG,05 00 22.48,-70 07 38.1,LMC509.15.281,[O96]-D050NE-67,16.057,17.371,197.29586927,9175.1982,0.032,0.3033,31.59,155.82,,1,0,Simbad,75.09283,-70.12650,,21.246,20.576,20.472,,0.132,0.091,0.166,0
4.375897,75.0936667,-70.12725,LMC,OGLE-LMC-HB-0055,RG,05 00 22.48,-70 07 38.1,LMC509.15.281,[O96]-D050NE-67,16.057,17.371,197.29586927,9175.1982,0.032,0.3033,31.59,155.82,,1,0,Simbad,75.09065,-70.12790,,20.100,19.878,19.776,,0.120,0.078,0.115,0
4.457101,75.0936667,-70.12725,LMC,OGLE-LMC-HB-0055,RG,05 00 22.48,-70 07 38.1,LMC509.15.281,[O96]-D050NE-67,16.057,17.371,197.29586927,9175.1982,0.032,0.3033,31.59,155.82,,1,0,Simbad,75.09528,-70.12614,,21.250,20.776,20.524,,0.106,0.095,0.202,0
4.595943,75.0936667,-70.12725,LMC,OGLE-LMC-HB-0055,RG,05 00 22.48,-70 07 38.1,LMC509.15.281,[O96]-D050NE-67,16.057,17.371,197.29586927,9175.1982,0.032,0.3033,31.59,155.82,,1,0,Simbad,75.08993,-70.12736,19.776,19.652,19.169,18.076,0.144,0.059,0.054,0.064,10
1.166147,75.0946667,-69.3430278,LMC,OGLE-LMC-HB-0056,RG,05 00 22.72,-69 20 34.9,LMC509.32.23387,,16.517,17.988,191.79036277,9097.5843,0.044,0.2366,59.73,133.72,,1,0,Simbad,75.09424,-69.34274,19.682,18.927,16.252,15.177,0.145,0.064,0.154,0.117,20
3.553973,75.0946667,-69.3430278,LMC,OGLE-LMC-HB-0056,RG,05 00 22.72,-69 20 34.9,LMC509.32.23387,,16.517,17.988,191.79036277,9097.5843,0.044,0.2366,59.73,133.72,,1,0,Simbad,75.09603,-69.34389,19.695,19.464,18.337,17.256,0.211,0.167,0.222,0.240,0
4.365906,75.0946667,-69.3430278,LMC,OGLE-LMC-HB-0056,RG,05 00 22.72,-69 20 34.9,LMC509.32.23387,,16.517,17.988,191.79036277,9097.5843,0.044,0.2366,59.73,133.72,,1,0,Simbad,75.09810,-69.34309,,20.308,18.920,18.086,,0.128,0.215,0.250,0
4.808922,75.0946667,-69.3430278,LMC,OGLE-LMC-HB-0056,RG,05 00 22.72,-69 20 34.9,LMC509.32.23387,,16.517,17.988,191.79036277,9097.5843,0.044,0.2366,59.73,133.72,,1,0,Simbad,75.09782,-69.34377,,20.364,19.213,,,0.144,0.200,,0
4.828675,75.0946667,-69.3430278,LMC,OGLE-LMC-HB-0056,RG,05 00 22.72,-69 20 34.9,LMC509.32.23387,,16.517,17.988,191.79036277,9097.5843,0.044,0.2366,59.73,133.72,,1,0,Simbad,75.09221,-69.34405,20.978,21.289,20.773,19.244,0.319,0.160,0.200,0.224,0
0.425428,75.1510417,-68.8935556,LMC,OGLE-LMC-HB-0057,RG,05 00 36.25,-68 53 36.8,LMC510.15.58,BRIGHT-LMC-ECL-80,14.161,15.674,302.52136774,9184.361,0.057,0.153,66.07,128.59,,1,0,Simbad,75.15111,-68.89344,19.063,16.989,15.588,14.123,0.093,0.093,0.044,0.055,10
2.186321,75.1510417,-68.8935556,LMC,OGLE-LMC-HB-0057,RG,05 00 36.25,-68 53 36.8,LMC510.15.58,BRIGHT-LMC-ECL-80,14.161,15.674,302.52136774,9184.361,0.057,0.153,66.07,128.59,,1,0,Simbad,75.14945,-68.89336,18.959,18.218,18.018,,0.137,0.078,0.178,,0
3.667122,75.1510417,-68.8935556,LMC,OGLE-LMC-HB-0057,RG,05 00 36.25,-68 53 36.8,LMC510.15.58,BRIGHT-LMC-ECL-80,14.161,15.674,302.52136774,9184.361,0.057,0.153,66.07,128.59,,1,0,Simbad,75.15245,-68.89444,,20.808,20.612,,,0.106,0.132,,0
3.995898,75.1510417,-68.8935556,LMC,OGLE-LMC-HB-0057,RG,05 00 36.25,-68 53 36.8,LMC510.15.58,BRIGHT-LMC-ECL-80,14.161,15.674,302.52136774,9184.361,0.057,0.153,66.07,128.59,,1,0,Simbad,75.15199,-68.89250,20.709,18.742,17.333,16.003,0.239,0.067,0.051,0.053,10
4.384064,75.1510417,-68.8935556,LMC,OGLE-LMC-HB-0057,RG,05 00 36.25,-68 53 36.8,LMC510.15.58,BRIGHT-LMC-ECL-80,14.161,15.674,302.52136774,9184.361,0.057,0.153,66.07,128.59,,1,0,Simbad,75.15025,-68.89474,19.326,19.300,18.827,18.104,0.111,0.060,0.077,0.083,10
0.380202,75.1744583,-67.9637778,LMC,OGLE-LMC-HB-0058,RG,05 00 41.87,-67 57 49.6,LMC532.17.3991,,15.889,17.404,209.44813521,9029.056,0.047,0.1527,76.92,107.58,,1,0,Simbad,75.17461,-67.96369,19.994,18.903,17.340,15.873,0.155,0.035,0.042,0.043,10
0.506580,75.2217917,-68.7447222,LMC,OGLE-LMC-HB-0059,RG,05 00 53.23,-68 44 41.0,LMC510.15.41039,,15.399,16.821,419.66250393,9386.2276,0.025,0.4068,62.71,128.98,,1,0,Simbad,75.22193,-68.74459,19.918,18.048,16.617,15.322,0.160,0.055,0.038,0.036,10
2.588428,75.2217917,-68.7447222,LMC,OGLE-LMC-HB-0059,RG,05 00 53.23,-68 44 41.0,LMC510.15.41039,,15.399,16.821,419.66250393,9386.2276,0.025,0.4068,62.71,128.98,,1,0,Simbad,75.22375,-68.74462,20.390,19.516,18.605,17.782,0.300,0.072,0.068,0.052,10
2.899768,75.2217917,-68.7447222,LMC,OGLE-LMC-HB-0059,RG,05 00 53.23,-68 44 41.0,LMC510.15.41039,,15.399,16.821,419.66250393,9386.2276,0.025,0.4068,62.71,128.98,,1,0,Simbad,75.21965,-68.74493,20.177,19.867,19.014,18.231,0.207,0.055,0.058,0.057,10
3.432321,75.2217917,-68.7447222,LMC,OGLE-LMC-HB-0059,RG,05 00 53.23,-68 44 41.0,LMC510.15.41039,,15.399,16.821,419.66250393,9386.2276,0.025,0.4068,62.71,128.98,,1,0,Simbad,75.22193,-68.74377,20.708,20.333,19.993,19.493,0.300,0.089,0.097,0.153,10
4.750272,75.2217917,-68.7447222,LMC,OGLE-LMC-HB-0059,RG,05 00 53.23,-68 44 41.0,LMC510.15.41039,,15.399,16.821,419.66250393,9386.2276,0.025,0.4068,62.71,128.98,,1,0,Simbad,75.22245,-68.74602,,21.643,21.259,20.569,,0.167,0.172,0.164,0
0.771489,75.4188333,-68.6446389,LMC,OGLE-LMC-HB-0060,RG,05 01 40.52,-68 38 40.7,LMC510.23.129,,15.107,16.64,320.85042678,9136.7361,0.088,0.2758,56.19,152.8,,1,1,Simbad,75.41897,-68.64443,19.122,17.892,16.506,14.929,0.141,0.071,0.035,0.243,0
3.453120,75.4188333,-68.6446389,LMC,OGLE-LMC-HB-0060,RG,05 01 40.52,-68 38 40.7,LMC510.23.129,,15.107,16.64,320.85042678,9136.7361,0.088,0.2758,56.19,152.8,,1,1,Simbad,75.41877,-68.64368,17.890,18.174,18.241,18.583,0.067,0.037,0.053,0.142,10
3.475879,75.4188333,-68.6446389,LMC,OGLE-LMC-HB-0060,RG,05 01 40.52,-68 38 40.7,LMC510.23.129,,15.107,16.64,320.85042678,9136.7361,0.088,0.2758,56.19,152.8,,1,1,Simbad,75.42054,-68.64390,17.510,17.859,18.014,18.185,0.061,0.073,0.071,0.219,0
4.039263,75.4188333,-68.6446389,LMC,OGLE-LMC-HB-0060,RG,05 01 40.52,-68 38 40.7,LMC510.23.129,,15.107,16.64,320.85042678,9136.7361,0.088,0.2758,56.19,152.8,,1,1,Simbad,75.42189,-68.64478,,19.528,19.481,19.458,,0.134,0.170,0.086,0
4.604343,75.4188333,-68.6446389,LMC,OGLE-LMC-HB-0060,RG,05 01 40.52,-68 38 40.7,LMC510.23.129,,15.107,16.64,320.85042678,9136.7361,0.088,0.2758,56.19,152.8,,1,1,Simbad,75.42145,-68.64549,,19.290,18.165,17.069,,0.118,0.060,0.084,0
4.675612,75.4188333,-68.6446389,LMC,OGLE-LMC-HB-0060,RG,05 01 40.52,-68 38 40.7,LMC510.23.129,,15.107,16.64,320.85042678,9136.7361,0.088,0.2758,56.19,152.8,,1,1,Simbad,75.41535,-68.64436,,20.177,19.180,18.097,,0.100,0.057,0.059,0
0.513197,75.432,-70.0772222,LMC,OGLE-LMC-HB-0061,RG,05 01 43.68,-70 04 38.0,LMC509.14.150,,15.324,16.933,327.86764191,9124.7248,0.044,0.2677,32.86,167.25,OSARG,1,0,Simbad,75.43203,-70.07708,20.078,18.485,16.850,15.291,0.142,0.085,0.047,0.042,10
2.711113,75.432,-70.0772222,LMC,OGLE-LMC-HB-0061,RG,05 01 43.68,-70 04 38.0,LMC509.14.150,,15.324,16.933,327.86764191,9124.7248,0.044,0.2677,32.86,167.25,OSARG,1,0,Simbad,75.43237,-70.07648,,21.504,20.737,,,0.128,0.119,,0
3.114659,75.432,-70.0772222,LMC,OGLE-LMC-HB-0061,RG,05 01 43.68,-70 04 38.0,LMC509.14.150,,15.324,16.933,327.86764191,9124.7248,0.044,0.2677,32.86,167.25,OSARG,1,0,Simbad,75.43083,-70.07799,21.149,21.502,20.728,20.946,0.344,0.137,0.115,0.201,0
4.046091,75.432,-70.0772222,LMC,OGLE-LMC-HB-0061,RG,05 01 43.68,-70 04 38.0,LMC509.14.150,,15.324,16.933,327.86764191,9124.7248,0.044,0.2677,32.86,167.25,OSARG,1,0,Simbad,75.43070,-70.07619,18.960,19.259,19.012,19.186,0.085,0.046,0.037,0.093,10
0.418581,75.4455,-67.4878611,LMC,OGLE-LMC-HB-0062,RG,05 01 46.92,-67 29 16.3,LMC511.15.24099,,16.024,17.383,239.02788675,9059.434,0.023,0.3048,50.86,141.08,,1,0,Simbad,75.44559,-67.48775,19.928,18.600,17.274,15.952,0.130,0.037,0.064,0.036,10
3.057667,75.4455,-67.4878611,LMC,OGLE-LMC-HB-0062,RG,05 01 46.92,-67 29 16.3,LMC511.15.24099,,16.024,17.383,239.02788675,9059.434,0.023,0.3048,50.86,141.08,,1,0,Simbad,75.44638,-67.48864,,22.205,21.870,,,0.200,0.165,,0
3.163107,75.4455,-67.4878611,LMC,OGLE-LMC-HB-0062,RG,05 01 46.92,-67 29 16.3,LMC511.15.24099,,16.024,17.383,239.02788675,9059.434,0.023,0.3048,50.86,141.08,,1,0,Simbad,75.44430,-67.48861,20.682,20.816,20.492,20.084,0.248,0.099,0.094,0.146,10
0.237667,75.459125,-66.71375,LMC,OGLE-LMC-HB-0063,RG,05 01 50.19,-66 42 49.5,LMC533.17.3575,,15.021,16.652,380.97329371,9285.8778,0.045,0.2471,60.96,93.84,,1,0,Simbad,75.45919,-66.71369,19.848,18.285,16.672,15.069,0.166,0.036,0.030,0.037,10
1.768431,75.459125,-66.71375,LMC,OGLE-LMC-HB-0063,RG,05 01 50.19,-66 42 49.5,LMC533.17.3575,,15.021,16.652,380.97329371,9285.8778,0.045,0.2471,60.96,93.84,,1,0,Simbad,75.45792,-66.71387,20.523,20.322,19.373,18.458,0.197,0.094,0.060,0.102,10
3.567386,75.459125,-66.71375,LMC,OGLE-LMC-HB-0063,RG,05 01 50.19,-66 42 49.5,LMC533.17.3575,,15.021,16.652,380.97329371,9285.8778,0.045,0.2471,60.96,93.84,,1,0,Simbad,75.46158,-66.71355,19.875,19.951,19.860,19.718,0.138,0.063,0.051,0.119,10
0.446524,75.5874167,-69.6564167,LMC,OGLE-LMC-HB-0064,RG,05 02 20.98,-69 39 23.1,LMC509.23.25732,OGLE-LMC-ECL-05622,15.058,16.808,526.11492076,9019.3121,0.042,0.3658,77.0,79.5,ECL,1,1,Simbad,75.58764,-69.65632,20.694,18.460,16.665,15.090,0.324,0.033,0.193,0.080,10
3.394682,75.5874167,-69.6564167,LMC,OGLE-LMC-HB-0064,RG,05 02 20.98,-69 39 23.1,LMC509.23.25732,OGLE-LMC-ECL-05622,15.058,16.808,526.11492076,9019.3121,0.042,0.3658,77.0,79.5,ECL,1,1,Simbad,75.58933,-69.65575,,22.831,21.972,,,0.376,0.267,,0
4.002249,75.5874167,-69.6564167,LMC,OGLE-LMC-HB-0064,RG,05 02 20.98,-69 39 23.1,LMC509.23.25732,OGLE-LMC-ECL-05622,15.058,16.808,526.11492076,9019.3121,0.042,0.3658,77.0,79.5,ECL,1,1,Simbad,75.58814,-69.65750,,22.390,21.661,,,0.242,0.157,,0
0.163337,75.638,-72.2868889,LMC,OGLE-LMC-HB-0065,RG,05 02 33.12,-72 17 12.8,LMC507.21.75,,15.754,17.244,255.37461026,9106.5233,0.093,0.2934,68.27,64.26,,1,0,Simbad,75.63811,-72.28686,20.210,18.586,17.061,15.786,0.165,0.045,0.463,0.052,0
2.947560,75.638,-72.2868889,LMC,OGLE-LMC-HB-0065,RG,05 02 33.12,-72 17 12.8,LMC507.21.75,,15.754,17.244,255.37461026,9106.5233,0.093,0.2934,68.27,64.26,,1,0,Simbad,75.63717,-72.28611,,21.190,20.502,19.475,,0.129,0.065,0.097,0
4.581567,75.638,-72.2868889,LMC,OGLE-LMC-HB-0065,RG,05 02 33.12,-72 17 12.8,LMC507.21.75,,15.754,17.244,255.37461026,9106.5233,0.093,0.2934,68.27,64.26,,1,0,Simbad,75.64165,-72.28627,20.423,20.002,19.788,19.577,0.133,0.064,0.060,0.089,10
0.451954,75.6569167,-69.1448889,LMC,OGLE-LMC-HB-0066,RG,05 02 37.66,-69 08 41.6,LMC510.06.51213,2MASS-J05023766-6908416,14.992,16.737,532.15166507,9097.961,0.038,0.1533,58.38,45.39,OSARG,1,0,Simbad,75.65703,-69.14477,20.319,18.291,16.691,15.183,0.210,0.046,0.042,0.039,10
4.827971,75.6569167,-69.1448889,LMC,OGLE-LMC-HB-0066,RG,05 02 37.66,-69 08 41.6,LMC510.06.51213,2MASS-J05023766-6908416,14.992,16.737,532.15166507,9097.961,0.038,0.1533,58.38,45.39,OSARG,1,0,Simbad,75.65320,-69.14466,,20.922,20.756,20.380,,0.166,0.211,0.184,0
0.279679,75.7194583,-67.4726667,LMC,OGLE-LMC-HB-0067,RG,05 02 52.67,-67 28 21.6,LMC511.14.23530,,15.245,16.753,371.7831509,9269.405,0.025,0.1622,63.7,60.52,,1,0,Simbad,75.71949,-67.47259,19.818,18.134,16.803,,0.133,0.032,0.041,,0
2.840603,75.7194583,-67.4726667,LMC,OGLE-LMC-HB-0067,RG,05 02 52.67,-67 28 21.6,LMC511.14.23530,,15.245,16.753,371.7831509,9269.405,0.025,0.1622,63.7,60.52,,1,0,Simbad,75.71742,-67.47278,,21.406,21.240,,,0.231,0.161,,0
4.354178,75.7194583,-67.4726667,LMC,OGLE-LMC-HB-0067,RG,05 02 52.67,-67 28 21.6,LMC511.14.23530,,15.245,16.753,371.7831509,9269.405,0.025,0.1622,63.7,60.52,,1,0,Simbad,75.71802,-67.47159,19.458,19.078,18.263,17.840,0.116,0.043,0.075,0.085,10
0.311596,75.7244583,-69.9481667,LMC,OGLE-LMC-HB-0068,RG,05 02 53.87,-69 56 53.4,LMC509.13.28188,,15.546,17.143,315.47569833,9315.2984,0.018,0.119,62.75,62.99,,1,0,Simbad,75.72458,-69.94809,,18.645,16.994,15.445,,0.088,0.062,0.042,0
1.652832,75.7244583,-69.9481667,LMC,OGLE-LMC-HB-0068,RG,05 02 53.87,-69 56 53.4,LMC509.13.28188,,15.546,17.143,315.47569833,9315.2984,0.018,0.119,62.75,62.99,,1,0,Simbad,75.72425,-69.94862,15.997,16.700,16.670,16.731,0.043,0.034,0.054,0.059,10
3.951342,75.7244583,-69.9481667,LMC,OGLE-LMC-HB-0068,RG,05 02 53.87,-69 56 53.4,LMC509.13.28188,,15.546,17.143,315.47569833,9315.2984,0.018,0.119,62.75,62.99,,1,0,Simbad,75.72165,-69.94764,20.589,20.876,19.782,19.250,0.214,0.105,0.110,0.103,20
4.977887,75.7244583,-69.9481667,LMC,OGLE-LMC-HB-0068,RG,05 02 53.87,-69 56 53.4,LMC509.13.28188,,15.546,17.143,315.47569833,9315.2984,0.018,0.119,62.75,62.99,,1,0,Simbad,75.72541,-69.94951,,22.509,21.960,,,0.302,0.359,,0
3.550814,75.7311667,-68.5285,LMC,OGLE-LMC-HB-0069,RG,05 02 55.48,-68 31 42.6,LMC510.23.36207,OGLE-LMC-ECL-05863,16.519,18.207,178.12268868,9157.6079,0.087,0.2443,68.66,111.03,,1,1,Simbad,75.73383,-68.52865,,19.941,18.930,17.652,,0.068,0.063,0.056,0
0.459412,75.7788333,-70.6776667,LMC,OGLE-LMC-HB-0070,MS,05 03 06.92,-70 40 39.6,LMC508.30.21,,14.278,14.336,27.82349191,9024.0099,0.089,0.4761,28.89,89.48,ECL,0,0,Simbad,75.77908,-70.67757,13.420,14.243,14.371,14.267,0.030,0.028,0.022,0.028,10
4.647597,75.7788333,-70.6776667,LMC,OGLE-LMC-HB-0070,MS,05 03 06.92,-70 40 39.6,LMC508.30.21,,14.278,14.336,27.82349191,9024.0099,0.089,0.4761,28.89,89.48,ECL,0,0,Simbad,75.77691,-70.67879,20.438,20.178,20.037,19.650,0.176,0.058,0.096,0.121,10
0.609494,75.793125,-68.6433889,LMC,OGLE-LMC-HB-0071,MS,05 03 10.35,-68 38 36.2,LMC510.23.38,,14.648,14.486,6.21482724,9002.3327,0.023,0.1627,33.75,7.85,,1,0,Simbad,75.79315,-68.64322,13.441,14.215,14.330,14.411,0.048,0.031,0.031,0.043,10
3.361695,75.793125,-68.6433889,LMC,OGLE-LMC-HB-0071,MS,05 03 10.35,-68 38 36.2,LMC510.23.38,,14.648,14.486,6.21482724,9002.3327,0.023,0.1627,33.75,7.85,,1,0,Simbad,75.79520,-68.64394,17.974,18.209,18.287,18.439,0.070,0.096,0.090,0.085,10
0.065085,75.8234167,-67.0592222,LMC,OGLE-LMC-HB-0072,MS,05 03 17.62,-67 03 33.2,LMC511.31.66,OGLE-LMC-ECL-06035,15.379,15.193,4.57967996,9002.6274,0.019,0.3652,40.49,19.01,ECL,0,1,Simbad,75.82343,-67.05924,14.165,15.098,15.172,15.450,0.027,0.029,0.039,0.029,10
3.074428,75.8234167,-67.0592222,LMC,OGLE-LMC-HB-0072,MS,05 03 17.62,-67 03 33.2,LMC511.31.66,OGLE-LMC-ECL-06035,15.379,15.193,4.57967996,9002.6274,0.019,0.3652,40.49,19.01,ECL,0,1,Simbad,75.82452,-67.05996,19.013,19.172,19.047,,0.109,0.111,0.084,,0
3.387811,75.8234167,-67.0592222,LMC,OGLE-LMC-HB-0072,MS,05 03 17.62,-67 03 33.2,LMC511.31.66,OGLE-LMC-ECL-06035,15.379,15.193,4.57967996,9002.6274,0.019,0.3652,40.49,19.01,ECL,0,1,Simbad,75.82564,-67.05886,,21.889,20.584,,,0.307,0.165,,0
4.860556,75.8234167,-67.0592222,LMC,OGLE-LMC-HB-0072,MS,05 03 17.62,-67 03 33.2,LMC511.31.66,OGLE-LMC-ECL-06035,15.379,15.193,4.57967996,9002.6274,0.019,0.3652,40.49,19.01,ECL,0,1,Simbad,75.81997,-67.05907,21.386,19.826,18.732,17.968,0.418,0.153,0.062,0.050,0
4.997592,75.8234167,-67.0592222,LMC,OGLE-LMC-HB-0072,MS,05 03 17.62,-67 03 33.2,LMC511.31.66,OGLE-LMC-ECL-06035,15.379,15.193,4.57967996,9002.6274,0.019,0.3652,40.49,19.01,ECL,0,1,Simbad,75.82402,-67.06059,15.386,16.130,16.077,16.333,0.035,0.033,0.030,0.118,10
0.139123,75.8564583,-71.9450556,LMC,OGLE-LMC-HB-0073,RG,05 03 25.55,-71 56 42.2,LMC507.29.99,,16.012,17.343,202.15021441,9118.8874,0.027,0.2217,59.67,37.33,,1,0,Simbad,75.85633,-71.94505,20.009,18.756,17.427,16.020,0.120,0.033,0.038,0.042,10
2.322797,75.8564583,-71.9450556,LMC,OGLE-LMC-HB-0073,RG,05 03 25.55,-71 56 42.2,LMC507.29.99,,16.012,17.343,202.15021441,9118.8874,0.027,0.2217,59.67,37.33,,1,0,Simbad,75.85854,-71.94505,,20.968,20.470,,,0.098,0.090,,0
4.434896,75.8564583,-71.9450556,LMC,OGLE-LMC-HB-0073,RG,05 03 25.55,-71 56 42.2,LMC507.29.99,,16.012,17.343,202.15021441,9118.8874,0.027,0.2217,59.67,37.33,,1,0,Simbad,75.85602,-71.94628,,22.721,21.455,,,0.302,0.136,,0
4.665349,75.8564583,-71.9450556,LMC,OGLE-LMC-HB-0073,RG,05 03 25.55,-71 56 42.2,LMC507.29.99,,16.012,17.343,202.15021441,9118.8874,0.027,0.2217,59.67,37.33,,1,0,Simbad,75.85922,-71.94603,,20.942,19.899,18.867,,0.072,0.067,0.092,0
0.438025,75.922625,-69.3512778,LMC,OGLE-LMC-HB-0074,RG,05 03 41.43,-69 21 04.6,LMC509.30.34591,OGLE-LMC-ECL-06208,15.852,17.254,694.80083975,9631.7733,0.027,0.6332,64.91,87.93,ECL,1,1,Simbad,75.92283,-69.35118,20.276,18.473,17.068,15.754,0.242,0.037,0.051,0.039,10
2.264534,75.922625,-69.3512778,LMC,OGLE-LMC-HB-0074,RG,05 03 41.43,-69 21 04.6,LMC509.30.34591,OGLE-LMC-ECL-06208,15.852,17.254,694.80083975,9631.7733,0.027,0.6332,64.91,87.93,ECL,1,1,Simbad,75.92182,-69.35184,19.481,19.133,18.564,17.874,0.137,0.050,0.080,0.043,10
3.282280,75.922625,-69.3512778,LMC,OGLE-LMC-HB-0074,RG,05 03 41.43,-69 21 04.6,LMC509.30.34591,OGLE-LMC-ECL-06208,15.852,17.254,694.80083975,9631.7733,0.027,0.6332,64.91,87.93,ECL,1,1,Simbad,75.92520,-69.35136,,19.928,18.872,18.185,,0.119,0.131,0.070,0
3.519580,75.922625,-69.3512778,LMC,OGLE-LMC-HB-0074,RG,05 03 41.43,-69 21 04.6,LMC509.30.34591,OGLE-LMC-ECL-06208,15.852,17.254,694.80083975,9631.7733,0.027,0.6332,64.91,87.93,ECL,1,1,Simbad,75.92195,-69.35033,,21.331,20.971,,,0.168,0.232,,0
3.798571,75.922625,-69.3512778,LMC,OGLE-LMC-HB-0074,RG,05 03 41.43,-69 21 04.6,LMC509.30.34591,OGLE-LMC-ECL-06208,15.852,17.254,694.80083975,9631.7733,0.027,0.6332,64.91,87.93,ECL,1,1,Simbad,75.92394,-69.35033,17.599,17.699,17.588,17.810,0.061,0.046,0.064,0.053,10
4.046322,75.922625,-69.3512778,LMC,OGLE-LMC-HB-0074,RG,05 03 41.43,-69 21 04.6,LMC509.30.34591,OGLE-LMC-ECL-06208,15.852,17.254,694.80083975,9631.7733,0.027,0.6332,64.91,87.93,ECL,1,1,Simbad,75.91974,-69.35080,19.037,18.657,17.623,,0.152,0.077,0.086,,0
4.832329,75.922625,-69.3512778,LMC,OGLE-LMC-HB-0074,RG,05 03 41.43,-69 21 04.6,LMC509.30.34591,OGLE-LMC-ECL-06208,15.852,17.254,694.80083975,9631.7733,0.027,0.6332,64.91,87.93,ECL,1,1,Simbad,75.91882,-69.35120,17.947,17.729,17.344,,0.064,0.074,0.163,,0
0.457549,75.9731667,-70.6697222,LMC,OGLE-LMC-HB-0075,RG,05 03 53.56,-70 40 11.0,LMC508.29.20212,OGLE-LMC-ECL-06300,15.265,16.896,474.31274627,9119.3431,0.121,0.4174,72.1,111.9,OSARG,1,1,Simbad,75.97340,-70.66962,20.280,18.513,17.004,15.334,0.158,0.035,0.027,0.031,10
2.803657,75.9731667,-70.6697222,LMC,OGLE-LMC-HB-0075,RG,05 03 53.56,-70 40 11.0,LMC508.29.20212,OGLE-LMC-ECL-06300,15.265,16.896,474.31274627,9119.3431,0.121,0.4174,72.1,111.9,OSARG,1,1,Simbad,75.97392,-70.67046,20.886,21.798,21.704,,0.232,0.167,0.183,,0
3.239195,75.9731667,-70.6697222,LMC,OGLE-LMC-HB-0075,RG,05 03 53.56,-70 40 11.0,LMC508.29.20212,OGLE-LMC-ECL-06300,15.265,16.896,474.31274627,9119.3431,0.121,0.4174,72.1,111.9,OSARG,1,1,Simbad,75.97128,-70.67037,18.991,19.009,19.075,19.017,0.076,0.038,0.056,0.082,10
3.793192,75.9731667,-70.6697222,LMC,OGLE-LMC-HB-0075,RG,05 03 53.56,-70 40 11.0,LMC508.29.20212,OGLE-LMC-ECL-06300,15.265,16.896,474.31274627,9119.3431,0.121,0.4174,72.1,111.9,OSARG,1,1,Simbad,75.97001,-70.66960,,21.130,21.224,,,0.101,0.107,,0
0.432303,76.0963333,-70.37275,LMC,OGLE-LMC-HB-0076,RG,05 04 23.12,-70 22 21.9,LMC509.04.28801,,14.697,16.0,376.76566784,9253.2759,0.021,0.433,65.39,130.88,,1,0,Simbad,76.09632,-70.37263,18.815,17.387,16.131,14.787,0.068,0.044,0.032,0.039,10
2.950693,76.0963333,-70.37275,LMC,OGLE-LMC-HB-0076,RG,05 04 23.12,-70 22 21.9,LMC509.04.28801,,14.697,16.0,376.76566784,9253.2759,0.021,0.433,65.39,130.88,,1,0,Simbad,76.09596,-70.37194,19.130,19.098,18.841,18.947,0.086,0.078,0.074,0.092,10
3.533910,76.0963333,-70.37275,LMC,OGLE-LMC-HB-0076,RG,05 04 23.12,-70 22 21.9,LMC509.04.28801,,14.697,16.0,376.76566784,9253.2759,0.021,0.433,65.39,130.88,,1,0,Simbad,76.09892,-70.37321,20.767,20.420,20.097,19.986,0.260,0.079,0.103,0.151,10
4.144923,76.0963333,-70.37275,LMC,OGLE-LMC-HB-0076,RG,05 04 23.12,-70 22 21.9,LMC509.04.28801,,14.697,16.0,376.76566784,9253.2759,0.021,0.433,65.39,130.88,,1,0,Simbad,76.09818,-70.37178,,21.727,22.059,,,0.192,0.344,,0
4.151320,76.0963333,-70.37275,LMC,OGLE-LMC-HB-0076,RG,05 04 23.12,-70 22 21.9,LMC509.04.28801,,14.697,16.0,376.76566784,9253.2759,0.021,0.433,65.39,130.88,,1,0,Simbad,76.09479,-70.37172,,20.268,19.496,18.421,,0.198,0.141,0.089,0
0.103313,76.1742083,-65.2314167,LMC,OGLE-LMC-HB-0077,RG,05 04 41.81,-65 13 53.1,LMC513.14.80,OGLE-LMC-ECL-29144,15.864,17.111,312.8718428,9307.6767,0.013,0.297,49.03,19.19,ECL,0,1,Simbad,76.17427,-65.23141,19.163,18.277,17.154,16.004,0.073,0.049,0.024,0.043,10
4.140689,76.1742083,-65.2314167,LMC,OGLE-LMC-HB-0077,RG,05 04 41.81,-65 13 53.1,LMC513.14.80,OGLE-LMC-ECL-29144,15.864,17.111,312.8718428,9307.6767,0.013,0.297,49.03,19.19,ECL,0,1,Simbad,76.17156,-65.23172,20.158,20.154,19.402,18.666,0.196,0.060,0.046,0.075,10
4.240898,76.1742083,-65.2314167,LMC,OGLE-LMC-HB-0077,RG,05 04 41.81,-65 13 53.1,LMC513.14.80,OGLE-LMC-ECL-29144,15.864,17.111,312.8718428,9307.6767,0.013,0.297,49.03,19.19,ECL,0,1,Simbad,76.17177,-65.23083,,19.540,18.531,17.457,,0.068,0.029,0.046,0
0.356210,76.189625,-69.2523611,LMC,OGLE-LMC-HB-0078,RG,05 04 45.51,-69 15 08.5,LMC510.05.21,EROS2-star-lm010-0l-7392,13.838,15.356,661.15062181,9477.6988,0.018,0.3895,61.47,123.37,,1,0,Simbad,76.18979,-69.25228,18.601,16.807,15.205,13.809,0.086,0.036,0.032,0.038,10
3.163077,76.189625,-69.2523611,LMC,OGLE-LMC-HB-0078,RG,05 04 45.51,-69 15 08.5,LMC510.05.21,EROS2-star-lm010-0l-7392,13.838,15.356,661.15062181,9477.6988,0.018,0.3895,61.47,123.37,,1,0,Simbad,76.18779,-69.25177,19.644,19.350,18.970,,0.177,0.058,0.108,,0
3.340291,76.189625,-69.2523611,LMC,OGLE-LMC-HB-0078,RG,05 04 45.51,-69 15 08.5,LMC510.05.21,EROS2-star-lm010-0l-7392,13.838,15.356,661.15062181,9477.6988,0.018,0.3895,61.47,123.37,,1,0,Simbad,76.19131,-69.25307,19.357,21.223,19.797,,0.160,0.233,0.171,,0
4.066264,76.189625,-69.2523611,LMC,OGLE-LMC-HB-0078,RG,05 04 45.51,-69 15 08.5,LMC510.05.21,EROS2-star-lm010-0l-7392,13.838,15.356,661.15062181,9477.6988,0.018,0.3895,61.47,123.37,,1,0,Simbad,76.19274,-69.25212,,20.936,19.947,19.460,,0.104,0.116,0.188,0
4.233031,76.189625,-69.2523611,LMC,OGLE-LMC-HB-0078,RG,05 04 45.51,-69 15 08.5,LMC510.05.21,EROS2-star-lm010-0l-7392,13.838,15.356,661.15062181,9477.6988,0.018,0.3895,61.47,123.37,,1,0,Simbad,76.19166,-69.25329,,19.370,18.225,17.267,,0.193,0.230,0.050,0
0.462596,76.1952083,-70.2997778,LMC,OGLE-LMC-HB-0079,RG,05 04 46.85,-70 17 59.2,LMC509.04.29161,,15.807,17.183,251.4273362,9028.9007,0.045,0.3744,70.46,119.14,,1,0,Simbad,76.19517,-70.29965,20.073,18.612,17.276,15.878,0.141,0.067,0.124,0.046,10
2.239896,76.1952083,-70.2997778,LMC,OGLE-LMC-HB-0079,RG,05 04 46.85,-70 17 59.2,LMC509.04.29161,,15.807,17.183,251.4273362,9028.9007,0.045,0.3744,70.46,119.14,,1,0,Simbad,76.19391,-70.30022,,21.828,21.235,20.573,,0.190,0.175,0.257,0
2.491409,76.1952083,-70.2997778,LMC,OGLE-LMC-HB-0079,RG,05 04 46.85,-70 17 59.2,LMC509.04.29161,,15.807,17.183,251.4273362,9028.9007,0.045,0.3744,70.46,119.14,,1,0,Simbad,76.19619,-70.29917,,20.736,20.462,,,0.071,0.096,,0
3.732914,76.1952083,-70.2997778,LMC,OGLE-LMC-HB-0079,RG,05 04 46.85,-70 17 59.2,LMC509.04.29161,,15.807,17.183,251.4273362,9028.9007,0.045,0.3744,70.46,119.14,,1,0,Simbad,76.19269,-70.29918,,21.634,21.103,21.080,,0.145,0.107,0.250,0
0.228570,76.2093333,-72.0259722,LMC,OGLE-LMC-HB-0080,RG,05 04 50.24,-72 01 33.5,LMC507.28.4,,13.871,15.26,811.84032542,9491.7084,0.052,0.4729,74.28,94.8,OSARG/ECL,0,0,Simbad,76.20937,-72.02591,17.679,16.631,15.260,13.712,0.043,0.035,0.091,0.040,10
2.471747,76.2093333,-72.0259722,LMC,OGLE-LMC-HB-0080,RG,05 04 50.24,-72 01 33.5,LMC507.28.4,,13.871,15.26,811.84032542,9491.7084,0.052,0.4729,74.28,94.8,OSARG/ECL,0,0,Simbad,76.20875,-72.02531,,21.403,20.866,,,0.183,0.185,,0
2.650595,76.2093333,-72.0259722,LMC,OGLE-LMC-HB-0080,RG,05 04 50.24,-72 01 33.5,LMC507.28.4,,13.871,15.26,811.84032542,9491.7084,0.052,0.4729,74.28,94.8,OSARG/ECL,0,0,Simbad,76.21019,-72.02666,,20.525,19.416,18.478,,0.086,0.074,0.084,0
0.121988,76.2110417,-71.8681111,LMC,OGLE-LMC-HB-0081,RG,05 04 50.65,-71 52 05.2,LMC507.28.9270,,15.872,17.367,682.58902783,9010.1117,0.044,0.5329,89.46,123.08,,1,0,Simbad,76.21109,-71.86808,,18.801,17.371,15.846,,0.033,0.023,0.039,0
3.460375,76.2110417,-71.8681111,LMC,OGLE-LMC-HB-0081,RG,05 04 50.65,-71 52 05.2,LMC507.28.9270,,15.872,17.367,682.58902783,9010.1117,0.044,0.5329,89.46,123.08,,1,0,Simbad,76.21403,-71.86836,20.296,19.993,19.729,19.494,0.132,0.052,0.055,0.067,10
3.505166,76.2110417,-71.8681111,LMC,OGLE-LMC-HB-0081,RG,05 04 50.65,-71 52 05.2,LMC507.28.9270,,15.872,17.367,682.58902783,9010.1117,0.044,0.5329,89.46,123.08,,1,0,Simbad,76.21050,-71.86907,19.980,19.720,19.455,19.207,0.107,0.048,0.049,0.059,10
4.081024,76.2110417,-71.8681111,LMC,OGLE-LMC-HB-0081,RG,05 04 50.65,-71 52 05.2,LMC507.28.9270,,15.872,17.367,682.58902783,9010.1117,0.044,0.5329,89.46,123.08,,1,0,Simbad,76.21281,-71.86712,,21.995,21.180,20.664,,0.166,0.090,0.131,0
0.354105,76.27275,-70.2575278,LMC,OGLE-LMC-HB-0082,RG,05 05 05.46,-70 15 27.1,LMC509.04.28977,,15.086,16.584,449.24411032,9047.908,0.024,0.2045,70.57,24.1,OSARG,1,0,Simbad,76.27272,-70.25743,19.849,18.086,16.668,15.066,0.117,0.034,0.036,0.046,10
1.858818,76.27275,-70.2575278,LMC,OGLE-LMC-HB-0082,RG,05 05 05.46,-70 15 27.1,LMC509.04.28977,,15.086,16.584,449.24411032,9047.908,0.024,0.2045,70.57,24.1,OSARG,1,0,Simbad,76.27410,-70.25777,,21.281,21.109,,,0.145,0.317,,0
3.354305,76.27275,-70.2575278,LMC,OGLE-LMC-HB-0082,RG,05 05 05.46,-70 15 27.1,LMC509.04.28977,,15.086,16.584,449.24411032,9047.908,0.024,0.2045,70.57,24.1,OSARG,1,0,Simbad,76.27435,-70.25677,,21.606,20.809,,,0.314,0.124,,0
3.380974,76.27275,-70.2575278,LMC,OGLE-LMC-HB-0082,RG,05 05 05.46,-70 15 27.1,LMC509.04.28977,,15.086,16.584,449.24411032,9047.908,0.024,0.2045,70.57,24.1,OSARG,1,0,Simbad,76.27152,-70.25837,20.017,19.812,19.584,19.394,0.132,0.046,0.066,0.103,10
4.091107,76.27275,-70.2575278,LMC,OGLE-LMC-HB-0082,RG,05 05 05.46,-70 15 27.1,LMC509.04.28977,,15.086,16.584,449.24411032,9047.908,0.024,0.2045,70.57,24.1,OSARG,1,0,Simbad,76.27362,-70.25643,20.626,20.477,20.024,19.270,0.289,0.077,0.528,0.123,0
4.999407,76.27275,-70.2575278,LMC,OGLE-LMC-HB-0082,RG,05 05 05.46,-70 15 27.1,LMC509.04.28977,,15.086,16.584,449.24411032,9047.908,0.024,0.2045,70.57,24.1,OSARG,1,0,Simbad,76.26899,-70.25697,,20.626,19.377,18.329,,0.145,0.083,0.089,0
0.534548,76.288,-68.8100278,LMC,OGLE-LMC-HB-0083,RG,05 05 09.12,-68 48 36.1,LMC510.12.55826,2MASS-J05050911-6848361,14.37,15.572,205.4534104,9072.2551,0.065,0.175,62.36,59.97,,1,0,Simbad,76.28796,-68.80988,16.883,16.595,15.592,14.451,0.055,0.029,0.037,0.140,10
3.885148,76.288,-68.8100278,LMC,OGLE-LMC-HB-0083,RG,05 05 09.12,-68 48 36.1,LMC510.12.55826,2MASS-J05050911-6848361,14.37,15.572,205.4534104,9072.2551,0.065,0.175,62.36,59.97,,1,0,Simbad,76.28506,-68.80983,,19.839,19.137,18.175,,0.075,0.082,0.063,0
4.001764,76.288,-68.8100278,LMC,OGLE-LMC-HB-0083,RG,05 05 09.12,-68 48 36.1,LMC510.12.55826,2MASS-J05050911-6848361,14.37,15.572,205.4534104,9072.2551,0.065,0.175,62.36,59.97,,1,0,Simbad,76.28907,-68.81107,,18.219,16.738,15.248,,0.044,0.053,0.047,0
4.044309,76.288,-68.8100278,LMC,OGLE-LMC-HB-0083,RG,05 05 09.12,-68 48 36.1,LMC510.12.55826,2MASS-J05050911-6848361,14.37,15.572,205.4534104,9072.2551,0.065,0.175,62.36,59.97,,1,0,Simbad,76.28919,-68.80899,21.050,20.790,20.729,19.904,0.415,0.123,0.176,0.173,0
0.324967,76.5301667,-68.0999167,LMC,OGLE-LMC-HB-0084,MS,05 06 07.24,-68 05 59.7,LMC510.29.35110,,14.546,14.635,61.12133198,9003.5711,0.044,0.437,19.64,0.61,,1,0,Simbad,76.53033,-68.09985,13.788,14.678,14.623,14.602,0.049,0.035,0.033,0.046,10
4.818510,76.5301667,-68.0999167,LMC,OGLE-LMC-HB-0084,MS,05 06 07.24,-68 05 59.7,LMC510.29.35110,,14.546,14.635,61.12133198,9003.5711,0.044,0.437,19.64,0.61,,1,0,Simbad,76.52793,-68.09887,,20.997,20.718,20.257,,0.205,0.286,0.176,0
0.252601,76.5401667,-67.20125,LMC,OGLE-LMC-HB-0085,RG,05 06 09.64,-67 12 04.5,LMC511.21.19128,,15.514,16.767,227.61834488,9110.4687,0.035,0.2243,58.45,77.85,,1,0,Simbad,76.54015,-67.20118,18.589,18.022,16.792,15.432,0.095,0.031,0.033,0.159,10
2.943396,76.5401667,-67.20125,LMC,OGLE-LMC-HB-0085,RG,05 06 09.64,-67 12 04.5,LMC511.21.19128,,15.514,16.767,227.61834488,9110.4687,0.035,0.2243,58.45,77.85,,1,0,Simbad,76.54071,-67.20046,,20.709,20.660,20.269,,0.089,0.140,0.226,0
0.310740,76.5414167,-68.5313333,LMC,OGLE-LMC-HB-0086,RG,05 06 09.94,-68 31 52.8,LMC510.21.50887,,15.63,17.145,318.22056767,9213.3444,0.024,0.1517,71.76,37.92,,1,0,Simbad,76.54135,-68.53125,21.291,18.624,17.068,15.594,0.356,0.046,0.034,0.045,20
3.855815,76.5414167,-68.5313333,LMC,OGLE-LMC-HB-0086,RG,05 06 09.94,-68 31 52.8,LMC510.21.50887,,15.63,17.145,318.22056767,9213.3444,0.024,0.1517,71.76,37.92,,1,0,Simbad,76.54430,-68.53114,,21.605,21.474,20.610,,0.169,0.260,0.234,0
3.934952,76.5414167,-68.5313333,LMC,OGLE-LMC-HB-0086,RG,05 06 09.94,-68 31 52.8,LMC510.21.50887,,15.63,17.145,318.22056767,9213.3444,0.024,0.1517,71.76,37.92,,1,0,Simbad,76.54072,-68.53027,,20.564,19.841,19.531,,0.085,0.094,0.127,0
4.218787,76.5414167,-68.5313333,LMC,OGLE-LMC-HB-0086,RG,05 06 09.94,-68 31 52.8,LMC510.21.50887,,15.63,17.145,318.22056767,9213.3444,0.024,0.1517,71.76,37.92,,1,0,Simbad,76.54261,-68.53242,17.366,17.966,17.949,18.079,0.056,0.040,0.043,0.065,10
4.576443,76.5414167,-68.5313333,LMC,OGLE-LMC-HB-0086,RG,05 06 09.94,-68 31 52.8,LMC510.21.50887,,15.63,17.145,318.22056767,9213.3444,0.024,0.1517,71.76,37.92,,1,0,Simbad,76.54041,-68.53255,,21.460,21.317,20.461,,0.141,0.220,0.176,0
4.822871,76.5414167,-68.5313333,LMC,OGLE-LMC-HB-0086,RG,05 06 09.94,-68 31 52.8,LMC510.21.50887,,15.63,17.145,318.22056767,9213.3444,0.024,0.1517,71.76,37.92,,1,0,Simbad,76.54256,-68.53006,19.219,19.052,18.745,18.524,0.103,0.043,0.082,0.107,10
0.668646,76.545375,-69.8427222,LMC,OGLE-LMC-HB-0087,RG,05 06 10.89,-69 50 33.8,LMC509.20.110,EROS2-star-lm010-4m-15619,15.141,16.897,394.19183473,9092.2142,0.045,0.18,46.51,15.51,,1,0,Simbad,76.54527,-69.84254,,18.612,16.889,15.182,,0.032,0.044,0.040,0
2.199876,76.545375,-69.8427222,LMC,OGLE-LMC-HB-0087,RG,05 06 10.89,-69 50 33.8,LMC509.20.110,EROS2-star-lm010-4m-15619,15.141,16.897,394.19183473,9092.2142,0.045,0.18,46.51,15.51,,1,0,Simbad,76.54362,-69.84281,,20.312,19.356,18.417,,0.054,0.076,0.088,0
3.598171,76.545375,-69.8427222,LMC,OGLE-LMC-HB-0087,RG,05 06 10.89,-69 50 33.8,LMC509.20.110,EROS2-star-lm010-4m-15619,15.141,16.897,394.19183473,9092.2142,0.045,0.18,46.51,15.51,,1,0,Simbad,76.54716,-69.84351,,21.833,20.688,20.338,,0.127,0.134,0.178,0
3.605655,76.545375,-69.8427222,LMC,OGLE-LMC-HB-0087,RG,05 06 10.89,-69 50 33.8,LMC509.20.110,EROS2-star-lm010-4m-15619,15.141,16.897,394.19183473,9092.2142,0.045,0.18,46.51,15.51,,1,0,Simbad,76.54428,-69.84365,,20.583,19.369,18.407,,0.062,0.087,0.059,0
4.734083,76.545375,-69.8427222,LMC,OGLE-LMC-HB-0087,RG,05 06 10.89,-69 50 33.8,LMC509.20.110,EROS2-star-lm010-4m-15619,15.141,16.897,394.19183473,9092.2142,0.045,0.18,46.51,15.51,,1,0,Simbad,76.54394,-69.84394,20.415,20.934,20.486,20.762,0.233,0.189,0.124,0.234,0
0.298348,76.5671667,-71.0879722,LMC,OGLE-LMC-HB-0088,RG,05 06 16.12,-71 05 16.7,LMC508.20.53,,15.107,16.622,278.18774963,9064.6808,0.033,0.2458,52.31,65.01,,1,0,Simbad,76.56720,-71.08789,19.785,18.138,16.589,15.160,0.115,0.032,0.027,0.028,10
0.269468,76.5703333,-71.2490833,LMC,OGLE-LMC-HB-0089,RG,05 06 16.88,-71 14 56.7,LMC508.11.12166,OGLE-LMC-ECL-07389,15.722,17.176,300.31313109,9238.7238,0.06,0.283,68.81,121.24,,1,1,Simbad,76.57038,-71.24901,19.966,18.619,17.134,15.728,0.186,0.039,0.024,0.031,10
2.017706,76.5703333,-71.2490833,LMC,OGLE-LMC-HB-0089,RG,05 06 16.88,-71 14 56.7,LMC508.11.12166,OGLE-LMC-ECL-07389,15.722,17.176,300.31313109,9238.7238,0.06,0.283,68.81,121.24,,1,1,Simbad,76.57140,-71.24864,18.829,19.127,19.102,19.412,0.068,0.049,0.070,0.139,10
0.524122,76.572375,-69.6593333,LMC,OGLE-LMC-HB-0090,RG,05 06 17.37,-69 39 33.6,LMC509.20.33397,,15.815,17.273,241.91924748,9024.359,0.028,0.1217,65.51,121.45,,1,0,Simbad,76.57245,-69.65919,,18.720,17.193,15.839,,0.037,0.068,0.041,0
2.986760,76.572375,-69.6593333,LMC,OGLE-LMC-HB-0090,RG,05 06 17.37,-69 39 33.6,LMC509.20.33397,,15.815,17.273,241.91924748,9024.359,0.028,0.1217,65.51,121.45,,1,0,Simbad,76.57427,-69.65984,,19.918,19.631,19.352,,0.050,0.127,0.078,0
3.942248,76.572375,-69.6593333,LMC,OGLE-LMC-HB-0090,RG,05 06 17.37,-69 39 33.6,LMC509.20.33397,,15.815,17.273,241.91924748,9024.359,0.028,0.1217,65.51,121.45,,1,0,Simbad,76.57277,-69.66042,20.310,20.072,19.054,18.150,0.221,0.049,0.124,0.061,10
4.338878,76.572375,-69.6593333,LMC,OGLE-LMC-HB-0090,RG,05 06 17.37,-69 39 33.6,LMC509.20.33397,,15.815,17.273,241.91924748,9024.359,0.028,0.1217,65.51,121.45,,1,0,Simbad,76.57059,-69.65830,,20.965,20.422,20.307,,0.075,0.241,0.176,0
4.636659,76.572375,-69.6593333,LMC,OGLE-LMC-HB-0090,RG,05 06 17.37,-69 39 33.6,LMC509.20.33397,,15.815,17.273,241.91924748,9024.359,0.028,0.1217,65.51,121.45,,1,0,Simbad,76.57608,-69.65932,,21.255,20.494,20.121,,0.137,0.152,0.134,0
0.450366,76.6339583,-71.0228611,LMC,OGLE-LMC-HB-0091,RG,05 06 32.15,-71 01 22.3,LMC508.20.91,,15.436,16.853,302.97045866,9213.4702,0.02,0.1898,62.29,4.73,,1,0,Simbad,76.63405,-71.02274,19.477,18.209,16.797,15.470,0.107,0.043,0.024,0.030,10
0.261938,76.639625,-69.9557222,LMC,OGLE-LMC-HB-0092,RG,05 06 33.51,-69 57 20.6,LMC509.11.29072,,15.571,17.153,478.94388079,9284.559,0.04,0.4118,68.13,91.92,,1,0,Simbad,76.63951,-69.95566,20.733,18.526,16.986,15.358,0.217,0.040,0.037,0.050,10
2.843619,76.639625,-69.9557222,LMC,OGLE-LMC-HB-0092,RG,05 06 33.51,-69 57 20.6,LMC509.11.29072,,15.571,17.153,478.94388079,9284.559,0.04,0.4118,68.13,91.92,,1,0,Simbad,76.64115,-69.95513,20.460,20.348,19.816,19.813,0.190,0.059,0.109,0.126,10
3.016538,76.639625,-69.9557222,LMC,OGLE-LMC-HB-0092,RG,05 06 33.51,-69 57 20.6,LMC509.11.29072,,15.571,17.153,478.94388079,9284.559,0.04,0.4118,68.13,91.92,,1,0,Simbad,76.63966,-69.95656,20.547,20.378,19.291,18.497,0.207,0.088,0.089,0.097,10
4.168102,76.639625,-69.9557222,LMC,OGLE-LMC-HB-0092,RG,05 06 33.51,-69 57 20.6,LMC509.11.29072,,15.571,17.153,478.94388079,9284.559,0.04,0.4118,68.13,91.92,,1,0,Simbad,76.63798,-69.95471,21.027,20.133,19.238,18.199,0.309,0.163,0.144,0.133,10
4.232905,76.639625,-69.9557222,LMC,OGLE-LMC-HB-0092,RG,05 06 33.51,-69 57 20.6,LMC509.11.29072,,15.571,17.153,478.94388079,9284.559,0.04,0.4118,68.13,91.92,,1,0,Simbad,76.63759,-69.95667,,20.685,19.521,18.753,,0.140,0.087,0.105,0
0.304577,76.6554583,-70.5634444,LMC,OGLE-LMC-HB-0093,MS,05 06 37.31,-70 33 48.4,LMC508.28.22525,,14.131,14.253,19.88352982,9010.557,0.035,0.3491,13.57,111.93,,1,0,Simbad,76.65547,-70.56336,13.254,14.187,14.338,14.250,0.037,0.043,0.041,0.042,10
4.911699,76.6554583,-70.5634444,LMC,OGLE-LMC-HB-0093,MS,05 06 37.31,-70 33 48.4,LMC508.28.22525,,14.131,14.253,19.88352982,9010.557,0.035,0.3491,13.57,111.93,,1,0,Simbad,76.65176,-70.56403,,21.345,20.840,19.626,,0.174,0.154,0.116,0
0.181319,76.6720833,-69.1011389,LMC,OGLE-LMC-HB-0094,RG,05 06 41.30,-69 06 04.1,LMC510.04.57410,,14.828,16.265,238.30657515,9009.4628,0.041,0.2467,51.65,36.12,,1,0,Simbad,76.67205,-69.10109,19.072,17.423,16.169,15.043,0.136,0.054,0.071,0.046,10
3.511821,76.6720833,-69.1011389,LMC,OGLE-LMC-HB-0094,RG,05 06 41.30,-69 06 04.1,LMC510.04.57410,,14.828,16.265,238.30657515,9009.4628,0.041,0.2467,51.65,36.12,,1,0,Simbad,76.67392,-69.10186,20.595,19.912,19.268,18.522,0.289,0.134,0.126,0.078,10
3.921755,76.6720833,-69.1011389,LMC,OGLE-LMC-HB-0094,RG,05 06 41.30,-69 06 04.1,LMC510.04.57410,,14.828,16.265,238.30657515,9009.4628,0.041,0.2467,51.65,36.12,,1,0,Simbad,76.66969,-69.10046,19.899,19.584,19.774,19.818,0.142,0.061,0.106,0.130,10
4.681810,76.6720833,-69.1011389,LMC,OGLE-LMC-HB-0094,RG,05 06 41.30,-69 06 04.1,LMC510.04.57410,,14.828,16.265,238.30657515,9009.4628,0.041,0.2467,51.65,36.12,,1,0,Simbad,76.67128,-69.09987,19.529,19.151,18.618,18.039,0.130,0.064,0.068,0.099,10
4.752075,76.6720833,-69.1011389,LMC,OGLE-LMC-HB-0094,RG,05 06 41.30,-69 06 04.1,LMC510.04.57410,,14.828,16.265,238.30657515,9009.4628,0.041,0.2467,51.65,36.12,,1,0,Simbad,76.66844,-69.10136,,20.248,20.840,,,0.109,0.278,,0
0.384856,76.6914583,-68.5691667,LMC,OGLE-LMC-HB-0095,RG,05 06 45.95,-68 34 09.0,,,15.863,17.61,289.61230174,9253.1801,0.058,0.2937,70.26,168.98,,1,0,Simbad,76.69147,-68.56906,,18.982,17.406,15.727,,0.138,0.061,0.058,0
3.192046,76.6914583,-68.5691667,LMC,OGLE-LMC-HB-0095,RG,05 06 45.95,-68 34 09.0,,,15.863,17.61,289.61230174,9253.1801,0.058,0.2937,70.26,168.98,,1,0,Simbad,76.69167,-68.57005,20.562,19.940,19.048,18.255,0.279,0.088,0.074,0.089,10
3.255829,76.6914583,-68.5691667,LMC,OGLE-LMC-HB-0095,RG,05 06 45.95,-68 34 09.0,,,15.863,17.61,289.61230174,9253.1801,0.058,0.2937,70.26,168.98,,1,0,Simbad,76.68899,-68.56913,21.285,20.885,20.599,,0.533,0.187,0.118,,0
3.649385,76.6914583,-68.5691667,LMC,OGLE-LMC-HB-0095,RG,05 06 45.95,-68 34 09.0,,,15.863,17.61,289.61230174,9253.1801,0.058,0.2937,70.26,168.98,,1,0,Simbad,76.68998,-68.56831,,20.589,19.547,18.510,,0.208,0.131,0.126,0
4.457596,76.6914583,-68.5691667,LMC,OGLE-LMC-HB-0095,RG,05 06 45.95,-68 34 09.0,,,15.863,17.61,289.61230174,9253.1801,0.058,0.2937,70.26,168.98,,1,0,Simbad,76.69482,-68.56901,19.795,19.970,19.609,19.037,0.180,0.091,0.137,0.126,10
4.462934,76.6914583,-68.5691667,LMC,OGLE-LMC-HB-0095,RG,05 06 45.95,-68 34 09.0,,,15.863,17.61,289.61230174,9253.1801,0.058,0.2937,70.26,168.98,,1,0,Simbad,76.69468,-68.56955,,20.218,19.812,20.037,,0.108,0.139,0.255,0
4.984470,76.6914583,-68.5691667,LMC,OGLE-LMC-HB-0095,RG,05 06 45.95,-68 34 09.0,,,15.863,17.61,289.61230174,9253.1801,0.058,0.2937,70.26,168.98,,1,0,Simbad,76.68981,-68.56792,19.941,19.847,19.875,19.952,0.153,0.126,0.117,0.246,0
0.197512,76.741625,-68.3068333,LMC,OGLE-LMC-HB-0096,RG,05 06 57.99,-68 18 24.6,LMC510.28.163,2MASS-J05065800-6818245,15.319,17.003,376.97312492,9143.4859,0.066,0.1904,88.72,124.9,OSARG,1,0,Simbad,76.74159,-68.30678,20.104,18.431,16.894,15.175,0.174,0.091,0.055,0.060,10
3.813308,76.741625,-68.3068333,LMC,OGLE-LMC-HB-0096,RG,05 06 57.99,-68 18 24.6,LMC510.28.163,2MASS-J05065800-6818245,15.319,17.003,376.97312492,9143.4859,0.066,0.1904,88.72,124.9,OSARG,1,0,Simbad,76.73890,-68.30650,20.789,21.022,20.736,,0.333,0.095,0.128,,0
0.441019,76.746,-68.0536389,LMC,OGLE-LMC-HB-0097,RG,05 06 59.04,-68 03 13.1,LMC511.04.75,,15.343,16.845,323.39347589,9099.834,0.021,0.2023,62.63,105.45,,0,0,Simbad,76.74615,-68.05353,19.179,18.162,16.667,15.361,0.124,0.030,0.053,0.041,10
4.104404,76.746,-68.0536389,LMC,OGLE-LMC-HB-0097,RG,05 06 59.04,-68 03 13.1,LMC511.04.75,,15.343,16.845,323.39347589,9099.834,0.021,0.2023,62.63,105.45,,0,0,Simbad,76.74656,-68.05476,,20.419,20.006,20.009,,0.174,0.084,0.123,0
4.550581,76.746,-68.0536389,LMC,OGLE-LMC-HB-0097,RG,05 06 59.04,-68 03 13.1,LMC511.04.75,,15.343,16.845,323.39347589,9099.834,0.021,0.2023,62.63,105.45,,0,0,Simbad,76.74454,-68.05478,19.895,19.990,18.864,18.002,0.154,0.043,0.077,0.051,10
0.176349,76.84475,-71.7203889,LMC,OGLE-LMC-HB-0098,RG,05 07 22.74,-71 43 13.4,LMC508.02.106,,15.985,17.459,382.90985992,9005.9436,0.026,0.4011,50.66,152.8,,1,0,Simbad,76.84476,-71.72034,,18.893,17.482,16.053,,0.035,0.027,0.041,0
3.613970,76.84475,-71.7203889,LMC,OGLE-LMC-HB-0098,RG,05 07 22.74,-71 43 13.4,LMC508.02.106,,15.985,17.459,382.90985992,9005.9436,0.026,0.4011,50.66,152.8,,1,0,Simbad,76.84155,-71.72041,,21.767,20.625,19.749,,0.165,0.096,0.087,0
3.649764,76.84475,-71.7203889,LMC,OGLE-LMC-HB-0098,RG,05 07 22.74,-71 43 13.4,LMC508.02.106,,15.985,17.459,382.90985992,9005.9436,0.026,0.4011,50.66,152.8,,1,0,Simbad,76.84272,-71.71960,,20.025,20.199,19.839,,0.056,0.119,0.089,0
0.081205,76.8570417,-71.3647222,LMC,OGLE-LMC-HB-0099,RG,05 07 25.69,-71 21 53.0,LMC508.10.59,,15.008,16.402,408.85526571,9187.9958,0.016,0.1672,41.87,154.37,,1,0,Simbad,76.85703,-71.36470,18.631,17.724,16.378,15.042,0.067,0.030,0.024,0.028,10
4.858952,76.8570417,-71.3647222,LMC,OGLE-LMC-HB-0099,RG,05 07 25.69,-71 21 53.0,LMC508.10.59,,15.008,16.402,408.85526571,9187.9958,0.016,0.1672,41.87,154.37,,1,0,Simbad,76.86119,-71.36446,,22.156,22.194,21.021,,0.268,0.278,0.340,0
0.213650,76.9084167,-68.1223889,LMC,OGLE-LMC-HB-0100,RG,05 07 38.02,-68 07 20.6,LMC510.28.36446,OGLE-LMC-ECL-29660,15.137,16.726,667.54692493,9555.5672,0.034,0.462,49.11,116.89,ECL,0,1,Simbad,76.90844,-68.12233,19.968,18.347,16.736,15.093,0.152,0.058,0.036,0.040,10
2.814194,76.9084167,-68.1223889,LMC,OGLE-LMC-HB-0100,RG,05 07 38.02,-68 07 20.6,LMC510.28.36446,OGLE-LMC-ECL-29660,15.137,16.726,667.54692493,9555.5672,0.034,0.462,49.11,116.89,ECL,0,1,Simbad,76.90695,-68.12183,20.712,20.242,19.263,18.147,0.268,0.069,0.067,0.093,10
3.128643,76.9084167,-68.1223889,LMC,OGLE-LMC-HB-0100,RG,05 07 38.02,-68 07 20.6,LMC510.28.36446,OGLE-LMC-ECL-29660,15.137,16.726,667.54692493,9555.5672,0.034,0.462,49.11,116.89,ECL,0,1,Simbad,76.90933,-68.12159,21.528,21.071,20.159,19.145,0.532,0.085,0.071,0.087,0
3.179558,76.9084167,-68.1223889,LMC,OGLE-LMC-HB-0100,RG,05 07 38.02,-68 07 20.6,LMC510.28.36446,OGLE-LMC-ECL-29660,15.137,16.726,667.54692493,9555.5672,0.034,0.462,49.11,116.89,ECL,0,1,Simbad,76.90668,-68.12299,20.892,21.018,20.792,20.347,0.272,0.110,0.134,0.173,0
4.638800,76.9084167,-68.1223889,LMC,OGLE-LMC-HB-0100,RG,05 07 38.02,-68 07 20.6,LMC510.28.36446,OGLE-LMC-ECL-29660,15.137,16.726,667.54692493,9555.5672,0.034,0.462,49.11,116.89,ECL,0,1,Simbad,76.91156,-68.12293,,20.673,20.459,20.034,,0.145,0.124,0.164,0
4.901602,76.9084167,-68.1223889,LMC,OGLE-LMC-HB-0100,RG,05 07 38.02,-68 07 20.6,LMC510.28.36446,OGLE-LMC-ECL-29660,15.137,16.726,667.54692493,9555.5672,0.034,0.462,49.11,116.89,ECL,0,1,Simbad,76.91179,-68.12187,,20.477,20.080,20.122,,0.271,0.074,0.161,0
0.360588,76.92775,-71.5410833,LMC,OGLE-LMC-HB-0101,RG,05 07 42.66,-71 32 27.9,LMC508.02.11427,EROS2-star-lm055-7m-6696,15.019,16.562,371.67919299,9091.3218,0.072,0.3403,67.7,34.27,TEO,1,0,Simbad,76.92763,-71.54099,19.774,18.075,16.569,15.020,0.089,0.031,0.030,0.049,10
0.346473,76.9530833,-69.0586944,LMC,OGLE-LMC-HB-0102,RG,05 07 48.74,-69 03 31.3,LMC510.03.54301,,16.14,17.517,215.26091629,9003.6597,0.024,0.1942,67.75,162.58,,1,0,Simbad,76.95314,-69.05860,20.701,18.340,17.490,16.286,0.165,0.113,0.056,0.063,20
4.204604,76.9530833,-69.0586944,LMC,OGLE-LMC-HB-0102,RG,05 07 48.74,-69 03 31.3,LMC510.03.54301,,16.14,17.517,215.26091629,9003.6597,0.024,0.1942,67.75,162.58,,1,0,Simbad,76.95437,-69.05762,19.107,18.243,17.370,16.484,0.095,0.044,0.051,0.051,10
4.838268,76.9530833,-69.0586944,LMC,OGLE-LMC-HB-0102,RG,05 07 48.74,-69 03 31.3,LMC510.03.54301,,16.14,17.517,215.26091629,9003.6597,0.024,0.1942,67.75,162.58,,1,0,Simbad,76.94933,-69.05865,21.439,20.887,20.333,,0.379,0.122,0.095,,0
0.165373,76.9884167,-67.0309722,LMC,OGLE-LMC-HB-0103,RG,05 07 57.22,-67 01 51.5,LMC511.28.88,,15.386,16.954,633.27287521,9437.5395,0.028,0.5115,47.81,166.15,,1,0,Simbad,76.98837,-67.03093,19.685,18.426,16.898,15.387,0.189,0.033,0.025,0.512,0
2.573583,76.9884167,-67.0309722,LMC,OGLE-LMC-HB-0103,RG,05 07 57.22,-67 01 51.5,LMC511.28.88,,15.386,16.954,633.27287521,9437.5395,0.028,0.5115,47.81,166.15,,1,0,Simbad,76.98876,-67.03027,,19.925,18.737,17.788,,0.066,0.035,0.042,0
0.197924,77.0067083,-68.2509444,LMC,OGLE-LMC-HB-0104,RG,05 08 01.61,-68 15 03.4,LMC510.28.226,,15.917,17.385,222.03223366,9201.7614,0.064,0.2845,47.37,27.41,ECL,1,0,Simbad,77.00673,-68.25089,,18.874,17.413,15.857,,0.046,0.042,0.043,0
3.663331,77.0067083,-68.2509444,LMC,OGLE-LMC-HB-0104,RG,05 08 01.61,-68 15 03.4,LMC510.28.226,,15.917,17.385,222.03223366,9201.7614,0.064,0.2845,47.37,27.41,ECL,1,0,Simbad,77.00603,-68.25193,,20.689,19.727,,,0.081,0.060,,0
4.506572,77.0067083,-68.2509444,LMC,OGLE-LMC-HB-0104,RG,05 08 01.61,-68 15 03.4,LMC510.28.226,,15.917,17.385,222.03223366,9201.7614,0.064,0.2845,47.37,27.41,ECL,1,0,Simbad,77.00355,-68.25050,,21.646,21.076,,,0.160,0.126,,0
0.442006,77.025,-69.5345833,LMC,OGLE-LMC-HB-0105,RG,05 08 06.00,-69 32 04.5,LMC509.27.403,OGLE-LMC-ECL-29749,16.086,17.481,414.42162698,9286.5542,0.018,0.295,57.07,109.9,,1,1,Simbad,77.02514,-69.53447,20.380,18.812,17.297,16.003,0.263,0.057,0.050,0.045,10
3.755842,77.025,-69.5345833,LMC,OGLE-LMC-HB-0105,RG,05 08 06.00,-69 32 04.5,LMC509.27.403,OGLE-LMC-ECL-29749,16.086,17.481,414.42162698,9286.5542,0.018,0.295,57.07,109.9,,1,1,Simbad,77.02500,-69.53354,,20.734,20.088,,,0.159,0.221,,0
0.425171,77.027125,-70.0172778,LMC,OGLE-LMC-HB-0106,RG,05 08 06.51,-70 01 02.2,LMC509.10.31276,,13.257,14.794,1264.71079183,9673.5873,0.033,0.4903,51.59,149.38,,1,0,Simbad,77.02738,-70.01720,17.914,16.390,14.774,13.209,0.051,0.035,0.035,0.198,10
3.952085,77.027125,-70.0172778,LMC,OGLE-LMC-HB-0106,RG,05 08 06.51,-70 01 02.2,LMC509.10.31276,,13.257,14.794,1264.71079183,9673.5873,0.033,0.4903,51.59,149.38,,1,0,Simbad,77.02569,-70.01826,,21.211,20.170,,,0.140,0.138,,0
4.578205,77.027125,-70.0172778,LMC,OGLE-LMC-HB-0106,RG,05 08 06.51,-70 01 02.2,LMC509.10.31276,,13.257,14.794,1264.71079183,9673.5873,0.033,0.4903,51.59,149.38,,1,0,Simbad,77.02596,-70.01607,21.380,20.555,19.721,18.862,0.460,0.099,0.170,0.165,0
0.320072,77.0295,-71.1807222,LMC,OGLE-LMC-HB-0107,MS,05 08 07.08,-71 10 50.6,LMC508.10.13632,OGLE-LMC-ECL-29752,15.019,14.876,8.20401502,9004.1562,0.015,0.5017,31.69,121.37,ECL,0,1,Simbad,77.02940,-71.18064,,14.699,14.788,,,0.180,0.053,,0
3.184554,77.0295,-71.1807222,LMC,OGLE-LMC-HB-0107,MS,05 08 07.08,-71 10 50.6,LMC508.10.13632,OGLE-LMC-ECL-29752,15.019,14.876,8.20401502,9004.1562,0.015,0.5017,31.69,121.37,ECL,0,1,Simbad,77.02857,-71.17989,,21.440,19.748,19.237,,0.411,0.141,0.083,0
3.490943,77.0295,-71.1807222,LMC,OGLE-LMC-HB-0107,MS,05 08 07.08,-71 10 50.6,LMC508.10.13632,OGLE-LMC-ECL-29752,15.019,14.876,8.20401502,9004.1562,0.015,0.5017,31.69,121.37,ECL,0,1,Simbad,77.02662,-71.18100,,21.859,20.154,20.022,,0.353,0.118,0.166,0
0.230220,77.0662917,-69.2418611,LMC,OGLE-LMC-HB-0108,RG,05 08 15.91,-69 14 30.7,LMC510.03.218,,15.673,16.991,220.29451836,9031.6033,0.02,0.1827,67.27,35.89,,1,0,Simbad,77.06640,-69.24181,19.782,18.202,16.847,15.617,0.131,0.036,0.047,0.049,10
1.612677,77.0662917,-69.2418611,LMC,OGLE-LMC-HB-0108,RG,05 08 15.91,-69 14 30.7,LMC510.03.218,,15.673,16.991,220.29451836,9031.6033,0.02,0.1827,67.27,35.89,,1,0,Simbad,77.06557,-69.24223,,20.850,19.964,,,0.221,0.154,,0
2.916963,77.0662917,-69.2418611,LMC,OGLE-LMC-HB-0108,RG,05 08 15.91,-69 14 30.7,LMC510.03.218,,15.673,16.991,220.29451836,9031.6033,0.02,0.1827,67.27,35.89,,1,0,Simbad,77.06857,-69.24182,,21.160,20.274,19.999,,0.172,0.138,0.197,0
2.955200,77.0662917,-69.2418611,LMC,OGLE-LMC-HB-0108,RG,05 08 15.91,-69 14 30.7,LMC510.03.218,,15.673,16.991,220.29451836,9031.6033,0.02,0.1827,67.27,35.89,,1,0,Simbad,77.06734,-69.24113,,21.386,20.685,,,0.212,0.260,,0
0.523077,77.074125,-68.6619444,LMC,OGLE-LMC-HB-0109,RG,05 08 17.79,-68 39 43.0,LMC510.20.63,EROS2-star-lm018-4l-25595,14.168,15.584,477.31926296,9468.7617,0.014,0.3978,19.12,19.29,TEO,1,0,Simbad,77.07408,-68.66180,18.052,16.917,15.538,14.174,0.062,0.028,0.035,0.056,10
2.872590,77.074125,-68.6619444,LMC,OGLE-LMC-HB-0109,RG,05 08 17.79,-68 39 43.0,LMC510.20.63,EROS2-star-lm018-4l-25595,14.168,15.584,477.31926296,9468.7617,0.014,0.3978,19.12,19.29,TEO,1,0,Simbad,77.07247,-68.66247,19.773,19.841,19.766,,0.147,0.091,0.096,,0
3.936194,77.074125,-68.6619444,LMC,OGLE-LMC-HB-0109,RG,05 08 17.79,-68 39 43.0,LMC510.20.63,EROS2-star-lm018-4l-25595,14.168,15.584,477.31926296,9468.7617,0.014,0.3978,19.12,19.29,TEO,1,0,Simbad,77.07333,-68.66089,,20.215,19.734,19.895,,0.081,0.177,0.307,0
3.976246,77.074125,-68.6619444,LMC,OGLE-LMC-HB-0109,RG,05 08 17.79,-68 39 43.0,LMC510.20.63,EROS2-star-lm018-4l-25595,14.168,15.584,477.31926296,9468.7617,0.014,0.3978,19.12,19.29,TEO,1,0,Simbad,77.07716,-68.66201,,20.479,19.690,18.522,,0.093,0.141,0.140,0
4.163881,77.074125,-68.6619444,LMC,OGLE-LMC-HB-0109,RG,05 08 17.79,-68 39 43.0,LMC510.20.63,EROS2-star-lm018-4l-25595,14.168,15.584,477.31926296,9468.7617,0.014,0.3978,19.12,19.29,TEO,1,0,Simbad,77.07559,-68.66297,,21.574,21.569,,,0.152,0.268,,0
0.183839,77.0774583,-70.6277778,LMC,OGLE-LMC-HB-0110,MS,05 08 18.59,-70 37 40.0,LMC508.27.25058,OGLE-LMC-ECL-08260,16.807,17.088,7.49808883,9006.0436,0.031,0.3271,45.66,179.35,ECL,0,1,Simbad,77.07754,-70.62782,17.072,17.182,17.065,16.900,0.045,0.047,0.030,0.049,10
2.637101,77.0774583,-70.6277778,LMC,OGLE-LMC-HB-0110,MS,05 08 18.59,-70 37 40.0,LMC508.27.25058,OGLE-LMC-ECL-08260,16.807,17.088,7.49808883,9006.0436,0.031,0.3271,45.66,179.35,ECL,0,1,Simbad,77.07771,-70.62705,,21.099,20.700,20.334,,0.110,0.094,0.170,0
3.211683,77.0774583,-70.6277778,LMC,OGLE-LMC-HB-0110,MS,05 08 18.59,-70 37 40.0,LMC508.27.25058,OGLE-LMC-ECL-08260,16.807,17.088,7.49808883,9006.0436,0.031,0.3271,45.66,179.35,ECL,0,1,Simbad,77.07880,-70.62855,19.924,19.857,19.106,18.343,0.134,0.073,0.052,0.056,10
3.989392,77.0774583,-70.6277778,LMC,OGLE-LMC-HB-0110,MS,05 08 18.59,-70 37 40.0,LMC508.27.25058,OGLE-LMC-ECL-08260,16.807,17.088,7.49808883,9006.0436,0.031,0.3271,45.66,179.35,ECL,0,1,Simbad,77.07903,-70.62680,21.069,21.665,22.199,,0.318,0.178,0.328,,0
4.847596,77.0774583,-70.6277778,LMC,OGLE-LMC-HB-0110,MS,05 08 18.59,-70 37 40.0,LMC508.27.25058,OGLE-LMC-ECL-08260,16.807,17.088,7.49808883,9006.0436,0.031,0.3271,45.66,179.35,ECL,0,1,Simbad,77.07837,-70.62909,,21.130,20.881,21.063,,0.120,0.108,0.259,0
0.304904,77.1927917,-69.3409722,LMC,OGLE-LMC-HB-0111,RG,05 08 46.27,-69 20 27.5,LMC509.27.46503,OGLE-LMC-ECL-08446,15.538,17.329,468.96451404,9054.6494,0.024,0.1224,69.94,44.23,ECL,0,1,Simbad,77.19285,-69.34089,,19.063,17.276,15.570,,0.055,0.217,0.042,0
3.122050,77.1927917,-69.3409722,LMC,OGLE-LMC-HB-0111,RG,05 08 46.27,-69 20 27.5,LMC509.27.46503,OGLE-LMC-ECL-08446,15.538,17.329,468.96451404,9054.6494,0.024,0.1224,69.94,44.23,ECL,0,1,Simbad,77.19455,-69.34158,19.537,19.194,18.807,18.666,0.119,0.044,0.069,0.067,10
0.191894,77.3405,-68.49,LMC,OGLE-LMC-HB-0112,RG,05 09 21.72,-68 29 24.0,LMC510.19.47355,OGLE-LMC-ECL-08689,13.602,14.867,424.14805616,9075.1758,0.066,0.2603,82.49,166.19,ECL,1,1,Simbad,77.34045,-68.48995,15.985,15.799,14.777,13.514,0.061,0.085,0.031,0.037,10
2.713933,77.3405,-68.49,LMC,OGLE-LMC-HB-0112,RG,05 09 21.72,-68 29 24.0,LMC510.19.47355,OGLE-LMC-ECL-08689,13.602,14.867,424.14805616,9075.1758,0.066,0.2603,82.49,166.19,ECL,1,1,Simbad,77.33922,-68.49059,19.759,20.188,20.134,,0.176,0.092,0.140,,0
3.871181,77.3405,-68.49,LMC,OGLE-LMC-HB-0112,RG,05 09 21.72,-68 29 24.0,LMC510.19.47355,OGLE-LMC-ECL-08689,13.602,14.867,424.14805616,9075.1758,0.066,0.2603,82.49,166.19,ECL,1,1,Simbad,77.34342,-68.49010,19.719,18.538,16.786,14.823,0.203,0.047,0.044,0.056,10
4.481985,77.3405,-68.49,LMC,OGLE-LMC-HB-0112,RG,05 09 21.72,-68 29 24.0,LMC510.19.47355,OGLE-LMC-ECL-08689,13.602,14.867,424.14805616,9075.1758,0.066,0.2603,82.49,166.19,ECL,1,1,Simbad,77.33960,-68.49120,20.923,19.957,18.934,18.133,0.421,0.246,0.051,0.063,0
0.294141,77.4377083,-68.5641111,LMC,OGLE-LMC-HB-0113,RG,05 09 45.05,-68 33 50.8,LMC510.19.686,,16.013,17.373,250.95346548,9015.1467,0.037,0.3156,58.92,29.68,,1,0,Simbad,77.43768,-68.56403,19.942,18.509,17.247,15.977,0.145,0.042,0.038,0.039,10
2.664013,77.4377083,-68.5641111,LMC,OGLE-LMC-HB-0113,RG,05 09 45.05,-68 33 50.8,LMC510.19.686,,16.013,17.373,250.95346548,9015.1467,0.037,0.3156,58.92,29.68,,1,0,Simbad,77.43575,-68.56393,,20.358,19.671,18.751,,0.205,0.072,0.084,0
3.424889,77.4377083,-68.5641111,LMC,OGLE-LMC-HB-0113,RG,05 09 45.05,-68 33 50.8,LMC510.19.686,,16.013,17.373,250.95346548,9015.1467,0.037,0.3156,58.92,29.68,,1,0,Simbad,77.43517,-68.56433,19.919,19.684,20.116,,0.149,0.140,0.133,,0
4.144520,77.4377083,-68.5641111,LMC,OGLE-LMC-HB-0113,RG,05 09 45.05,-68 33 50.8,LMC510.19.686,,16.013,17.373,250.95346548,9015.1467,0.037,0.3156,58.92,29.68,,1,0,Simbad,77.43729,-68.56297,20.576,20.018,20.020,19.809,0.244,0.081,0.108,0.156,10
4.990726,77.4377083,-68.5641111,LMC,OGLE-LMC-HB-0113,RG,05 09 45.05,-68 33 50.8,LMC510.19.686,,16.013,17.373,250.95346548,9015.1467,0.037,0.3156,58.92,29.68,,1,0,Simbad,77.44149,-68.56422,,21.945,21.347,,,0.215,0.176,,0
0.384359,77.453875,-68.8796667,LMC,OGLE-LMC-HB-0114,MS,05 09 48.93,-68 52 46.8,LMC510.10.378,,14.91,15.067,56.32956673,9026.0601,0.135,0.2672,20.86,36.19,ECL,0,0,Simbad,77.45387,-68.87956,14.107,15.129,14.877,15.033,0.065,0.031,0.034,0.041,10
4.132242,77.453875,-68.8796667,LMC,OGLE-LMC-HB-0114,MS,05 09 48.93,-68 52 46.8,LMC510.10.378,,14.91,15.067,56.32956673,9026.0601,0.135,0.2672,20.86,36.19,ECL,0,0,Simbad,77.45676,-68.87918,14.938,16.466,16.130,16.431,0.117,0.073,0.106,0.083,20
4.456691,77.453875,-68.8796667,LMC,OGLE-LMC-HB-0114,MS,05 09 48.93,-68 52 46.8,LMC510.10.378,,14.91,15.067,56.32956673,9026.0601,0.135,0.2672,20.86,36.19,ECL,0,0,Simbad,77.45192,-68.87865,17.532,17.829,16.181,14.990,0.224,0.061,0.035,0.054,20
4.809680,77.453875,-68.8796667,LMC,OGLE-LMC-HB-0114,MS,05 09 48.93,-68 52 46.8,LMC510.10.378,,14.91,15.067,56.32956673,9026.0601,0.135,0.2672,20.86,36.19,ECL,0,0,Simbad,77.45163,-68.88073,17.758,18.350,16.941,15.673,0.215,0.068,0.071,0.040,20
0.195154,77.5380417,-69.0055278,LMC,OGLE-LMC-HB-0116,RG,05 10 09.13,-69 00 19.9,,,16.175,17.786,323.29944461,9322.9401,0.026,0.1067,51.07,167.51,,1,0,Simbad,77.53797,-69.00548,,18.639,16.703,15.392,,0.082,0.055,0.041,0
2.839348,77.5380417,-69.0055278,LMC,OGLE-LMC-HB-0116,RG,05 10 09.13,-69 00 19.9,,,16.175,17.786,323.29944461,9322.9401,0.026,0.1067,51.07,167.51,,1,0,Simbad,77.53602,-69.00584,19.603,20.139,19.650,19.433,0.137,0.068,0.142,0.120,10
3.641624,77.5380417,-69.0055278,LMC,OGLE-LMC-HB-0116,RG,05 10 09.13,-69 00 19.9,,,16.175,17.786,323.29944461,9322.9401,0.026,0.1067,51.07,167.51,,1,0,Simbad,77.53706,-69.00458,,21.762,20.571,,,0.227,0.191,,0
4.920710,77.5380417,-69.0055278,LMC,OGLE-LMC-HB-0116,RG,05 10 09.13,-69 00 19.9,,,16.175,17.786,323.29944461,9322.9401,0.026,0.1067,51.07,167.51,,1,0,Simbad,77.53911,-69.00684,20.047,18.543,19.013,,0.143,0.088,0.189,,0
4.926537,77.5380417,-69.0055278,LMC,OGLE-LMC-HB-0116,RG,05 10 09.13,-69 00 19.9,,,16.175,17.786,323.29944461,9322.9401,0.026,0.1067,51.07,167.51,,1,0,Simbad,77.53488,-69.00476,,19.992,19.183,18.810,,0.089,0.109,0.164,0
0.155700,77.6109167,-70.4109444,LMC,OGLE-LMC-HB-0117,RG,05 10 26.62,-70 24 39.4,LMC509.01.292,,15.661,17.08,645.46436652,9137.8107,0.043,0.5891,61.01,116.43,,1,0,Simbad,77.61080,-70.41093,,18.456,17.109,15.769,,0.054,0.042,0.042,0
2.923180,77.6109167,-70.4109444,LMC,OGLE-LMC-HB-0117,RG,05 10 26.62,-70 24 39.4,LMC509.01.292,,15.661,17.08,645.46436652,9137.8107,0.043,0.5891,61.01,116.43,,1,0,Simbad,77.61003,-70.41170,21.135,20.569,19.687,18.865,0.322,0.070,0.064,0.063,10
0.246467,77.6120833,-69.0776667,LMC,OGLE-LMC-HB-0118,RG,05 10 26.90,-69 04 39.6,LMC510.01.56739,MACHO--79.4898.21,13.929,15.091,303.85357437,9173.7702,0.049,0.1216,59.14,57.01,,1,0,Simbad,77.61204,-69.07760,15.492,15.934,15.223,14.135,0.057,0.030,0.035,0.039,20
2.230808,77.6120833,-69.0776667,LMC,OGLE-LMC-HB-0118,RG,05 10 26.90,-69 04 39.6,LMC510.01.56739,MACHO--79.4898.21,13.929,15.091,303.85357437,9173.7702,0.049,0.1216,59.14,57.01,,1,0,Simbad,77.61142,-69.07824,,20.278,20.148,19.613,,0.166,0.203,0.240,0
2.406635,77.6120833,-69.0776667,LMC,OGLE-LMC-HB-0118,RG,05 10 26.90,-69 04 39.6,LMC510.01.56739,MACHO--79.4898.21,13.929,15.091,303.85357437,9173.7702,0.049,0.1216,59.14,57.01,,1,0,Simbad,77.61024,-69.07755,21.106,19.038,17.486,15.772,0.348,0.055,0.070,0.056,10
4.566728,77.6120833,-69.0776667,LMC,OGLE-LMC-HB-0118,RG,05 10 26.90,-69 04 39.6,LMC510.01.56739,MACHO--79.4898.21,13.929,15.091,303.85357437,9173.7702,0.049,0.1216,59.14,57.01,,1,0,Simbad,77.61514,-69.07831,20.193,19.849,19.490,19.818,0.186,0.073,0.104,0.189,10
4.747011,77.6120833,-69.0776667,LMC,OGLE-LMC-HB-0118,RG,05 10 26.90,-69 04 39.6,LMC510.01.56739,MACHO--79.4898.21,13.929,15.091,303.85357437,9173.7702,0.049,0.1216,59.14,57.01,,1,0,Simbad,77.61437,-69.07663,,22.270,20.686,20.306,,0.477,0.190,0.372,0
0.153362,77.619,-67.2368889,LMC,OGLE-LMC-HB-0119,RG,05 10 28.56,-67 14 12.8,LMC511.19.18240,,14.41,15.909,856.72603697,9309.6001,0.024,0.5188,58.87,52.08,,1,0,Simbad,77.61905,-67.23685,18.818,17.403,15.898,14.378,0.101,0.031,0.023,0.025,10
3.955282,77.619,-67.2368889,LMC,OGLE-LMC-HB-0119,RG,05 10 28.56,-67 14 12.8,LMC511.19.18240,,14.41,15.909,856.72603697,9309.6001,0.024,0.5188,58.87,52.08,,1,0,Simbad,77.61637,-67.23647,20.832,21.118,20.764,,0.332,0.100,0.105,,0
4.360837,77.619,-67.2368889,LMC,OGLE-LMC-HB-0119,RG,05 10 28.56,-67 14 12.8,LMC511.19.18240,,14.41,15.909,856.72603697,9309.6001,0.024,0.5188,58.87,52.08,,1,0,Simbad,77.61720,-67.23788,20.789,21.477,20.690,19.877,0.267,0.169,0.112,0.080,0
0.202585,77.6557083,-69.0536389,LMC,OGLE-LMC-HB-0120,RG,05 10 37.37,-69 03 13.1,LMC510.01.56670,2MASS-J05103732-6903127,13.176,14.801,647.43188562,9269.4799,0.058,0.1474,89.17,115.46,,1,0,Simbad,77.65563,-69.05359,17.299,16.425,14.975,12.638,0.063,0.038,0.042,0.180,20
2.046217,77.6557083,-69.0536389,LMC,OGLE-LMC-HB-0120,RG,05 10 37.37,-69 03 13.1,LMC510.01.56670,2MASS-J05103732-6903127,13.176,14.801,647.43188562,9269.4799,0.058,0.1474,89.17,115.46,,1,0,Simbad,77.65500,-69.05313,19.100,17.296,15.794,,0.136,0.055,0.063,,0
4.866581,77.6557083,-69.0536389,LMC,OGLE-LMC-HB-0120,RG,05 10 37.37,-69 03 13.1,LMC510.01.56670,2MASS-J05103732-6903127,13.176,14.801,647.43188562,9269.4799,0.058,0.1474,89.17,115.46,,1,0,Simbad,77.65766,-69.05248,,19.505,18.712,,,0.106,0.102,,0
0.122724,77.6953333,-69.8641667,LMC,OGLE-LMC-HB-0121,RG,05 10 46.88,-69 51 51.0,LMC509.18.331,,16.127,17.605,257.81911768,9001.9611,0.03,0.3863,76.02,103.66,,1,0,Simbad,77.69539,-69.86414,19.990,18.997,17.503,15.882,0.150,0.044,0.063,0.093,10
1.210060,77.6953333,-69.8641667,LMC,OGLE-LMC-HB-0121,RG,05 10 46.88,-69 51 51.0,LMC509.18.331,,16.127,17.605,257.81911768,9001.9611,0.03,0.3863,76.02,103.66,,1,0,Simbad,77.69448,-69.86433,,20.247,19.266,,,0.096,0.098,,0
2.437364,77.6953333,-69.8641667,LMC,OGLE-LMC-HB-0121,RG,05 10 46.88,-69 51 51.0,LMC509.18.331,,16.127,17.605,257.81911768,9001.9611,0.03,0.3863,76.02,103.66,,1,0,Simbad,77.69472,-69.86481,19.304,19.450,19.139,,0.095,0.044,0.077,,0
2.574309,77.6953333,-69.8641667,LMC,OGLE-LMC-HB-0121,RG,05 10 46.88,-69 51 51.0,LMC509.18.331,,16.127,17.605,257.81911768,9001.9611,0.03,0.3863,76.02,103.66,,1,0,Simbad,77.69694,-69.86462,,21.574,21.240,21.450,,0.169,0.231,0.383,0
3.517448,77.6953333,-69.8641667,LMC,OGLE-LMC-HB-0121,RG,05 10 46.88,-69 51 51.0,LMC509.18.331,,16.127,17.605,257.81911768,9001.9611,0.03,0.3863,76.02,103.66,,1,0,Simbad,77.69743,-69.86351,20.962,19.336,18.150,17.021,0.351,0.049,0.056,0.072,10
3.979395,77.6953333,-69.8641667,LMC,OGLE-LMC-HB-0121,RG,05 10 46.88,-69 51 51.0,LMC509.18.331,,16.127,17.605,257.81911768,9001.9611,0.03,0.3863,76.02,103.66,,1,0,Simbad,77.69323,-69.86333,,20.814,20.179,,,0.130,0.147,,0
4.008141,77.6953333,-69.8641667,LMC,OGLE-LMC-HB-0121,RG,05 10 46.88,-69 51 51.0,LMC509.18.331,,16.127,17.605,257.81911768,9001.9611,0.03,0.3863,76.02,103.66,,1,0,Simbad,77.69214,-69.86399,,20.689,20.283,,,0.081,0.115,,0
4.370655,77.6953333,-69.8641667,LMC,OGLE-LMC-HB-0121,RG,05 10 46.88,-69 51 51.0,LMC509.18.331,,16.127,17.605,257.81911768,9001.9611,0.03,0.3863,76.02,103.66,,1,0,Simbad,77.69243,-69.86348,,20.739,20.384,19.414,,0.128,0.101,0.156,0
0.161554,77.6982083,-70.1796111,LMC,OGLE-LMC-HB-0122,MS,05 10 47.57,-70 10 46.6,LMC509.09.96,UCAC2---1555512,14.799,15.025,259.47834765,9145.8198,0.097,0.4055,65.15,56.75,,1,0,Simbad,77.69808,-70.17960,14.259,15.106,15.066,14.818,0.038,0.032,0.033,0.047,10
3.686679,77.6982083,-70.1796111,LMC,OGLE-LMC-HB-0122,MS,05 10 47.57,-70 10 46.6,LMC509.09.96,UCAC2---1555512,14.799,15.025,259.47834765,9145.8198,0.097,0.4055,65.15,56.75,,1,0,Simbad,77.69966,-70.18051,,20.911,19.752,18.619,,0.138,0.108,0.126,0
3.908391,77.6982083,-70.1796111,LMC,OGLE-LMC-HB-0122,MS,05 10 47.57,-70 10 46.6,LMC509.09.96,UCAC2---1555512,14.799,15.025,259.47834765,9145.8198,0.097,0.4055,65.15,56.75,,1,0,Simbad,77.70141,-70.17962,,21.542,21.014,,,0.126,0.160,,0
0.335602,77.70375,-67.9206944,LMC,OGLE-LMC-HB-0123,RG,05 10 48.90,-67 55 14.5,LMC511.01.24673,OGLE-LMC-ECL-09305,15.506,17.054,233.58910319,9016.9014,0.082,0.3551,89.88,57.69,ECL,0,1,Simbad,77.70386,-67.92061,20.292,18.691,17.062,15.554,0.222,0.028,0.055,0.111,10
2.672811,77.70375,-67.9206944,LMC,OGLE-LMC-HB-0123,RG,05 10 48.90,-67 55 14.5,LMC511.01.24673,OGLE-LMC-ECL-09305,15.506,17.054,233.58910319,9016.9014,0.082,0.3551,89.88,57.69,ECL,0,1,Simbad,77.70444,-67.92139,20.541,20.132,19.091,17.908,0.244,0.064,0.066,0.068,10
3.427434,77.70375,-67.9206944,LMC,OGLE-LMC-HB-0123,RG,05 10 48.90,-67 55 14.5,LMC511.01.24673,OGLE-LMC-ECL-09305,15.506,17.054,233.58910319,9016.9014,0.082,0.3551,89.88,57.69,ECL,0,1,Simbad,77.70624,-67.92052,,22.124,22.305,,,0.197,0.419,,0
4.614351,77.70375,-67.9206944,LMC,OGLE-LMC-HB-0123,RG,05 10 48.90,-67 55 14.5,LMC511.01.24673,OGLE-LMC-ECL-09305,15.506,17.054,233.58910319,9016.9014,0.082,0.3551,89.88,57.69,ECL,0,1,Simbad,77.70110,-67.91989,,20.674,19.631,18.640,,0.062,0.078,0.058,0
0.282530,77.754,-69.2402778,LMC,OGLE-LMC-HB-0124,RG,05 11 00.96,-69 14 25.0,LMC510.01.615,,15.601,17.022,282.85708801,9166.6993,0.025,0.1911,69.02,47.55,,1,0,Simbad,77.75403,-69.24020,19.670,18.396,16.965,15.611,0.128,0.063,0.070,0.050,10
2.437672,77.754,-69.2402778,LMC,OGLE-LMC-HB-0124,RG,05 11 00.96,-69 14 25.0,LMC510.01.615,,15.601,17.022,282.85708801,9166.6993,0.025,0.1911,69.02,47.55,,1,0,Simbad,77.75506,-69.24084,19.689,19.588,19.109,18.994,0.124,0.146,0.134,0.128,10
2.931423,77.754,-69.2402778,LMC,OGLE-LMC-HB-0124,RG,05 11 00.96,-69 14 25.0,LMC510.01.615,,15.601,17.022,282.85708801,9166.6993,0.025,0.1911,69.02,47.55,,1,0,Simbad,77.75188,-69.23996,18.483,18.762,18.365,18.733,0.073,0.064,0.109,0.117,10
4.215628,77.754,-69.2402778,LMC,OGLE-LMC-HB-0124,RG,05 11 00.96,-69 14 25.0,LMC510.01.615,,15.601,17.022,282.85708801,9166.6993,0.025,0.1911,69.02,47.55,,1,0,Simbad,77.75449,-69.23912,20.007,18.715,18.829,18.518,0.177,0.114,0.133,0.127,20
0.439161,77.8152083,-69.4693889,LMC,OGLE-LMC-HB-0125,RG,05 11 15.65,-69 28 09.8,LMC503.16.63783,,14.604,16.291,487.56521728,9315.5602,0.028,0.111,89.5,45.45,,1,0,Simbad,77.81537,-69.46928,19.766,17.704,16.130,14.476,0.149,0.039,0.038,0.038,10
3.045071,77.8152083,-69.4693889,LMC,OGLE-LMC-HB-0125,RG,05 11 15.65,-69 28 09.8,LMC503.16.63783,,14.604,16.291,487.56521728,9315.5602,0.028,0.111,89.5,45.45,,1,0,Simbad,77.81306,-69.46977,,20.786,20.518,,,0.108,0.177,,0
3.601002,77.8152083,-69.4693889,LMC,OGLE-LMC-HB-0125,RG,05 11 15.65,-69 28 09.8,LMC503.16.63783,,14.604,16.291,487.56521728,9315.5602,0.028,0.111,89.5,45.45,,1,0,Simbad,77.81452,-69.47036,,20.359,20.357,19.124,,0.090,0.155,0.152,0
0.504541,77.855875,-68.6964167,LMC,OGLE-LMC-HB-0126,RG,05 11 25.41,-68 41 47.1,LMC510.09.55343,,15.9,17.242,172.53894165,9104.3028,0.035,0.2137,54.5,34.79,,1,0,Simbad,77.85579,-68.69628,19.466,18.068,17.144,15.842,0.136,0.091,0.050,0.058,10
4.324297,77.855875,-68.6964167,LMC,OGLE-LMC-HB-0126,RG,05 11 25.41,-68 41 47.1,LMC510.09.55343,,15.9,17.242,172.53894165,9104.3028,0.035,0.2137,54.5,34.79,,1,0,Simbad,77.85384,-68.69547,,21.748,20.498,19.900,,0.218,0.150,0.118,0
4.782427,77.855875,-68.6964167,LMC,OGLE-LMC-HB-0126,RG,05 11 25.41,-68 41 47.1,LMC510.09.55343,,15.9,17.242,172.53894165,9104.3028,0.035,0.2137,54.5,34.79,,1,0,Simbad,77.85927,-68.69691,,20.895,20.120,19.519,,0.142,0.127,0.143,0
0.423542,77.8882917,-71.5527222,LMC,OGLE-LMC-HB-0127,RG,05 11 33.19,-71 33 09.8,LMC501.25.4944,OGLE-LMC-ECL-30351,16.24,17.574,187.90527673,9075.7661,0.054,0.2951,77.89,78.19,,1,1,Simbad,77.88862,-71.55267,19.834,18.665,17.335,16.058,0.134,0.036,0.032,0.224,0
0.039840,77.8948333,-69.0661389,LMC,OGLE-LMC-HB-0128,RG,05 11 34.76,-69 03 58.1,LMC503.25.86843,,13.552,15.296,924.72745558,9875.6581,0.06,0.4752,53.16,139.86,OSARG,1,0,Simbad,77.89483,-69.06615,18.530,16.757,15.000,13.370,0.084,0.041,0.042,0.040,10
1.694045,77.8948333,-69.0661389,LMC,OGLE-LMC-HB-0128,RG,05 11 34.76,-69 03 58.1,LMC503.25.86843,,13.552,15.296,924.72745558,9875.6581,0.06,0.4752,53.16,139.86,OSARG,1,0,Simbad,77.89357,-69.06600,,19.449,17.931,16.379,,0.124,0.184,0.291,0
1.867375,77.8948333,-69.0661389,LMC,OGLE-LMC-HB-0128,RG,05 11 34.76,-69 03 58.1,LMC503.25.86843,,13.552,15.296,924.72745558,9875.6581,0.06,0.4752,53.16,139.86,OSARG,1,0,Simbad,77.89625,-69.06626,18.300,18.551,18.474,,0.080,0.101,0.189,,0
3.825073,77.8948333,-69.0661389,LMC,OGLE-LMC-HB-0128,RG,05 11 34.76,-69 03 58.1,LMC503.25.86843,,13.552,15.296,924.72745558,9875.6581,0.06,0.4752,53.16,139.86,OSARG,1,0,Simbad,77.89599,-69.06516,19.106,19.487,19.547,,0.104,0.061,0.151,,0
0.469612,77.9060833,-68.8128333,LMC,OGLE-LMC-HB-0129,RG,05 11 37.46,-68 48 46.2,LMC510.09.54673,,15.41,17.139,447.82850539,9187.7311,0.028,0.187,87.91,131.65,,1,0,Simbad,77.90597,-68.81271,,18.602,16.918,15.341,,0.087,0.042,0.044,0
2.208407,77.9060833,-68.8128333,LMC,OGLE-LMC-HB-0129,RG,05 11 37.46,-68 48 46.2,LMC510.09.54673,,15.41,17.139,447.82850539,9187.7311,0.028,0.187,87.91,131.65,,1,0,Simbad,77.90776,-68.81275,19.489,19.374,18.117,16.982,0.178,0.061,0.095,0.067,10
3.063758,77.9060833,-68.8128333,LMC,OGLE-LMC-HB-0129,RG,05 11 37.46,-68 48 46.2,LMC510.09.54673,,15.41,17.139,447.82850539,9187.7311,0.028,0.187,87.91,131.65,,1,0,Simbad,77.90784,-68.81340,19.138,19.027,19.027,,0.083,0.059,0.211,,0
3.140969,77.9060833,-68.8128333,LMC,OGLE-LMC-HB-0129,RG,05 11 37.46,-68 48 46.2,LMC510.09.54673,,15.41,17.139,447.82850539,9187.7311,0.028,0.187,87.91,131.65,,1,0,Simbad,77.90367,-68.81281,17.513,17.349,16.938,16.566,0.057,0.045,0.044,0.044,10
4.032277,77.9060833,-68.8128333,LMC,OGLE-LMC-HB-0129,RG,05 11 37.46,-68 48 46.2,LMC510.09.54673,,15.41,17.139,447.82850539,9187.7311,0.028,0.187,87.91,131.65,,1,0,Simbad,77.90874,-68.81341,,21.407,19.793,18.308,,0.183,0.204,0.079,0
0.317829,77.9592083,-71.521,LMC,OGLE-LMC-HB-0130,RG,05 11 50.21,-71 31 15.6,LMC501.25.8028,OGLE-LMC-ECL-30428,15.542,17.219,431.59448589,9181.1536,0.033,0.1735,65.0,117.76,,1,1,Simbad,77.95949,-71.52099,,18.577,17.020,15.345,,0.038,0.031,0.051,0
1.902145,77.9592083,-71.521,LMC,OGLE-LMC-HB-0130,RG,05 11 50.21,-71 31 15.6,LMC501.25.8028,OGLE-LMC-ECL-30428,15.542,17.219,431.59448589,9181.1536,0.033,0.1735,65.0,117.76,,1,1,Simbad,77.95990,-71.52052,,20.214,19.199,18.280,,0.069,0.063,0.078,0
4.400530,77.9592083,-71.521,LMC,OGLE-LMC-HB-0130,RG,05 11 50.21,-71 31 15.6,LMC501.25.8028,OGLE-LMC-ECL-30428,15.542,17.219,431.59448589,9181.1536,0.033,0.1735,65.0,117.76,,1,1,Simbad,77.95632,-71.52019,19.511,19.555,19.384,19.313,0.104,0.043,0.059,0.076,10
0.331451,78.0005417,-69.1439444,LMC,OGLE-LMC-HB-0131,RG,05 12 00.13,-69 08 38.2,LMC503.25.75602,,14.416,16.363,643.54253191,9303.4936,0.038,0.2839,55.15,17.65,OSARG,1,0,Simbad,78.00064,-69.14386,20.485,18.133,16.181,14.455,0.401,0.064,0.041,0.039,0
3.022084,78.0005417,-69.1439444,LMC,OGLE-LMC-HB-0131,RG,05 12 00.13,-69 08 38.2,LMC503.25.75602,,14.416,16.363,643.54253191,9303.4936,0.038,0.2839,55.15,17.65,OSARG,1,0,Simbad,78.00272,-69.14427,19.722,19.534,19.432,20.553,0.126,0.058,0.142,0.486,0
3.165097,78.0005417,-69.1439444,LMC,OGLE-LMC-HB-0131,RG,05 12 00.13,-69 08 38.2,LMC503.25.75602,,14.416,16.363,643.54253191,9303.4936,0.038,0.2839,55.15,17.65,OSARG,1,0,Simbad,78.00097,-69.14481,,21.873,20.862,20.554,,0.294,0.199,0.362,0
3.620720,78.0005417,-69.1439444,LMC,OGLE-LMC-HB-0131,RG,05 12 00.13,-69 08 38.2,LMC503.25.75602,,14.416,16.363,643.54253191,9303.4936,0.038,0.2839,55.15,17.65,OSARG,1,0,Simbad,77.99925,-69.14305,21.023,20.221,19.119,18.350,0.409,0.107,0.094,0.079,0
4.365607,78.0005417,-69.1439444,LMC,OGLE-LMC-HB-0131,RG,05 12 00.13,-69 08 38.2,LMC503.25.75602,,14.416,16.363,643.54253191,9303.4936,0.038,0.2839,55.15,17.65,OSARG,1,0,Simbad,77.99790,-69.14471,,20.816,19.405,18.495,,0.190,0.111,0.084,0
0.401267,78.0094583,-67.2491111,LMC,OGLE-LMC-HB-0132,RG,05 12 02.27,-67 14 56.8,LMC511.18.17457,,16.239,17.791,259.48546779,9044.9859,0.029,0.218,72.63,18.77,,1,0,Simbad,78.00948,-67.24900,21.035,19.026,17.782,16.093,0.362,0.045,0.042,0.041,10
4.128740,78.0094583,-67.2491111,LMC,OGLE-LMC-HB-0132,RG,05 12 02.27,-67 14 56.8,LMC511.18.17457,,16.239,17.791,259.48546779,9044.9859,0.029,0.218,72.63,18.77,,1,0,Simbad,78.00756,-67.24823,,21.485,21.216,20.322,,0.135,0.121,0.165,0
4.504728,78.0094583,-67.2491111,LMC,OGLE-LMC-HB-0132,RG,05 12 02.27,-67 14 56.8,LMC511.18.17457,,16.239,17.791,259.48546779,9044.9859,0.029,0.218,72.63,18.77,,1,0,Simbad,78.00623,-67.24916,,21.158,20.755,20.071,,0.133,0.096,0.157,0
0.304733,78.05975,-69.5317778,LMC,OGLE-LMC-HB-0134,RG,05 12 14.34,-69 31 54.4,LMC503.16.158,,15.884,17.337,221.54044791,9059.8099,0.024,0.1765,56.75,20.51,,1,0,Simbad,78.05990,-69.53171,,18.825,17.438,15.962,,0.043,0.061,0.044,0
2.757995,78.05975,-69.5317778,LMC,OGLE-LMC-HB-0134,RG,05 12 14.34,-69 31 54.4,LMC503.16.158,,15.884,17.337,221.54044791,9059.8099,0.024,0.1765,56.75,20.51,,1,0,Simbad,78.05878,-69.53109,,20.547,19.787,,,0.102,0.097,,0
3.649278,78.05975,-69.5317778,LMC,OGLE-LMC-HB-0134,RG,05 12 14.34,-69 31 54.4,LMC503.16.158,,15.884,17.337,221.54044791,9059.8099,0.024,0.1765,56.75,20.51,,1,0,Simbad,78.05767,-69.53107,20.226,20.455,19.868,18.788,0.248,0.089,0.138,0.084,10
4.732770,78.05975,-69.5317778,LMC,OGLE-LMC-HB-0134,RG,05 12 14.34,-69 31 54.4,LMC503.16.158,,15.884,17.337,221.54044791,9059.8099,0.024,0.1765,56.75,20.51,,1,0,Simbad,78.06291,-69.53249,,20.775,19.606,18.551,,0.111,0.093,0.070,0
4.941570,78.05975,-69.5317778,LMC,OGLE-LMC-HB-0134,RG,05 12 14.34,-69 31 54.4,LMC503.16.158,,15.884,17.337,221.54044791,9059.8099,0.024,0.1765,56.75,20.51,,1,0,Simbad,78.06363,-69.53157,19.876,19.780,19.526,19.779,0.202,0.062,0.094,0.130,10
0.227468,78.0764583,-69.2845278,LMC,OGLE-LMC-HB-0135,RG,05 12 18.35,-69 17 04.3,LMC503.25.51,2MASS-J05121835-6917042,15.242,17.266,439.41727998,9357.9806,0.12,0.1303,61.77,155.38,OSARG/ECL,1,0,Simbad,78.07658,-69.28448,,19.155,17.391,15.241,,0.074,0.083,0.042,0
4.575029,78.0764583,-69.2845278,LMC,OGLE-LMC-HB-0135,RG,05 12 18.35,-69 17 04.3,LMC503.25.51,2MASS-J05121835-6917042,15.242,17.266,439.41727998,9357.9806,0.12,0.1303,61.77,155.38,OSARG/ECL,1,0,Simbad,78.07809,-69.28566,18.952,19.384,19.117,19.532,0.086,0.122,0.143,0.198,10
4.921379,78.0764583,-69.2845278,LMC,OGLE-LMC-HB-0135,RG,05 12 18.35,-69 17 04.3,LMC503.25.51,2MASS-J05121835-6917042,15.242,17.266,439.41727998,9357.9806,0.12,0.1303,61.77,155.38,OSARG/ECL,1,0,Simbad,78.07353,-69.28542,18.571,18.328,17.633,17.014,0.072,0.050,0.078,0.051,10
0.073009,78.10975,-68.76875,LMC,OGLE-LMC-HB-0136,RG,05 12 26.34,-68 46 07.5,LMC510.08.56268,,15.296,16.753,565.75080859,9435.1728,0.033,0.346,73.89,40.67,,1,0,Simbad,78.10974,-68.76873,16.988,17.178,16.110,15.190,0.071,0.104,0.160,0.047,20
2.885291,78.10975,-68.76875,LMC,OGLE-LMC-HB-0136,RG,05 12 26.34,-68 46 07.5,LMC510.08.56268,,15.296,16.753,565.75080859,9435.1728,0.033,0.346,73.89,40.67,,1,0,Simbad,78.10787,-68.76917,,17.928,17.295,16.486,,0.154,0.117,0.054,0
3.100533,78.10975,-68.76875,LMC,OGLE-LMC-HB-0136,RG,05 12 26.34,-68 46 07.5,LMC510.08.56268,,15.296,16.753,565.75080859,9435.1728,0.033,0.346,73.89,40.67,,1,0,Simbad,78.10756,-68.76841,,18.968,18.898,18.814,,0.193,0.105,0.099,0
3.101045,78.10975,-68.76875,LMC,OGLE-LMC-HB-0136,RG,05 12 26.34,-68 46 07.5,LMC510.08.56268,,15.296,16.753,565.75080859,9435.1728,0.033,0.346,73.89,40.67,,1,0,Simbad,78.11121,-68.76807,18.434,17.678,17.557,17.924,0.128,0.081,0.079,0.179,20
4.548448,78.10975,-68.76875,LMC,OGLE-LMC-HB-0136,RG,05 12 26.34,-68 46 07.5,LMC510.08.56268,,15.296,16.753,565.75080859,9435.1728,0.033,0.346,73.89,40.67,,1,0,Simbad,78.11323,-68.76881,,18.919,17.922,17.208,,0.081,0.103,0.071,0
4.808898,78.10975,-68.76875,LMC,OGLE-LMC-HB-0136,RG,05 12 26.34,-68 46 07.5,LMC510.08.56268,,15.296,16.753,565.75080859,9435.1728,0.033,0.346,73.89,40.67,,1,0,Simbad,78.11081,-68.76747,,19.120,19.193,19.504,,0.180,0.139,0.224,0
0.429266,78.1228333,-69.3690833,LMC,OGLE-LMC-HB-0137,RG,05 12 29.48,-69 22 08.7,LMC503.16.25822,,15.817,17.396,237.04521424,9152.9119,0.057,0.2515,42.52,151.12,,1,0,Simbad,78.12312,-69.36902,,18.957,17.231,15.739,,0.066,0.079,0.052,0
2.047169,78.1228333,-69.3690833,LMC,OGLE-LMC-HB-0137,RG,05 12 29.48,-69 22 08.7,LMC503.16.25822,,15.817,17.396,237.04521424,9152.9119,0.057,0.2515,42.52,151.12,,1,0,Simbad,78.12165,-69.36947,,20.224,19.521,,,0.119,0.225,,0
2.458931,78.1228333,-69.3690833,LMC,OGLE-LMC-HB-0137,RG,05 12 29.48,-69 22 08.7,LMC503.16.25822,,15.817,17.396,237.04521424,9152.9119,0.057,0.2515,42.52,151.12,,1,0,Simbad,78.12129,-69.36867,19.267,18.868,17.866,16.976,0.140,0.052,0.057,0.051,10
3.220948,78.1228333,-69.3690833,LMC,OGLE-LMC-HB-0137,RG,05 12 29.48,-69 22 08.7,LMC503.16.25822,,15.817,17.396,237.04521424,9152.9119,0.057,0.2515,42.52,151.12,,1,0,Simbad,78.12243,-69.36820,,19.905,18.922,18.176,,0.075,0.078,0.057,0
0.231961,78.190375,-70.9533056,LMC,OGLE-LMC-HB-0138,RG,05 12 45.69,-70 57 11.9,LMC502.07.27387,,15.681,17.086,221.02039988,9185.8337,0.022,0.2632,45.36,31.96,,1,0,Simbad,78.19027,-70.95325,19.612,18.213,16.792,15.431,0.095,0.035,0.028,0.029,10
3.414803,78.190375,-70.9533056,LMC,OGLE-LMC-HB-0138,RG,05 12 45.69,-70 57 11.9,LMC502.07.27387,,15.681,17.086,221.02039988,9185.8337,0.022,0.2632,45.36,31.96,,1,0,Simbad,78.18753,-70.95350,21.643,22.075,21.815,,0.474,0.247,0.218,,0
4.233994,78.190375,-70.9533056,LMC,OGLE-LMC-HB-0138,RG,05 12 45.69,-70 57 11.9,LMC502.07.27387,,15.681,17.086,221.02039988,9185.8337,0.022,0.2632,45.36,31.96,,1,0,Simbad,78.18885,-70.95224,17.825,18.115,18.144,18.202,0.046,0.034,0.042,0.041,10
0.183287,78.1974583,-72.3212778,LMC,OGLE-LMC-HB-0139,RG,05 12 47.39,-72 19 16.6,LMC501.07.24,,15.379,16.97,536.84226397,9069.6693,0.046,0.4226,88.3,172.02,,1,0,Simbad,78.19740,-72.32123,20.084,18.204,16.694,15.086,0.121,0.041,0.028,0.041,10
4.274604,78.1974583,-72.3212778,LMC,OGLE-LMC-HB-0139,RG,05 12 47.39,-72 19 16.6,LMC501.07.24,,15.379,16.97,536.84226397,9069.6693,0.046,0.4226,88.3,172.02,,1,0,Simbad,78.19816,-72.32011,,22.795,22.835,,,0.301,0.384,,0
0.287895,78.2148333,-69.1730556,LMC,OGLE-LMC-HB-0140,RG,05 12 51.56,-69 10 23.0,LMC503.25.12732,,16.526,17.623,136.39363196,9018.805,0.028,0.2111,52.15,15.36,,1,0,Simbad,78.21499,-69.17300,18.638,18.437,17.545,16.514,0.083,0.055,0.075,0.046,10
2.288192,78.2148333,-69.1730556,LMC,OGLE-LMC-HB-0140,RG,05 12 51.56,-69 10 23.0,LMC503.25.12732,,16.526,17.623,136.39363196,9018.805,0.028,0.2111,52.15,15.36,,1,0,Simbad,78.21481,-69.17242,,20.719,20.297,,,0.189,0.222,,0
3.062087,78.2148333,-69.1730556,LMC,OGLE-LMC-HB-0140,RG,05 12 51.56,-69 10 23.0,LMC503.25.12732,,16.526,17.623,136.39363196,9018.805,0.028,0.2111,52.15,15.36,,1,0,Simbad,78.21358,-69.17233,19.261,19.023,18.752,18.787,0.094,0.044,0.061,0.072,10
4.278613,78.2148333,-69.1730556,LMC,OGLE-LMC-HB-0140,RG,05 12 51.56,-69 10 23.0,LMC503.25.12732,,16.526,17.623,136.39363196,9018.805,0.028,0.2111,52.15,15.36,,1,0,Simbad,78.21168,-69.17345,20.559,19.984,19.116,18.651,0.222,0.080,0.065,0.075,10
4.409500,78.2148333,-69.1730556,LMC,OGLE-LMC-HB-0140,RG,05 12 51.56,-69 10 23.0,LMC503.25.12732,,16.526,17.623,136.39363196,9018.805,0.028,0.2111,52.15,15.36,,1,0,Simbad,78.21546,-69.17426,,21.205,20.473,,,0.262,0.189,,0
0.268695,78.233375,-68.4167778,LMC,OGLE-LMC-HB-0141,RG,05 12 56.01,-68 25 00.4,LMC510.17.45853,,15.068,16.814,469.1248165,9086.6319,0.07,0.2899,55.43,41.51,OSARG,1,0,Simbad,78.23346,-68.41671,19.876,18.272,16.717,15.038,0.153,0.071,0.031,0.142,10
3.891035,78.233375,-68.4167778,LMC,OGLE-LMC-HB-0141,RG,05 12 56.01,-68 25 00.4,LMC510.17.45853,,15.068,16.814,469.1248165,9086.6319,0.07,0.2899,55.43,41.51,OSARG,1,0,Simbad,78.23441,-68.41779,19.234,19.193,18.110,16.975,0.108,0.126,0.072,0.046,10
4.865292,78.233375,-68.4167778,LMC,OGLE-LMC-HB-0141,RG,05 12 56.01,-68 25 00.4,LMC510.17.45853,,15.068,16.814,469.1248165,9086.6319,0.07,0.2899,55.43,41.51,OSARG,1,0,Simbad,78.23516,-68.41796,,19.937,20.065,20.171,,0.228,0.138,0.262,0
0.161755,78.2480417,-70.7125278,LMC,OGLE-LMC-HB-0142,RG,05 12 59.53,-70 42 45.1,LMC502.15.27830,,16.016,17.461,276.30268735,9101.9424,0.05,0.2127,58.54,175.0,,1,0,Simbad,78.24812,-70.71249,19.754,18.522,17.128,15.677,0.110,0.036,0.033,0.249,0
3.051705,78.2480417,-70.7125278,LMC,OGLE-LMC-HB-0142,RG,05 12 59.53,-70 42 45.1,LMC502.15.27830,,16.016,17.461,276.30268735,9101.9424,0.05,0.2127,58.54,175.0,,1,0,Simbad,78.24917,-70.71329,21.030,20.018,20.347,,0.218,0.061,0.094,,0
3.653734,78.2480417,-70.7125278,LMC,OGLE-LMC-HB-0142,RG,05 12 59.53,-70 42 45.1,LMC502.15.27830,,16.016,17.461,276.30268735,9101.9424,0.05,0.2127,58.54,175.0,,1,0,Simbad,78.24519,-70.71215,,20.143,19.869,19.559,,0.053,0.074,0.092,0
4.178649,78.2480417,-70.7125278,LMC,OGLE-LMC-HB-0142,RG,05 12 59.53,-70 42 45.1,LMC502.15.27830,,16.016,17.461,276.30268735,9101.9424,0.05,0.2127,58.54,175.0,,1,0,Simbad,78.24856,-70.71138,,20.503,20.236,,,0.113,0.103,,0
4.615211,78.2480417,-70.7125278,LMC,OGLE-LMC-HB-0142,RG,05 12 59.53,-70 42 45.1,LMC502.15.27830,,16.016,17.461,276.30268735,9101.9424,0.05,0.2127,58.54,175.0,,1,0,Simbad,78.24617,-70.71365,19.655,19.254,18.117,17.059,0.100,0.044,0.036,0.030,10
0.291123,78.2771667,-69.6490278,LMC,OGLE-LMC-HB-0143,RG,05 13 06.52,-69 38 56.5,LMC503.07.79142,OGLE-LMC-ECL-10158,16.341,18.035,225.08461718,9019.8865,0.058,0.3056,67.61,71.18,,1,1,Simbad,78.27738,-69.64906,21.141,19.454,17.774,16.108,0.310,0.042,0.084,0.047,10
2.466628,78.2771667,-69.6490278,LMC,OGLE-LMC-HB-0143,RG,05 13 06.52,-69 38 56.5,LMC503.07.79142,OGLE-LMC-ECL-10158,16.341,18.035,225.08461718,9019.8865,0.058,0.3056,67.61,71.18,,1,1,Simbad,78.27648,-69.64967,,21.523,20.143,20.145,,0.166,0.139,0.246,0
2.807187,78.2771667,-69.6490278,LMC,OGLE-LMC-HB-0143,RG,05 13 06.52,-69 38 56.5,LMC503.07.79142,OGLE-LMC-ECL-10158,16.341,18.035,225.08461718,9019.8865,0.058,0.3056,67.61,71.18,,1,1,Simbad,78.27841,-69.64838,19.747,20.498,18.496,17.712,0.171,0.156,0.067,0.056,20
4.287587,78.2771667,-69.6490278,LMC,OGLE-LMC-HB-0143,RG,05 13 06.52,-69 38 56.5,LMC503.07.79142,OGLE-LMC-ECL-10158,16.341,18.035,225.08461718,9019.8865,0.058,0.3056,67.61,71.18,,1,1,Simbad,78.27692,-69.64784,,21.225,19.908,19.308,,0.104,0.109,0.125,0
4.655288,78.2771667,-69.6490278,LMC,OGLE-LMC-HB-0143,RG,05 13 06.52,-69 38 56.5,LMC503.07.79142,OGLE-LMC-ECL-10158,16.341,18.035,225.08461718,9019.8865,0.058,0.3056,67.61,71.18,,1,1,Simbad,78.27540,-69.64789,20.563,20.213,19.259,18.306,0.309,0.063,0.120,0.099,10
0.201493,78.3524583,-70.9383056,LMC,OGLE-LMC-HB-0144,RG,05 13 24.59,-70 56 17.9,LMC502.07.8773,,16.043,17.495,363.17187147,9318.3956,0.033,0.3697,81.77,135.21,,1,0,Simbad,78.35244,-70.93825,20.051,18.660,17.141,15.788,0.168,0.045,0.030,0.029,10
4.107057,78.3524583,-70.9383056,LMC,OGLE-LMC-HB-0144,RG,05 13 24.59,-70 56 17.9,LMC502.07.8773,,16.043,17.495,363.17187147,9318.3956,0.033,0.3697,81.77,135.21,,1,0,Simbad,78.35319,-70.93719,19.086,19.081,18.652,18.422,0.083,0.038,0.031,0.044,10
0.659558,78.3840833,-68.69675,LMC,OGLE-LMC-HB-0145,RG,05 13 32.18,-68 41 48.3,LMC503.32.69604,,15.52,17.219,495.51280076,9380.1486,0.056,0.287,75.05,40.49,,1,0,Simbad,78.38389,-68.69658,20.563,18.271,16.758,15.036,0.268,0.042,0.041,0.040,10
2.868539,78.3840833,-68.69675,LMC,OGLE-LMC-HB-0145,RG,05 13 32.18,-68 41 48.3,LMC503.32.69604,,15.52,17.219,495.51280076,9380.1486,0.056,0.287,75.05,40.49,,1,0,Simbad,78.38604,-68.69639,,21.519,20.680,,,0.169,0.176,,0
3.174779,78.3840833,-68.69675,LMC,OGLE-LMC-HB-0145,RG,05 13 32.18,-68 41 48.3,LMC503.32.69604,,15.52,17.219,495.51280076,9380.1486,0.056,0.287,75.05,40.49,,1,0,Simbad,78.38207,-68.69724,,20.940,20.282,,,0.128,0.375,,0
3.620622,78.3840833,-68.69675,LMC,OGLE-LMC-HB-0145,RG,05 13 32.18,-68 41 48.3,LMC503.32.69604,,15.52,17.219,495.51280076,9380.1486,0.056,0.287,75.05,40.49,,1,0,Simbad,78.38359,-68.69774,19.275,18.684,17.639,16.509,0.153,0.053,0.044,0.047,10
4.282031,78.3840833,-68.69675,LMC,OGLE-LMC-HB-0145,RG,05 13 32.18,-68 41 48.3,LMC503.32.69604,,15.52,17.219,495.51280076,9380.1486,0.056,0.287,75.05,40.49,,1,0,Simbad,78.38100,-68.69635,,20.732,20.520,,,0.085,0.127,,0
4.343270,78.3840833,-68.69675,LMC,OGLE-LMC-HB-0145,RG,05 13 32.18,-68 41 48.3,LMC503.32.69604,,15.52,17.219,495.51280076,9380.1486,0.056,0.287,75.05,40.49,,1,0,Simbad,78.38517,-68.69789,,20.352,19.232,18.278,,0.096,0.093,0.092,0
4.416282,78.3840833,-68.69675,LMC,OGLE-LMC-HB-0145,RG,05 13 32.18,-68 41 48.3,LMC503.32.69604,,15.52,17.219,495.51280076,9380.1486,0.056,0.287,75.05,40.49,,1,0,Simbad,78.38139,-68.69749,,20.017,19.269,18.395,,0.073,0.065,0.079,0
0.095889,78.3875,-68.9388056,LMC,OGLE-LMC-HB-0146,RG,05 13 33.00,-68 56 19.7,LMC503.32.40864,,16.584,18.079,180.04780434,9107.0665,0.036,0.2813,41.1,178.69,,1,0,Simbad,78.38748,-68.93878,20.683,19.134,17.673,16.159,0.230,0.108,0.100,0.050,10
1.147296,78.3875,-68.9388056,LMC,OGLE-LMC-HB-0146,RG,05 13 33.00,-68 56 19.7,LMC503.32.40864,,16.584,18.079,180.04780434,9107.0665,0.036,0.2813,41.1,178.69,,1,0,Simbad,78.38790,-68.93909,,21.098,20.541,,,0.170,0.261,,0
3.212505,78.3875,-68.9388056,LMC,OGLE-LMC-HB-0146,RG,05 13 33.00,-68 56 19.7,LMC503.32.40864,,16.584,18.079,180.04780434,9107.0665,0.036,0.2813,41.1,178.69,,1,0,Simbad,78.38994,-68.93864,,20.978,20.506,20.231,,0.108,0.128,0.211,0
3.698622,78.3875,-68.9388056,LMC,OGLE-LMC-HB-0146,RG,05 13 33.00,-68 56 19.7,LMC503.32.40864,,16.584,18.079,180.04780434,9107.0665,0.036,0.2813,41.1,178.69,,1,0,Simbad,78.38772,-68.93983,20.679,20.208,19.166,18.304,0.242,0.094,0.060,0.072,10
4.719017,78.3875,-68.9388056,LMC,OGLE-LMC-HB-0146,RG,05 13 33.00,-68 56 19.7,LMC503.32.40864,,16.584,18.079,180.04780434,9107.0665,0.036,0.2813,41.1,178.69,,1,0,Simbad,78.38994,-68.93978,19.854,19.763,19.725,19.620,0.120,0.119,0.252,0.243,0
0.158098,78.4270417,-68.9517222,LMC,OGLE-LMC-HB-0147,RG,05 13 42.49,-68 57 06.2,LMC503.32.40832,,16.688,17.981,204.86200248,9028.0232,0.023,0.1378,51.83,179.82,ECL,0,0,Simbad,78.42693,-68.95174,19.567,18.706,17.474,16.170,0.105,0.053,0.066,0.096,10
1.438179,78.4270417,-68.9517222,LMC,OGLE-LMC-HB-0147,RG,05 13 42.49,-68 57 06.2,LMC503.32.40832,,16.688,17.981,204.86200248,9028.0232,0.023,0.1378,51.83,179.82,ECL,0,0,Simbad,78.42737,-68.95134,20.080,20.041,19.224,18.449,0.225,0.193,0.225,0.124,0
2.509486,78.4270417,-68.9517222,LMC,OGLE-LMC-HB-0147,RG,05 13 42.49,-68 57 06.2,LMC503.32.40832,,16.688,17.981,204.86200248,9028.0232,0.023,0.1378,51.83,179.82,ECL,0,0,Simbad,78.42514,-68.95187,20.692,19.795,19.007,18.289,0.197,0.095,0.115,0.067,10
4.476945,78.4270417,-68.9517222,LMC,OGLE-LMC-HB-0147,RG,05 13 42.49,-68 57 06.2,LMC503.32.40832,,16.688,17.981,204.86200248,9028.0232,0.023,0.1378,51.83,179.82,ECL,0,0,Simbad,78.42427,-68.95247,18.550,18.627,17.937,16.960,0.084,0.073,0.085,0.101,10
4.903439,78.4270417,-68.9517222,LMC,OGLE-LMC-HB-0147,RG,05 13 42.49,-68 57 06.2,LMC503.32.40832,,16.688,17.981,204.86200248,9028.0232,0.023,0.1378,51.83,179.82,ECL,0,0,Simbad,78.42650,-68.95307,20.447,19.813,19.264,18.642,0.234,0.106,0.081,0.071,10
0.354897,78.434625,-71.65825,LMC,OGLE-LMC-HB-0148,RG,05 13 44.31,-71 39 29.7,LMC501.24.2342,OGLE-LMC-ECL-30750,16.636,17.928,186.24519172,9014.4916,0.038,0.2803,54.46,56.89,,1,1,Simbad,78.43490,-71.65820,19.874,18.932,17.672,16.420,0.140,0.033,0.031,0.044,10
3.214999,78.434625,-71.65825,LMC,OGLE-LMC-HB-0148,RG,05 13 44.31,-71 39 29.7,LMC501.24.2342,OGLE-LMC-ECL-30750,16.636,17.928,186.24519172,9014.4916,0.038,0.2803,54.46,56.89,,1,1,Simbad,78.43180,-71.65835,,21.828,21.088,20.618,,0.152,0.127,0.181,0
0.137911,78.4484167,-69.51375,LMC,OGLE-LMC-HB-0149,RG,05 13 47.62,-69 30 49.5,LMC503.15.12706,,15.592,17.145,306.27007567,9269.2589,0.029,0.1022,48.29,60.22,,1,0,Simbad,78.44848,-69.51372,20.643,18.606,17.018,15.447,0.244,0.058,0.072,0.054,10
3.105467,78.4484167,-69.51375,LMC,OGLE-LMC-HB-0149,RG,05 13 47.62,-69 30 49.5,LMC503.15.12706,,15.592,17.145,306.27007567,9269.2589,0.029,0.1022,48.29,60.22,,1,0,Simbad,78.44619,-69.51412,19.247,19.241,18.354,,0.093,0.104,0.093,,0
3.903777,78.4484167,-69.51375,LMC,OGLE-LMC-HB-0149,RG,05 13 47.62,-69 30 49.5,LMC503.15.12706,,15.592,17.145,306.27007567,9269.2589,0.029,0.1022,48.29,60.22,,1,0,Simbad,78.45151,-69.51376,19.213,19.191,19.130,19.635,0.086,0.052,0.107,0.119,10
4.486801,78.4484167,-69.51375,LMC,OGLE-LMC-HB-0149,RG,05 13 47.62,-69 30 49.5,LMC503.15.12706,,15.592,17.145,306.27007567,9269.2589,0.029,0.1022,48.29,60.22,,1,0,Simbad,78.44948,-69.51494,,20.866,19.893,19.112,,0.252,0.142,0.077,0
4.864973,78.4484167,-69.51375,LMC,OGLE-LMC-HB-0149,RG,05 13 47.62,-69 30 49.5,LMC503.15.12706,,15.592,17.145,306.27007567,9269.2589,0.029,0.1022,48.29,60.22,,1,0,Simbad,78.44966,-69.51247,,20.303,19.664,19.251,,0.084,0.136,0.160,0
0.214440,78.4704167,-69.7908333,LMC,OGLE-LMC-HB-0150,RG,05 13 52.90,-69 47 27.0,LMC503.07.10072,EROS2-star-lm009-4m-6298,15.913,17.172,180.00921933,9074.7699,0.059,0.2925,77.73,158.24,,1,0,Simbad,78.47034,-69.79078,18.979,18.164,17.187,15.752,0.078,0.033,0.062,0.079,10
2.637452,78.4704167,-69.7908333,LMC,OGLE-LMC-HB-0150,RG,05 13 52.90,-69 47 27.0,LMC503.07.10072,EROS2-star-lm009-4m-6298,15.913,17.172,180.00921933,9074.7699,0.059,0.2925,77.73,158.24,,1,0,Simbad,78.46847,-69.79112,20.099,20.031,19.055,,0.217,0.045,0.108,,0
3.990978,78.4704167,-69.7908333,LMC,OGLE-LMC-HB-0150,RG,05 13 52.90,-69 47 27.0,LMC503.07.10072,EROS2-star-lm009-4m-6298,15.913,17.172,180.00921933,9074.7699,0.059,0.2925,77.73,158.24,,1,0,Simbad,78.47362,-69.79086,21.347,21.993,21.526,20.497,0.542,0.146,0.325,0.283,0
4.106100,78.4704167,-69.7908333,LMC,OGLE-LMC-HB-0150,RG,05 13 52.90,-69 47 27.0,LMC503.07.10072,EROS2-star-lm009-4m-6298,15.913,17.172,180.00921933,9074.7699,0.059,0.2925,77.73,158.24,,1,0,Simbad,78.47142,-69.79192,,22.388,21.281,21.032,,0.239,0.160,0.237,0
4.276952,78.4704167,-69.7908333,LMC,OGLE-LMC-HB-0150,RG,05 13 52.90,-69 47 27.0,LMC503.07.10072,EROS2-star-lm009-4m-6298,15.913,17.172,180.00921933,9074.7699,0.059,0.2925,77.73,158.24,,1,0,Simbad,78.46703,-69.79103,,19.919,19.071,,,0.065,0.124,,0
0.353368,78.5202083,-69.1122778,LMC,OGLE-LMC-HB-0151,RG,05 14 04.85,-69 06 44.2,LMC503.24.28329,2MASS-J05140485-6906441,14.94,16.638,368.29166058,9028.359,0.148,0.2746,72.33,69.38,TEO,1,0,Simbad,78.52018,-69.11218,19.821,18.098,16.538,14.922,0.128,0.045,0.037,0.038,10
3.515855,78.5202083,-69.1122778,LMC,OGLE-LMC-HB-0151,RG,05 14 04.85,-69 06 44.2,LMC503.24.28329,2MASS-J05140485-6906441,14.94,16.638,368.29166058,9028.359,0.148,0.2746,72.33,69.38,TEO,1,0,Simbad,78.52186,-69.11150,20.759,19.726,18.194,17.010,0.295,0.072,0.052,0.052,10
3.525304,78.5202083,-69.1122778,LMC,OGLE-LMC-HB-0151,RG,05 14 04.85,-69 06 44.2,LMC503.24.28329,2MASS-J05140485-6906441,14.94,16.638,368.29166058,9028.359,0.148,0.2746,72.33,69.38,TEO,1,0,Simbad,78.51834,-69.11156,19.146,19.404,19.143,19.146,0.088,0.070,0.067,0.096,10
4.219216,78.5202083,-69.1122778,LMC,OGLE-LMC-HB-0151,RG,05 14 04.85,-69 06 44.2,LMC503.24.28329,2MASS-J05140485-6906441,14.94,16.638,368.29166058,9028.359,0.148,0.2746,72.33,69.38,TEO,1,0,Simbad,78.52243,-69.11314,21.079,20.289,19.338,18.510,0.271,0.206,0.146,0.133,0
4.222477,78.5202083,-69.1122778,LMC,OGLE-LMC-HB-0151,RG,05 14 04.85,-69 06 44.2,LMC503.24.28329,2MASS-J05140485-6906441,14.94,16.638,368.29166058,9028.359,0.148,0.2746,72.33,69.38,TEO,1,0,Simbad,78.52308,-69.11285,19.522,19.166,18.092,17.150,0.117,0.068,0.098,0.070,10
4.391619,78.5202083,-69.1122778,LMC,OGLE-LMC-HB-0151,RG,05 14 04.85,-69 06 44.2,LMC503.24.28329,2MASS-J05140485-6906441,14.94,16.638,368.29166058,9028.359,0.148,0.2746,72.33,69.38,TEO,1,0,Simbad,78.51787,-69.11317,,20.065,19.644,19.665,,0.093,0.084,0.100,0
4.899915,78.5202083,-69.1122778,LMC,OGLE-LMC-HB-0151,RG,05 14 04.85,-69 06 44.2,LMC503.24.28329,2MASS-J05140485-6906441,14.94,16.638,368.29166058,9028.359,0.148,0.2746,72.33,69.38,TEO,1,0,Simbad,78.51677,-69.11169,18.101,18.007,17.763,17.822,0.061,0.051,0.085,0.070,10
0.262803,78.671,-70.2788333,LMC,OGLE-LMC-HB-0152,RG,05 14 41.04,-70 16 43.8,LMC502.23.47959,2MASS-J05144103-7016437,13.635,15.435,593.19948198,9492.1323,0.044,0.1517,54.49,147.57,TEO,1,0,Simbad,78.67121,-70.27881,18.751,16.838,18.342,13.979,0.060,0.036,0.401,0.197,0
0.265440,78.6758333,-71.2033889,LMC,OGLE-LMC-HB-0153,RG,05 14 42.20,-71 12 12.2,LMC501.31.24834,EROS2-star-lm056-5m-9582,14.707,16.264,360.10284846,9259.2235,0.029,0.2418,32.72,123.42,,1,0,Simbad,78.67592,-71.20332,18.900,17.547,15.911,14.437,0.077,0.030,0.022,0.110,10
4.849691,78.6758333,-71.2033889,LMC,OGLE-LMC-HB-0153,RG,05 14 42.20,-71 12 12.2,LMC501.31.24834,EROS2-star-lm056-5m-9582,14.707,16.264,360.10284846,9259.2235,0.029,0.2418,32.72,123.42,,1,0,Simbad,78.67993,-71.20365,,22.583,21.514,20.956,,0.328,0.145,0.193,0
0.305393,78.6846667,-69.1259444,LMC,OGLE-LMC-HB-0154,MS,05 14 44.32,-69 07 33.4,LMC503.23.91397,OGLE-LMC-ECL-10834,16.723,17.068,11.0748445,9002.3958,0.191,0.1229,89.92,68.65,ECL,0,1,Simbad,78.68469,-69.12586,17.487,17.478,16.790,16.635,0.105,0.050,0.090,0.040,10
1.650748,78.6846667,-69.1259444,LMC,OGLE-LMC-HB-0154,MS,05 14 44.32,-69 07 33.4,LMC503.23.91397,OGLE-LMC-ECL-10834,16.723,17.068,11.0748445,9002.3958,0.191,0.1229,89.92,68.65,ECL,0,1,Simbad,78.68584,-69.12576,17.948,18.203,18.133,18.110,0.086,0.089,0.102,0.184,10
2.107155,78.6846667,-69.1259444,LMC,OGLE-LMC-HB-0154,MS,05 14 44.32,-69 07 33.4,LMC503.23.91397,OGLE-LMC-ECL-10834,16.723,17.068,11.0748445,9002.3958,0.191,0.1229,89.92,68.65,ECL,0,1,Simbad,78.68415,-69.12650,19.711,20.383,19.905,19.573,0.266,0.201,0.142,0.144,0
2.672780,78.6846667,-69.1259444,LMC,OGLE-LMC-HB-0154,MS,05 14 44.32,-69 07 33.4,LMC503.23.91397,OGLE-LMC-ECL-10834,16.723,17.068,11.0748445,9002.3958,0.191,0.1229,89.92,68.65,ECL,0,1,Simbad,78.68436,-69.12521,17.772,18.032,17.994,18.109,0.103,0.061,0.067,0.049,10
3.534563,78.6846667,-69.1259444,LMC,OGLE-LMC-HB-0154,MS,05 14 44.32,-69 07 33.4,LMC503.23.91397,OGLE-LMC-ECL-10834,16.723,17.068,11.0748445,9002.3958,0.191,0.1229,89.92,68.65,ECL,0,1,Simbad,78.68246,-69.12653,,19.066,18.205,17.206,,0.107,0.047,0.048,0
4.135374,78.6846667,-69.1259444,LMC,OGLE-LMC-HB-0154,MS,05 14 44.32,-69 07 33.4,LMC503.23.91397,OGLE-LMC-ECL-10834,16.723,17.068,11.0748445,9002.3958,0.191,0.1229,89.92,68.65,ECL,0,1,Simbad,78.68166,-69.12553,19.455,20.073,19.224,18.794,0.179,0.116,0.085,0.095,20
0.506172,78.7079583,-68.9827778,LMC,OGLE-LMC-HB-0155,RG,05 14 49.91,-68 58 58.0,,,15.566,17.149,322.1674499,9059.3375,0.06,0.2609,64.33,149.66,,1,0,Simbad,78.70788,-68.98264,,18.545,16.809,15.590,,0.046,0.076,0.070,0
2.167828,78.7079583,-68.9827778,LMC,OGLE-LMC-HB-0155,RG,05 14 49.91,-68 58 58.0,,,15.566,17.149,322.1674499,9059.3375,0.06,0.2609,64.33,149.66,,1,0,Simbad,78.70797,-68.98338,,20.725,19.627,18.699,,0.194,0.149,0.170,0
2.883177,78.7079583,-68.9827778,LMC,OGLE-LMC-HB-0155,RG,05 14 49.91,-68 58 58.0,,,15.566,17.149,322.1674499,9059.3375,0.06,0.2609,64.33,149.66,,1,0,Simbad,78.70995,-68.98314,20.328,18.290,16.789,15.203,0.179,0.038,0.085,0.040,10
3.659918,78.7079583,-68.9827778,LMC,OGLE-LMC-HB-0155,RG,05 14 49.91,-68 58 58.0,,,15.566,17.149,322.1674499,9059.3375,0.06,0.2609,64.33,149.66,,1,0,Simbad,78.70869,-68.98376,20.215,18.937,17.622,16.286,0.221,0.057,0.039,0.044,10
3.831366,78.7079583,-68.9827778,LMC,OGLE-LMC-HB-0155,RG,05 14 49.91,-68 58 58.0,,,15.566,17.149,322.1674499,9059.3375,0.06,0.2609,64.33,149.66,,1,0,Simbad,78.71061,-68.98230,19.822,21.259,19.839,19.194,0.270,0.376,0.152,0.143,0
4.798804,78.7079583,-68.9827778,LMC,OGLE-LMC-HB-0155,RG,05 14 49.91,-68 58 58.0,,,15.566,17.149,322.1674499,9059.3375,0.06,0.2609,64.33,149.66,,1,0,Simbad,78.70829,-68.98145,18.488,17.997,17.226,16.442,0.073,0.046,0.048,0.049,10
4.898057,78.7079583,-68.9827778,LMC,OGLE-LMC-HB-0155,RG,05 14 49.91,-68 58 58.0,,,15.566,17.149,322.1674499,9059.3375,0.06,0.2609,64.33,149.66,,1,0,Simbad,78.70421,-68.98258,18.999,18.902,18.779,18.785,0.097,0.069,0.089,0.116,10
0.418823,78.7099583,-68.7551389,LMC,OGLE-LMC-HB-0156,RG,05 14 50.39,-68 45 18.5,LMC503.31.66290,,16.013,17.495,249.35481409,9160.4186,0.045,0.2863,62.1,24.91,,1,0,Simbad,78.70985,-68.75503,,18.717,17.222,15.859,,0.048,0.034,0.039,0
3.935460,78.7099583,-68.7551389,LMC,OGLE-LMC-HB-0156,RG,05 14 50.39,-68 45 18.5,LMC503.31.66290,,16.013,17.495,249.35481409,9160.4186,0.045,0.2863,62.1,24.91,,1,0,Simbad,78.70722,-68.75468,,20.773,20.644,20.097,,0.123,0.134,0.142,0
4.122555,78.7099583,-68.7551389,LMC,OGLE-LMC-HB-0156,RG,05 14 50.39,-68 45 18.5,LMC503.31.66290,,16.013,17.495,249.35481409,9160.4186,0.045,0.2863,62.1,24.91,,1,0,Simbad,78.70724,-68.75572,,21.012,20.589,20.445,,0.117,0.094,0.176,0
4.868517,78.7099583,-68.7551389,LMC,OGLE-LMC-HB-0156,RG,05 14 50.39,-68 45 18.5,LMC503.31.66290,,16.013,17.495,249.35481409,9160.4186,0.045,0.2863,62.1,24.91,,1,0,Simbad,78.71182,-68.75631,,20.173,19.801,19.821,,0.079,0.073,0.127,0
0.394806,78.7109167,-69.0857222,LMC,OGLE-LMC-HB-0157,MS,05 14 50.62,-69 05 08.6,LMC503.23.91256,OGLE-LMC-ECL-10876,15.84,15.786,6.45022953,9003.007,0.025,0.2759,52.29,160.11,ECL,0,1,Simbad,78.71080,-69.08562,15.040,15.668,15.727,15.938,0.163,0.032,0.040,0.046,10
3.416945,78.7109167,-69.0857222,LMC,OGLE-LMC-HB-0157,MS,05 14 50.62,-69 05 08.6,LMC503.23.91256,OGLE-LMC-ECL-10876,15.84,15.786,6.45022953,9003.007,0.025,0.2759,52.29,160.11,ECL,0,1,Simbad,78.71315,-69.08624,,19.771,19.036,18.219,,0.092,0.187,0.069,0
3.438903,78.7109167,-69.0857222,LMC,OGLE-LMC-HB-0157,MS,05 14 50.62,-69 05 08.6,LMC503.23.91256,OGLE-LMC-ECL-10876,15.84,15.786,6.45022953,9003.007,0.025,0.2759,52.29,160.11,ECL,0,1,Simbad,78.71203,-69.08659,18.951,18.740,17.944,17.631,0.120,0.052,0.088,0.131,10
4.369886,78.7109167,-69.0857222,LMC,OGLE-LMC-HB-0157,MS,05 14 50.62,-69 05 08.6,LMC503.23.91256,OGLE-LMC-ECL-10876,15.84,15.786,6.45022953,9003.007,0.025,0.2759,52.29,160.11,ECL,0,1,Simbad,78.70993,-69.08456,19.269,18.333,17.322,16.381,0.105,0.056,0.072,0.124,10
0.292169,78.7695417,-69.5111944,LMC,OGLE-LMC-HB-0159,RG,05 15 04.69,-69 30 40.3,LMC503.14.83048,,14.476,15.839,268.32942339,9244.8201,0.021,0.1238,65.36,58.82,,0,0,Simbad,78.76977,-69.51118,18.752,17.132,15.724,14.252,0.097,0.055,0.044,0.070,10
1.796487,78.7695417,-69.5111944,LMC,OGLE-LMC-HB-0159,RG,05 15 04.69,-69 30 40.3,LMC503.14.83048,,14.476,15.839,268.32942339,9244.8201,0.021,0.1238,65.36,58.82,,0,0,Simbad,78.76911,-69.51167,16.328,19.181,16.988,17.327,0.047,0.240,0.101,0.162,0
3.379023,78.7695417,-69.5111944,LMC,OGLE-LMC-HB-0159,RG,05 15 04.69,-69 30 40.3,LMC503.14.83048,,14.476,15.839,268.32942339,9244.8201,0.021,0.1238,65.36,58.82,,0,0,Simbad,78.77198,-69.51080,20.651,20.166,19.352,,0.289,0.125,0.113,,0
4.477865,78.7695417,-69.5111944,LMC,OGLE-LMC-HB-0159,RG,05 15 04.69,-69 30 40.3,LMC503.14.83048,,14.476,15.839,268.32942339,9244.8201,0.021,0.1238,65.36,58.82,,0,0,Simbad,78.77031,-69.50998,20.040,19.930,19.395,,0.156,0.068,0.093,,0
0.301280,78.774625,-69.3521667,LMC,OGLE-LMC-HB-0160,RG,05 15 05.91,-69 21 07.8,LMC503.14.114582,OGLE-LMC-ECL-10992,16.265,17.651,255.70516203,9044.0198,0.047,0.305,86.79,60.29,ECL,0,1,Simbad,78.77472,-69.35209,,18.998,17.405,16.167,,0.114,0.078,0.062,0
3.496425,78.774625,-69.3521667,LMC,OGLE-LMC-HB-0160,RG,05 15 05.91,-69 21 07.8,LMC503.14.114582,OGLE-LMC-ECL-10992,16.265,17.651,255.70516203,9044.0198,0.047,0.305,86.79,60.29,ECL,0,1,Simbad,78.77283,-69.35143,19.825,19.418,18.680,19.093,0.153,0.110,0.185,0.146,20
4.339368,78.774625,-69.3521667,LMC,OGLE-LMC-HB-0160,RG,05 15 05.91,-69 21 07.8,LMC503.14.114582,OGLE-LMC-ECL-10992,16.265,17.651,255.70516203,9044.0198,0.047,0.305,86.79,60.29,ECL,0,1,Simbad,78.77624,-69.35323,,19.916,18.929,18.067,,0.081,0.156,0.079,0
4.632809,78.774625,-69.3521667,LMC,OGLE-LMC-HB-0160,RG,05 15 05.91,-69 21 07.8,LMC503.14.114582,OGLE-LMC-ECL-10992,16.265,17.651,255.70516203,9044.0198,0.047,0.305,86.79,60.29,ECL,0,1,Simbad,78.77778,-69.35152,,20.450,19.247,18.328,,0.144,0.146,0.090,0
4.853347,78.774625,-69.3521667,LMC,OGLE-LMC-HB-0160,RG,05 15 05.91,-69 21 07.8,LMC503.14.114582,OGLE-LMC-ECL-10992,16.265,17.651,255.70516203,9044.0198,0.047,0.305,86.79,60.29,ECL,0,1,Simbad,78.77085,-69.35238,,21.294,20.026,20.030,,0.211,0.178,0.229,0
0.392365,78.8879167,-69.0561667,LMC,OGLE-LMC-HB-0161,RG,05 15 33.10,-69 03 22.2,LMC503.23.47687,,16.215,17.633,232.8515891,9222.0721,0.021,0.1398,63.0,38.75,,1,0,Simbad,78.88770,-69.05609,,18.978,17.577,16.130,,0.069,0.058,0.054,0
2.481718,78.8879167,-69.0561667,LMC,OGLE-LMC-HB-0161,RG,05 15 33.10,-69 03 22.2,LMC503.23.47687,,16.215,17.633,232.8515891,9222.0721,0.021,0.1398,63.0,38.75,,1,0,Simbad,78.88984,-69.05618,16.377,16.552,16.454,16.515,0.076,0.038,0.058,0.046,10
3.229583,78.8879167,-69.0561667,LMC,OGLE-LMC-HB-0161,RG,05 15 33.10,-69 03 22.2,LMC503.23.47687,,16.215,17.633,232.8515891,9222.0721,0.021,0.1398,63.0,38.75,,1,0,Simbad,78.88692,-69.05699,,20.065,19.585,18.609,,0.197,0.132,0.120,0
3.543673,78.8879167,-69.0561667,LMC,OGLE-LMC-HB-0161,RG,05 15 33.10,-69 03 22.2,LMC503.23.47687,,16.215,17.633,232.8515891,9222.0721,0.021,0.1398,63.0,38.75,,1,0,Simbad,78.88544,-69.05574,,21.861,21.213,20.471,,0.384,0.280,0.329,0
4.479959,78.8879167,-69.0561667,LMC,OGLE-LMC-HB-0161,RG,05 15 33.10,-69 03 22.2,LMC503.23.47687,,16.215,17.633,232.8515891,9222.0721,0.021,0.1398,63.0,38.75,,1,0,Simbad,78.88650,-69.05503,,20.701,19.964,19.517,,0.179,0.097,0.122,0
0.491493,78.9927083,-69.3250833,LMC,OGLE-LMC-HB-0162,RG,05 15 58.25,-69 19 30.3,LMC503.14.53789,OGLE-LMC-ECL-11356,15.543,16.679,295.18888265,9140.8287,0.014,0.2663,58.27,174.62,ECL,0,1,Simbad,78.99262,-69.32495,17.738,17.565,16.792,18.141,0.062,0.037,0.061,0.502,0
2.522305,78.9927083,-69.3250833,LMC,OGLE-LMC-HB-0162,RG,05 15 58.25,-69 19 30.3,LMC503.14.53789,OGLE-LMC-ECL-11356,15.543,16.679,295.18888265,9140.8287,0.014,0.2663,58.27,174.62,ECL,0,1,Simbad,78.99103,-69.32546,19.332,19.309,18.634,17.937,0.101,0.061,0.077,0.077,10
2.720187,78.9927083,-69.3250833,LMC,OGLE-LMC-HB-0162,RG,05 15 58.25,-69 19 30.3,LMC503.14.53789,OGLE-LMC-ECL-11356,15.543,16.679,295.18888265,9140.8287,0.014,0.2663,58.27,174.62,ECL,0,1,Simbad,78.99484,-69.32504,19.448,18.694,17.135,15.323,0.211,0.044,0.091,0.057,20
3.682375,78.9927083,-69.3250833,LMC,OGLE-LMC-HB-0162,RG,05 15 58.25,-69 19 30.3,LMC503.14.53789,OGLE-LMC-ECL-11356,15.543,16.679,295.18888265,9140.8287,0.014,0.2663,58.27,174.62,ECL,0,1,Simbad,78.99336,-69.32608,18.817,18.764,18.206,17.118,0.104,0.068,0.096,0.110,10
3.867185,78.9927083,-69.3250833,LMC,OGLE-LMC-HB-0162,RG,05 15 58.25,-69 19 30.3,LMC503.14.53789,OGLE-LMC-ECL-11356,15.543,16.679,295.18888265,9140.8287,0.014,0.2663,58.27,174.62,ECL,0,1,Simbad,78.99284,-69.32401,,20.118,19.926,,,0.103,0.183,,0
4.282902,78.9927083,-69.3250833,LMC,OGLE-LMC-HB-0162,RG,05 15 58.25,-69 19 30.3,LMC503.14.53789,OGLE-LMC-ECL-11356,15.543,16.679,295.18888265,9140.8287,0.014,0.2663,58.27,174.62,ECL,0,1,Simbad,78.99509,-69.32424,20.637,20.058,19.083,,0.431,0.083,0.159,,0
4.386180,78.9927083,-69.3250833,LMC,OGLE-LMC-HB-0162,RG,05 15 58.25,-69 19 30.3,LMC503.14.53789,OGLE-LMC-ECL-11356,15.543,16.679,295.18888265,9140.8287,0.014,0.2663,58.27,174.62,ECL,0,1,Simbad,78.99582,-69.32561,,20.959,20.417,20.257,,0.184,0.206,0.511,0
4.506710,78.9927083,-69.3250833,LMC,OGLE-LMC-HB-0162,RG,05 15 58.25,-69 19 30.3,LMC503.14.53789,OGLE-LMC-ECL-11356,15.543,16.679,295.18888265,9140.8287,0.014,0.2663,58.27,174.62,ECL,0,1,Simbad,78.99238,-69.32633,20.876,19.936,19.633,,0.336,0.159,0.217,,0
0.509012,79.0556667,-69.718,LMC,OGLE-LMC-HB-0163,RG,05 16 13.36,-69 43 04.8,LMC503.06.25387,OGLE-LMC-ECL-11458,15.435,17.128,425.97483701,9410.8396,0.032,0.2439,65.56,52.1,,1,1,Simbad,79.05561,-69.71786,20.155,18.504,16.949,15.189,0.182,0.034,0.048,0.048,10
2.501747,79.0556667,-69.718,LMC,OGLE-LMC-HB-0163,RG,05 16 13.36,-69 43 04.8,LMC503.06.25387,OGLE-LMC-ECL-11458,15.435,17.128,425.97483701,9410.8396,0.032,0.2439,65.56,52.1,,1,1,Simbad,79.05431,-69.71749,,21.046,20.407,,,0.107,0.259,,0
2.528605,79.0556667,-69.718,LMC,OGLE-LMC-HB-0163,RG,05 16 13.36,-69 43 04.8,LMC503.06.25387,OGLE-LMC-ECL-11458,15.435,17.128,425.97483701,9410.8396,0.032,0.2439,65.56,52.1,,1,1,Simbad,79.05636,-69.71866,,21.291,21.209,,,0.140,0.254,,0
3.538648,79.0556667,-69.718,LMC,OGLE-LMC-HB-0163,RG,05 16 13.36,-69 43 04.8,LMC503.06.25387,OGLE-LMC-ECL-11458,15.435,17.128,425.97483701,9410.8396,0.032,0.2439,65.56,52.1,,1,1,Simbad,79.05838,-69.71772,,21.004,19.557,18.557,,0.084,0.089,0.099,0
3.605646,79.0556667,-69.718,LMC,OGLE-LMC-HB-0163,RG,05 16 13.36,-69 43 04.8,LMC503.06.25387,OGLE-LMC-ECL-11458,15.435,17.128,425.97483701,9410.8396,0.032,0.2439,65.56,52.1,,1,1,Simbad,79.05834,-69.71838,20.989,19.912,18.872,17.928,0.321,0.050,0.079,0.059,10
4.836959,79.0556667,-69.718,LMC,OGLE-LMC-HB-0163,RG,05 16 13.36,-69 43 04.8,LMC503.06.25387,OGLE-LMC-ECL-11458,15.435,17.128,425.97483701,9410.8396,0.032,0.2439,65.56,52.1,,1,1,Simbad,79.05741,-69.71680,21.080,21.015,20.344,19.795,0.337,0.088,0.246,0.153,0
0.279633,79.0749167,-67.2293056,LMC,OGLE-LMC-HB-0164,MS,05 16 17.98,-67 13 45.5,LMC505.06.12632,OGLE-LMC-ECL-31109,15.543,15.386,4.72009719,9002.5596,0.014,0.3537,40.44,150.14,ECL,0,1,Simbad,79.07487,-67.22923,14.477,15.278,15.414,15.648,0.024,0.029,0.023,0.024,10
0.436300,79.0929167,-69.0436111,LMC,OGLE-LMC-HB-0165,RG,05 16 22.30,-69 02 37.0,LMC503.23.47709,,15.748,17.313,514.41316724,9297.976,0.036,0.4367,63.34,161.9,,1,0,Simbad,79.09290,-69.04349,21.149,18.929,17.338,15.680,0.322,0.061,0.039,0.057,10
3.029470,79.0929167,-69.0436111,LMC,OGLE-LMC-HB-0165,RG,05 16 22.30,-69 02 37.0,LMC503.23.47709,,15.748,17.313,514.41316724,9297.976,0.036,0.4367,63.34,161.9,,1,0,Simbad,79.09238,-69.04443,,19.783,19.294,18.182,,0.073,0.106,0.071,0
3.320636,79.0929167,-69.0436111,LMC,OGLE-LMC-HB-0165,RG,05 16 22.30,-69 02 37.0,LMC503.23.47709,,15.748,17.313,514.41316724,9297.976,0.036,0.4367,63.34,161.9,,1,0,Simbad,79.09101,-69.04299,,21.132,20.951,,,0.285,0.249,,0
3.509898,79.0929167,-69.0436111,LMC,OGLE-LMC-HB-0165,RG,05 16 22.30,-69 02 37.0,LMC503.23.47709,,15.748,17.313,514.41316724,9297.976,0.036,0.4367,63.34,161.9,,1,0,Simbad,79.09046,-69.04403,,20.790,20.322,,,0.130,0.122,,0
4.334805,79.0929167,-69.0436111,LMC,OGLE-LMC-HB-0165,RG,05 16 22.30,-69 02 37.0,LMC503.23.47709,,15.748,17.313,514.41316724,9297.976,0.036,0.4367,63.34,161.9,,1,0,Simbad,79.09527,-69.04275,21.451,20.566,20.065,19.530,0.519,0.128,0.181,0.120,0
0.516280,79.105125,-67.8838333,LMC,OGLE-LMC-HB-0166,RG,05 16 25.23,-67 53 01.8,LMC504.23.18072,OGLE-LMC-ECL-11523,15.931,17.402,482.86090865,9287.7568,0.03,0.5132,65.69,65.64,,1,1,Simbad,79.10514,-67.88369,19.724,18.704,17.143,15.636,0.133,0.029,0.054,0.040,10
0.403325,79.105875,-69.482,LMC,OGLE-LMC-HB-0167,MS,05 16 25.41,-69 28 55.2,LMC503.13.85800,[BE74]-232,15.065,15.312,242.66963051,9056.5933,0.038,0.1522,21.32,22.32,OSARG/ECL,0,0,Simbad,79.10594,-69.48189,14.476,15.132,15.237,14.877,0.032,0.072,0.055,0.204,0
1.886218,79.105875,-69.482,LMC,OGLE-LMC-HB-0167,MS,05 16 25.41,-69 28 55.2,LMC503.13.85800,[BE74]-232,15.065,15.312,242.66963051,9056.5933,0.038,0.1522,21.32,22.32,OSARG/ECL,0,0,Simbad,79.10733,-69.48188,17.879,18.471,18.409,18.238,0.114,0.128,0.366,0.115,0
3.747995,79.105875,-69.482,LMC,OGLE-LMC-HB-0167,MS,05 16 25.41,-69 28 55.2,LMC503.13.85800,[BE74]-232,15.065,15.312,242.66963051,9056.5933,0.038,0.1522,21.32,22.32,OSARG/ECL,0,0,Simbad,79.10771,-69.48282,20.512,19.942,19.151,19.095,0.255,0.153,0.162,0.172,10
3.863080,79.105875,-69.482,LMC,OGLE-LMC-HB-0167,MS,05 16 25.41,-69 28 55.2,LMC503.13.85800,[BE74]-232,15.065,15.312,242.66963051,9056.5933,0.038,0.1522,21.32,22.32,OSARG/ECL,0,0,Simbad,79.10476,-69.48100,,20.553,19.093,18.827,,0.259,0.194,0.119,0
4.686380,79.105875,-69.482,LMC,OGLE-LMC-HB-0167,MS,05 16 25.41,-69 28 55.2,LMC503.13.85800,[BE74]-232,15.065,15.312,242.66963051,9056.5933,0.038,0.1522,21.32,22.32,OSARG/ECL,0,0,Simbad,79.10235,-69.48159,19.262,18.763,18.380,18.026,0.116,0.060,0.132,0.195,10
0.536451,79.1114583,-67.6486389,LMC,OGLE-LMC-HB-0168,RG,05 16 26.75,-67 38 55.1,LMC504.31.3862,MACHO--16.5887.21,15.371,17.11,495.61218712,9216.1265,0.046,0.3783,89.02,102.86,OSARG,1,0,Simbad,79.11147,-67.64849,20.087,18.441,16.827,15.046,0.165,0.033,0.026,0.040,10
0.600508,79.1194583,-69.5238333,LMC,OGLE-LMC-HB-0169,RG,05 16 28.67,-69 31 25.8,LMC503.13.85866,MACHO--78.5859.195,15.916,17.361,237.80830778,9095.6721,0.029,0.2687,48.95,178.08,,1,0,Simbad,79.11955,-69.52367,19.158,18.490,16.981,15.650,0.178,0.083,0.069,0.041,10
1.741741,79.1194583,-69.5238333,LMC,OGLE-LMC-HB-0169,RG,05 16 28.67,-69 31 25.8,LMC503.13.85866,MACHO--78.5859.195,15.916,17.361,237.80830778,9095.6721,0.029,0.2687,48.95,178.08,,1,0,Simbad,79.12078,-69.52397,,19.584,19.563,19.419,,0.155,0.156,0.217,0
3.208927,79.1194583,-69.5238333,LMC,OGLE-LMC-HB-0169,RG,05 16 28.67,-69 31 25.8,LMC503.13.85866,MACHO--78.5859.195,15.916,17.361,237.80830778,9095.6721,0.029,0.2687,48.95,178.08,,1,0,Simbad,79.12128,-69.52321,20.802,20.602,19.620,19.722,0.332,0.208,0.085,0.217,0
4.783628,79.1194583,-69.5238333,LMC,OGLE-LMC-HB-0169,RG,05 16 28.67,-69 31 25.8,LMC503.13.85866,MACHO--78.5859.195,15.916,17.361,237.80830778,9095.6721,0.029,0.2687,48.95,178.08,,1,0,Simbad,79.11576,-69.52353,18.300,18.148,17.754,17.530,0.065,0.046,0.058,0.062,10
4.996888,79.1194583,-69.5238333,LMC,OGLE-LMC-HB-0169,RG,05 16 28.67,-69 31 25.8,LMC503.13.85866,MACHO--78.5859.195,15.916,17.361,237.80830778,9095.6721,0.029,0.2687,48.95,178.08,,1,0,Simbad,79.12343,-69.52380,18.597,18.136,17.842,17.135,0.083,0.051,0.073,0.054,10
0.312370,79.1194583,-68.9910833,LMC,OGLE-LMC-HB-0170,RG,05 16 28.67,-68 59 27.9,,,15.644,17.288,413.18715809,9189.2774,0.035,0.2989,67.88,64.72,,1,0,Simbad,79.11939,-68.99100,20.915,18.391,17.296,15.723,0.256,0.122,0.074,0.104,20
2.182884,79.1194583,-68.9910833,LMC,OGLE-LMC-HB-0170,RG,05 16 28.67,-68 59 27.9,,,15.644,17.288,413.18715809,9189.2774,0.035,0.2989,67.88,64.72,,1,0,Simbad,79.11788,-68.99087,,20.337,19.379,18.347,,0.209,0.119,0.115,0
0.488559,79.1574167,-69.5109722,LMC,OGLE-LMC-HB-0171,RG,05 16 37.78,-69 30 39.5,LMC503.13.85711,,14.203,15.642,468.38217952,9173.1134,0.025,0.4122,83.18,85.34,,1,0,Simbad,79.15751,-69.51084,19.108,16.986,15.559,14.005,0.116,0.037,0.054,0.039,10
2.140542,79.1574167,-69.5109722,LMC,OGLE-LMC-HB-0171,RG,05 16 37.78,-69 30 39.5,LMC503.13.85711,,14.203,15.642,468.38217952,9173.1134,0.025,0.4122,83.18,85.34,,1,0,Simbad,79.15614,-69.51058,19.124,19.430,18.415,,0.131,0.138,0.379,,0
4.436010,79.1574167,-69.5109722,LMC,OGLE-LMC-HB-0171,RG,05 16 37.78,-69 30 39.5,LMC503.13.85711,,14.203,15.642,468.38217952,9173.1134,0.025,0.4122,83.18,85.34,,1,0,Simbad,79.16016,-69.51020,20.625,19.840,18.665,17.640,0.255,0.114,0.080,0.056,10
4.478284,79.1574167,-69.5109722,LMC,OGLE-LMC-HB-0171,RG,05 16 37.78,-69 30 39.5,LMC503.13.85711,,14.203,15.642,468.38217952,9173.1134,0.025,0.4122,83.18,85.34,,1,0,Simbad,79.15392,-69.51075,19.653,19.994,19.216,,0.179,0.134,0.152,,0
4.821022,79.1574167,-69.5109722,LMC,OGLE-LMC-HB-0171,RG,05 16 37.78,-69 30 39.5,LMC503.13.85711,,14.203,15.642,468.38217952,9173.1134,0.025,0.4122,83.18,85.34,,1,0,Simbad,79.15487,-69.51197,18.242,18.210,17.764,,0.069,0.063,0.215,,0
0.278718,79.2125,-69.1798333,LMC,OGLE-LMC-HB-0172,RG,05 16 51.00,-69 10 47.4,LMC503.22.72076,2MASS-J05165101-6910473,15.205,16.9,421.70088713,9329.1069,0.049,0.2682,61.35,103.96,OSARG,1,0,Simbad,79.21257,-69.17976,20.623,18.496,16.850,15.185,0.262,0.074,0.050,0.051,10
2.833493,79.2125,-69.1798333,LMC,OGLE-LMC-HB-0172,RG,05 16 51.00,-69 10 47.4,LMC503.22.72076,2MASS-J05165101-6910473,15.205,16.9,421.70088713,9329.1069,0.049,0.2682,61.35,103.96,OSARG,1,0,Simbad,79.21200,-69.18060,19.038,19.113,19.266,,0.102,0.061,0.095,,0
2.968435,79.2125,-69.1798333,LMC,OGLE-LMC-HB-0172,RG,05 16 51.00,-69 10 47.4,LMC503.22.72076,2MASS-J05165101-6910473,15.205,16.9,421.70088713,9329.1069,0.049,0.2682,61.35,103.96,OSARG,1,0,Simbad,79.21027,-69.17960,20.968,21.391,21.448,,0.401,0.244,0.424,,0
3.580109,79.2125,-69.1798333,LMC,OGLE-LMC-HB-0172,RG,05 16 51.00,-69 10 47.4,LMC503.22.72076,2MASS-J05165101-6910473,15.205,16.9,421.70088713,9329.1069,0.049,0.2682,61.35,103.96,OSARG,1,0,Simbad,79.21352,-69.18076,20.882,20.175,19.895,19.743,0.387,0.158,0.153,0.259,0
4.136948,79.2125,-69.1798333,LMC,OGLE-LMC-HB-0172,RG,05 16 51.00,-69 10 47.4,LMC503.22.72076,2MASS-J05165101-6910473,15.205,16.9,421.70088713,9329.1069,0.049,0.2682,61.35,103.96,OSARG,1,0,Simbad,79.21542,-69.17934,19.620,18.941,17.720,16.616,0.146,0.097,0.060,0.073,10
4.295483,79.2125,-69.1798333,LMC,OGLE-LMC-HB-0172,RG,05 16 51.00,-69 10 47.4,LMC503.22.72076,2MASS-J05165101-6910473,15.205,16.9,421.70088713,9329.1069,0.049,0.2682,61.35,103.96,OSARG,1,0,Simbad,79.20943,-69.18032,,19.254,17.654,16.040,,0.066,0.049,0.054,0
0.396740,79.2205,-69.014,LMC,OGLE-LMC-HB-0173,RG,05 16 52.92,-69 00 50.4,LMC503.22.103041,MACHO--79.5867.522,15.945,17.496,277.49034392,9052.699,0.039,0.1061,50.4,30.21,,1,0,Simbad,79.22052,-69.01389,19.342,18.955,17.267,15.747,0.131,0.110,0.067,0.076,20
1.252552,79.2205,-69.014,LMC,OGLE-LMC-HB-0173,RG,05 16 52.92,-69 00 50.4,LMC503.22.103041,MACHO--79.5867.522,15.945,17.496,277.49034392,9052.699,0.039,0.1061,50.4,30.21,,1,0,Simbad,79.21953,-69.01402,,19.580,18.847,17.649,,0.124,0.085,0.092,0
3.054019,79.2205,-69.014,LMC,OGLE-LMC-HB-0173,RG,05 16 52.92,-69 00 50.4,LMC503.22.103041,MACHO--79.5867.522,15.945,17.496,277.49034392,9052.699,0.039,0.1061,50.4,30.21,,1,0,Simbad,79.22001,-69.01483,19.618,19.517,19.188,19.251,0.135,0.108,0.094,0.146,10
3.445039,79.2205,-69.014,LMC,OGLE-LMC-HB-0173,RG,05 16 52.92,-69 00 50.4,LMC503.22.103041,MACHO--79.5867.522,15.945,17.496,277.49034392,9052.699,0.039,0.1061,50.4,30.21,,1,0,Simbad,79.22272,-69.01453,,20.993,20.796,21.027,,0.171,0.200,0.362,0
3.458355,79.2205,-69.014,LMC,OGLE-LMC-HB-0173,RG,05 16 52.92,-69 00 50.4,LMC503.22.103041,MACHO--79.5867.522,15.945,17.496,277.49034392,9052.699,0.039,0.1061,50.4,30.21,,1,0,Simbad,79.22151,-69.01311,,19.941,19.425,18.508,,0.111,0.118,0.113,0
3.606917,79.2205,-69.014,LMC,OGLE-LMC-HB-0173,RG,05 16 52.92,-69 00 50.4,LMC503.22.103041,MACHO--79.5867.522,15.945,17.496,277.49034392,9052.699,0.039,0.1061,50.4,30.21,,1,0,Simbad,79.21842,-69.01333,19.039,18.926,18.557,17.683,0.111,0.056,0.105,0.133,10
3.715931,79.2205,-69.014,LMC,OGLE-LMC-HB-0173,RG,05 16 52.92,-69 00 50.4,LMC503.22.103041,MACHO--79.5867.522,15.945,17.496,277.49034392,9052.699,0.039,0.1061,50.4,30.21,,1,0,Simbad,79.22285,-69.01340,,19.994,19.688,,,0.103,0.084,,0
4.305743,79.2205,-69.014,LMC,OGLE-LMC-HB-0173,RG,05 16 52.92,-69 00 50.4,LMC503.22.103041,MACHO--79.5867.522,15.945,17.496,277.49034392,9052.699,0.039,0.1061,50.4,30.21,,1,0,Simbad,79.21760,-69.01341,,19.998,19.389,19.442,,0.143,0.191,0.251,0
0.175714,79.2539167,-69.96325,LMC,OGLE-LMC-HB-0174,RG,05 17 00.94,-69 57 47.7,LMC502.30.61076,,16.193,17.712,328.43407368,9312.2629,0.023,0.255,64.91,113.25,,1,0,Simbad,79.25383,-69.96329,,18.865,17.440,15.872,,0.058,0.058,0.075,0
2.492196,79.2539167,-69.96325,LMC,OGLE-LMC-HB-0174,RG,05 17 00.94,-69 57 47.7,LMC502.30.61076,,16.193,17.712,328.43407368,9312.2629,0.023,0.255,64.91,113.25,,1,0,Simbad,79.25277,-69.96382,,19.560,19.237,18.869,,0.084,0.080,0.099,0
3.366375,79.2539167,-69.96325,LMC,OGLE-LMC-HB-0174,RG,05 17 00.94,-69 57 47.7,LMC502.30.61076,,16.193,17.712,328.43407368,9312.2629,0.023,0.255,64.91,113.25,,1,0,Simbad,79.25659,-69.96343,,20.318,19.138,17.986,,0.115,0.113,0.112,0
3.481119,79.2539167,-69.96325,LMC,OGLE-LMC-HB-0174,RG,05 17 00.94,-69 57 47.7,LMC502.30.61076,,16.193,17.712,328.43407368,9312.2629,0.023,0.255,64.91,113.25,,1,0,Simbad,79.25643,-69.96281,,21.535,20.564,,,0.231,0.203,,0
4.024255,79.2539167,-69.96325,LMC,OGLE-LMC-HB-0174,RG,05 17 00.94,-69 57 47.7,LMC502.30.61076,,16.193,17.712,328.43407368,9312.2629,0.023,0.255,64.91,113.25,,1,0,Simbad,79.25106,-69.96271,20.948,20.167,19.130,18.070,0.219,0.080,0.321,0.116,0
0.373291,79.2995417,-68.1716111,LMC,OGLE-LMC-HB-0175,RG,05 17 11.89,-68 10 17.8,LMC504.13.33130,,15.425,17.105,546.06461668,9252.6862,0.025,0.388,69.38,0.31,,1,0,Simbad,79.29948,-68.17151,20.268,18.325,16.601,14.946,0.174,0.052,0.030,0.041,10
3.718907,79.2995417,-68.1716111,LMC,OGLE-LMC-HB-0175,RG,05 17 11.89,-68 10 17.8,LMC504.13.33130,,15.425,17.105,546.06461668,9252.6862,0.025,0.388,69.38,0.31,,1,0,Simbad,79.29912,-68.17059,,20.869,19.765,18.729,,0.174,0.076,0.082,0
0.320893,79.314,-69.4338611,LMC,OGLE-LMC-HB-0176,RG,05 17 15.36,-69 26 01.9,LMC503.13.36147,MACHO--78.5981.185,16.183,17.39,207.50684205,9106.6075,0.025,0.1369,88.77,124.52,,1,0,Simbad,79.31389,-69.43378,19.378,18.622,17.301,15.924,0.210,0.087,0.095,0.059,10
1.152017,79.314,-69.4338611,LMC,OGLE-LMC-HB-0176,RG,05 17 15.36,-69 26 01.9,LMC503.13.36147,MACHO--78.5981.185,16.183,17.39,207.50684205,9106.6075,0.025,0.1369,88.77,124.52,,1,0,Simbad,79.31331,-69.43407,19.284,19.046,19.269,,0.110,0.267,0.190,,0
4.007260,79.314,-69.4338611,LMC,OGLE-LMC-HB-0176,RG,05 17 15.36,-69 26 01.9,LMC503.13.36147,MACHO--78.5981.185,16.183,17.39,207.50684205,9106.6075,0.025,0.1369,88.77,124.52,,1,0,Simbad,79.31322,-69.43494,20.185,20.111,20.165,19.956,0.207,0.138,0.222,0.224,0
4.230704,79.314,-69.4338611,LMC,OGLE-LMC-HB-0176,RG,05 17 15.36,-69 26 01.9,LMC503.13.36147,MACHO--78.5981.185,16.183,17.39,207.50684205,9106.6075,0.025,0.1369,88.77,124.52,,1,0,Simbad,79.31240,-69.43283,21.232,19.683,18.294,17.216,0.514,0.113,0.085,0.076,0
4.494724,79.314,-69.4338611,LMC,OGLE-LMC-HB-0176,RG,05 17 15.36,-69 26 01.9,LMC503.13.36147,MACHO--78.5981.185,16.183,17.39,207.50684205,9106.6075,0.025,0.1369,88.77,124.52,,1,0,Simbad,79.31643,-69.43295,20.674,20.859,20.071,20.320,0.401,0.220,0.132,0.224,0
4.867685,79.314,-69.4338611,LMC,OGLE-LMC-HB-0176,RG,05 17 15.36,-69 26 01.9,LMC503.13.36147,MACHO--78.5981.185,16.183,17.39,207.50684205,9106.6075,0.025,0.1369,88.77,124.52,,1,0,Simbad,79.31024,-69.43358,20.824,19.902,18.545,17.582,0.533,0.292,0.135,0.085,0
0.154252,79.3184167,-70.6262222,LMC,OGLE-LMC-HB-0177,RG,05 17 16.42,-70 37 34.4,LMC502.13.11936,,15.344,17.033,613.02151659,9121.3539,0.053,0.386,76.27,60.81,,1,0,Simbad,79.31844,-70.62618,20.017,18.151,16.671,15.001,0.144,0.079,0.141,0.062,10
4.031560,79.3184167,-70.6262222,LMC,OGLE-LMC-HB-0177,RG,05 17 16.42,-70 37 34.4,LMC502.13.11936,,15.344,17.033,613.02151659,9121.3539,0.053,0.386,76.27,60.81,,1,0,Simbad,79.31722,-70.62727,20.817,20.606,20.456,,0.255,0.156,0.172,,0
0.197233,79.3274167,-70.5566944,LMC,OGLE-LMC-HB-0178,RG,05 17 18.58,-70 33 24.1,LMC502.13.18496,,15.765,17.267,313.40799205,9177.0929,0.024,0.3253,55.46,134.99,,1,0,Simbad,79.32732,-70.55665,19.793,18.268,16.986,15.442,0.099,0.051,0.169,0.042,10
2.414419,79.3274167,-70.5566944,LMC,OGLE-LMC-HB-0178,RG,05 17 18.58,-70 33 24.1,LMC502.13.18496,,15.765,17.267,313.40799205,9177.0929,0.024,0.3253,55.46,134.99,,1,0,Simbad,79.32807,-70.55606,19.800,19.669,19.772,,0.132,0.115,0.170,,0
3.668524,79.3274167,-70.5566944,LMC,OGLE-LMC-HB-0178,RG,05 17 18.58,-70 33 24.1,LMC502.13.18496,,15.765,17.267,313.40799205,9177.0929,0.024,0.3253,55.46,134.99,,1,0,Simbad,79.33011,-70.55621,,18.208,16.089,13.878,,0.053,0.074,0.039,0
0.194766,79.3284167,-70.6190278,LMC,OGLE-LMC-HB-0179,RG,05 17 18.82,-70 37 08.5,LMC502.13.11938,EROS2-star-lm057-0k-24951,15.126,16.635,469.8970158,9036.799,0.03,0.3332,65.48,63.18,,1,0,Simbad,79.32834,-70.61898,19.458,17.766,16.421,14.846,0.104,0.048,0.128,0.052,10
4.045287,79.3284167,-70.6190278,LMC,OGLE-LMC-HB-0179,RG,05 17 18.82,-70 37 08.5,LMC502.13.11938,EROS2-star-lm057-0k-24951,15.126,16.635,469.8970158,9036.799,0.03,0.3332,65.48,63.18,,1,0,Simbad,79.32516,-70.61872,20.049,19.571,18.672,17.623,0.153,0.056,0.171,0.046,10
4.637155,79.3284167,-70.6190278,LMC,OGLE-LMC-HB-0179,RG,05 17 18.82,-70 37 08.5,LMC502.13.11938,EROS2-star-lm057-0k-24951,15.126,16.635,469.8970158,9036.799,0.03,0.3332,65.48,63.18,,1,0,Simbad,79.32851,-70.61774,20.489,20.840,20.088,,0.237,0.112,0.184,,0
4.823884,79.3284167,-70.6190278,LMC,OGLE-LMC-HB-0179,RG,05 17 18.82,-70 37 08.5,LMC502.13.11938,EROS2-star-lm057-0k-24951,15.126,16.635,469.8970158,9036.799,0.03,0.3332,65.48,63.18,,1,0,Simbad,79.33191,-70.61970,,20.861,20.871,20.432,,0.139,0.246,0.166,0
0.093293,79.3525833,-67.0302778,LMC,OGLE-LMC-HB-0180,RG,05 17 24.62,-67 01 49.0,LMC505.13.156,OGLE-LMC-ECL-31330,16.338,17.613,247.07586738,9109.051,0.045,0.4321,72.19,52.41,ECL,0,1,Simbad,79.35252,-67.03027,19.197,18.480,17.244,15.931,0.155,0.033,0.026,0.024,10
3.484597,79.3525833,-67.0302778,LMC,OGLE-LMC-HB-0180,RG,05 17 24.62,-67 01 49.0,LMC505.13.156,OGLE-LMC-ECL-31330,16.338,17.613,247.07586738,9109.051,0.045,0.4321,72.19,52.41,ECL,0,1,Simbad,79.35493,-67.02997,,21.965,21.697,,,0.245,0.154,,0
0.385751,79.3756667,-69.5176667,LMC,OGLE-LMC-HB-0181,RG,05 17 30.16,-69 31 03.6,LMC503.13.17215,,15.381,17.128,462.72126352,9242.195,0.033,0.1327,55.93,43.33,OSARG,1,0,Simbad,79.37569,-69.51756,,18.508,17.062,15.180,,0.049,0.059,0.042,0
2.496037,79.3756667,-69.5176667,LMC,OGLE-LMC-HB-0181,RG,05 17 30.16,-69 31 03.6,LMC503.13.17215,,15.381,17.128,462.72126352,9242.195,0.033,0.1327,55.93,43.33,OSARG,1,0,Simbad,79.37565,-69.51836,19.255,18.975,19.075,,0.088,0.059,0.134,,0
3.142804,79.3756667,-69.5176667,LMC,OGLE-LMC-HB-0181,RG,05 17 30.16,-69 31 03.6,LMC503.13.17215,,15.381,17.128,462.72126352,9242.195,0.033,0.1327,55.93,43.33,OSARG,1,0,Simbad,79.37349,-69.51724,18.785,18.609,18.393,18.522,0.071,0.053,0.117,0.089,10
3.170914,79.3756667,-69.5176667,LMC,OGLE-LMC-HB-0181,RG,05 17 30.16,-69 31 03.6,LMC503.13.17215,,15.381,17.128,462.72126352,9242.195,0.033,0.1327,55.93,43.33,OSARG,1,0,Simbad,79.37805,-69.51795,,18.211,18.946,17.574,,0.046,0.067,0.082,0
3.757258,79.3756667,-69.5176667,LMC,OGLE-LMC-HB-0181,RG,05 17 30.16,-69 31 03.6,LMC503.13.17215,,15.381,17.128,462.72126352,9242.195,0.033,0.1327,55.93,43.33,OSARG,1,0,Simbad,79.37724,-69.51678,19.240,18.602,17.596,16.269,0.130,0.057,0.065,0.229,0
3.891255,79.3756667,-69.5176667,LMC,OGLE-LMC-HB-0181,RG,05 17 30.16,-69 31 03.6,LMC503.13.17215,,15.381,17.128,462.72126352,9242.195,0.033,0.1327,55.93,43.33,OSARG,1,0,Simbad,79.37870,-69.51788,18.192,18.244,18.630,,0.072,0.045,0.229,,0
4.004875,79.3756667,-69.5176667,LMC,OGLE-LMC-HB-0181,RG,05 17 30.16,-69 31 03.6,LMC503.13.17215,,15.381,17.128,462.72126352,9242.195,0.033,0.1327,55.93,43.33,OSARG,1,0,Simbad,79.37418,-69.51865,20.339,20.701,19.973,20.139,0.276,0.208,0.184,0.236,0
4.541511,79.3756667,-69.5176667,LMC,OGLE-LMC-HB-0181,RG,05 17 30.16,-69 31 03.6,LMC503.13.17215,,15.381,17.128,462.72126352,9242.195,0.033,0.1327,55.93,43.33,OSARG,1,0,Simbad,79.37483,-69.51644,,21.160,20.148,,,0.208,0.140,,0
0.256331,79.4086667,-69.8134444,LMC,OGLE-LMC-HB-0182,RG,05 17 38.08,-69 48 48.4,LMC503.05.11227,,15.467,17.036,297.17905497,9037.2131,0.054,0.3188,68.86,145.46,,1,0,Simbad,79.40880,-69.81339,19.493,18.488,16.792,14.809,0.144,0.037,0.069,0.142,10
1.769834,79.4086667,-69.8134444,LMC,OGLE-LMC-HB-0182,RG,05 17 38.08,-69 48 48.4,LMC503.05.11227,,15.467,17.036,297.17905497,9037.2131,0.054,0.3188,68.86,145.46,,1,0,Simbad,79.41007,-69.81337,,19.849,18.841,,,0.073,0.155,,0
2.228742,79.4086667,-69.8134444,LMC,OGLE-LMC-HB-0182,RG,05 17 38.08,-69 48 48.4,LMC503.05.11227,,15.467,17.036,297.17905497,9037.2131,0.054,0.3188,68.86,145.46,,1,0,Simbad,79.40707,-69.81373,,19.553,18.390,,,0.045,0.095,,0
3.003622,79.4086667,-69.8134444,LMC,OGLE-LMC-HB-0182,RG,05 17 38.08,-69 48 48.4,LMC503.05.11227,,15.467,17.036,297.17905497,9037.2131,0.054,0.3188,68.86,145.46,,1,0,Simbad,79.40991,-69.81416,19.391,19.256,18.803,,0.127,0.043,0.123,,0
3.738668,79.4086667,-69.8134444,LMC,OGLE-LMC-HB-0182,RG,05 17 38.08,-69 48 48.4,LMC503.05.11227,,15.467,17.036,297.17905497,9037.2131,0.054,0.3188,68.86,145.46,,1,0,Simbad,79.40566,-69.81337,19.964,20.270,19.508,,0.200,0.064,0.090,,0
4.952131,79.4086667,-69.8134444,LMC,OGLE-LMC-HB-0182,RG,05 17 38.08,-69 48 48.4,LMC503.05.11227,,15.467,17.036,297.17905497,9037.2131,0.054,0.3188,68.86,145.46,,1,0,Simbad,79.40850,-69.81207,,19.196,19.118,17.807,,0.050,0.257,0.114,0
0.298118,79.4160417,-69.1826667,LMC,OGLE-LMC-HB-0183,RG,05 17 39.85,-69 10 57.6,LMC503.22.14206,,15.517,17.151,392.49889577,9384.8953,0.018,0.1647,58.47,176.62,,1,0,Simbad,79.41625,-69.18270,,18.684,16.955,15.455,,0.069,0.064,0.046,0
1.829592,79.4160417,-69.1826667,LMC,OGLE-LMC-HB-0183,RG,05 17 39.85,-69 10 57.6,LMC503.22.14206,,15.517,17.151,392.49889577,9384.8953,0.018,0.1647,58.47,176.62,,1,0,Simbad,79.41634,-69.18217,,20.702,20.353,,,0.136,0.438,,0
3.024334,79.4160417,-69.1826667,LMC,OGLE-LMC-HB-0183,RG,05 17 39.85,-69 10 57.6,LMC503.22.14206,,15.517,17.151,392.49889577,9384.8953,0.018,0.1647,58.47,176.62,,1,0,Simbad,79.41499,-69.18342,19.710,19.073,18.469,18.095,0.112,0.096,0.117,0.077,10
3.046595,79.4160417,-69.1826667,LMC,OGLE-LMC-HB-0183,RG,05 17 39.85,-69 10 57.6,LMC503.22.14206,,15.517,17.151,392.49889577,9384.8953,0.018,0.1647,58.47,176.62,,1,0,Simbad,79.41465,-69.18198,20.546,19.970,19.694,19.951,0.194,0.136,0.160,0.172,10
0.290495,79.4306667,-70.50725,LMC,OGLE-LMC-HB-0184,RG,05 17 43.36,-70 30 26.1,LMC502.22.41,,15.694,17.294,381.1263384,9017.2227,0.03,0.241,62.38,164.89,,1,0,Simbad,79.43051,-70.50719,19.933,18.322,16.987,15.384,0.118,0.047,0.073,0.293,0
2.831195,79.4306667,-70.50725,LMC,OGLE-LMC-HB-0184,RG,05 17 43.36,-70 30 26.1,LMC502.22.41,,15.694,17.294,381.1263384,9017.2227,0.03,0.241,62.38,164.89,,1,0,Simbad,79.43162,-70.50653,21.096,20.613,20.112,19.807,0.297,0.073,0.172,0.168,10
3.200329,79.4306667,-70.50725,LMC,OGLE-LMC-HB-0184,RG,05 17 43.36,-70 30 26.1,LMC502.22.41,,15.694,17.294,381.1263384,9017.2227,0.03,0.241,62.38,164.89,,1,0,Simbad,79.43320,-70.50698,19.385,19.619,18.739,19.938,0.085,0.058,0.476,0.125,0
3.900447,79.4306667,-70.50725,LMC,OGLE-LMC-HB-0184,RG,05 17 43.36,-70 30 26.1,LMC502.22.41,,15.694,17.294,381.1263384,9017.2227,0.03,0.241,62.38,164.89,,1,0,Simbad,79.42746,-70.50742,19.353,19.502,18.636,19.798,0.091,0.055,0.362,0.109,0
4.374018,79.4306667,-70.50725,LMC,OGLE-LMC-HB-0184,RG,05 17 43.36,-70 30 26.1,LMC502.22.41,,15.694,17.294,381.1263384,9017.2227,0.03,0.241,62.38,164.89,,1,0,Simbad,79.43413,-70.50762,20.639,20.155,19.084,18.392,0.199,0.078,0.153,0.047,10
0.492354,79.43675,-69.6276667,LMC,OGLE-LMC-HB-0185,MS,05 17 44.82,-69 37 39.6,,OGLE-LMC-ECL-12035,16.482,16.925,31.19359123,9004.5841,0.185,0.5672,64.46,73.57,ECL,0,1,Simbad,79.43676,-69.62753,17.331,17.038,16.609,16.658,0.048,0.046,0.243,0.167,0
2.254174,79.43675,-69.6276667,LMC,OGLE-LMC-HB-0185,MS,05 17 44.82,-69 37 39.6,,OGLE-LMC-ECL-12035,16.482,16.925,31.19359123,9004.5841,0.185,0.5672,64.46,73.57,ECL,0,1,Simbad,79.43618,-69.62826,16.218,16.516,16.490,16.617,0.039,0.037,0.154,0.138,10
3.022725,79.43675,-69.6276667,LMC,OGLE-LMC-HB-0185,MS,05 17 44.82,-69 37 39.6,,OGLE-LMC-ECL-12035,16.482,16.925,31.19359123,9004.5841,0.185,0.5672,64.46,73.57,ECL,0,1,Simbad,79.43619,-69.62685,15.824,15.632,15.055,14.362,0.035,0.034,0.126,0.099,10
3.618005,79.43675,-69.6276667,LMC,OGLE-LMC-HB-0185,MS,05 17 44.82,-69 37 39.6,,OGLE-LMC-ECL-12035,16.482,16.925,31.19359123,9004.5841,0.185,0.5672,64.46,73.57,ECL,0,1,Simbad,79.43631,-69.62866,17.116,17.493,16.763,17.057,0.118,0.052,0.216,0.136,0
0.446089,79.4377917,-69.7213056,LMC,OGLE-LMC-HB-0186,MS,05 17 45.07,-69 43 16.7,LMC503.05.26668,,14.136,14.044,12.64554356,9008.8274,0.018,0.482,35.3,131.31,,1,0,Simbad,79.43810,-69.72124,12.976,13.696,13.863,14.112,0.034,0.045,0.115,0.087,10
4.126941,79.4377917,-69.7213056,LMC,OGLE-LMC-HB-0186,MS,05 17 45.07,-69 43 16.7,LMC503.05.26668,,14.136,14.044,12.64554356,9008.8274,0.018,0.482,35.3,131.31,,1,0,Simbad,79.43731,-69.72244,,19.581,18.117,17.617,,0.246,0.359,0.168,0
4.560126,79.4377917,-69.7213056,LMC,OGLE-LMC-HB-0186,MS,05 17 45.07,-69 43 16.7,LMC503.05.26668,,14.136,14.044,12.64554356,9008.8274,0.018,0.482,35.3,131.31,,1,0,Simbad,79.44061,-69.72211,,20.104,16.902,17.508,,0.078,0.257,0.206,0
4.788690,79.4377917,-69.7213056,LMC,OGLE-LMC-HB-0186,MS,05 17 45.07,-69 43 16.7,LMC503.05.26668,,14.136,14.044,12.64554356,9008.8274,0.018,0.482,35.3,131.31,,1,0,Simbad,79.43644,-69.72006,19.998,19.950,17.957,18.063,0.206,0.303,0.333,0.439,0
0.392711,79.4430417,-69.4858889,LMC,OGLE-LMC-HB-0187,RG,05 17 46.33,-69 29 09.2,LMC503.13.17252,OGLE-LMC-ECL-12055,15.233,16.897,458.97610031,9235.7698,0.059,0.3264,56.47,100.73,OSARG,1,1,Simbad,79.44306,-69.48578,,18.193,16.721,15.020,,0.038,0.044,0.041,0
2.157842,79.4430417,-69.4858889,LMC,OGLE-LMC-HB-0187,RG,05 17 46.33,-69 29 09.2,LMC503.13.17252,OGLE-LMC-ECL-12055,15.233,16.897,458.97610031,9235.7698,0.059,0.3264,56.47,100.73,OSARG,1,1,Simbad,79.44474,-69.48596,20.336,20.114,20.137,19.497,0.233,0.115,0.169,0.154,10
2.668624,79.4430417,-69.4858889,LMC,OGLE-LMC-HB-0187,RG,05 17 46.33,-69 29 09.2,LMC503.13.17252,OGLE-LMC-ECL-12055,15.233,16.897,458.97610031,9235.7698,0.059,0.3264,56.47,100.73,OSARG,1,1,Simbad,79.44235,-69.48659,19.562,19.914,18.794,19.028,0.153,0.087,0.085,0.127,20
3.764900,79.4430417,-69.4858889,LMC,OGLE-LMC-HB-0187,RG,05 17 46.33,-69 29 09.2,LMC503.13.17252,OGLE-LMC-ECL-12055,15.233,16.897,458.97610031,9235.7698,0.059,0.3264,56.47,100.73,OSARG,1,1,Simbad,79.44093,-69.48515,,20.746,20.120,,,0.156,0.138,,0
4.915513,79.4430417,-69.4858889,LMC,OGLE-LMC-HB-0187,RG,05 17 46.33,-69 29 09.2,LMC503.13.17252,OGLE-LMC-ECL-12055,15.233,16.897,458.97610031,9235.7698,0.059,0.3264,56.47,100.73,OSARG,1,1,Simbad,79.44186,-69.48719,,19.742,18.652,17.451,,0.104,0.098,0.059,0
0.092346,79.542375,-70.3533056,LMC,OGLE-LMC-HB-0188,RG,05 18 10.17,-70 21 11.9,LMC502.21.43786,,15.538,17.213,392.97528192,9295.3542,0.057,0.3166,59.07,25.87,,1,0,Simbad,79.54238,-70.35328,,18.507,16.816,15.296,,0.051,0.052,0.043,0
2.725573,79.542375,-70.3533056,LMC,OGLE-LMC-HB-0188,RG,05 18 10.17,-70 21 11.9,LMC502.21.43786,,15.538,17.213,392.97528192,9295.3542,0.057,0.3166,59.07,25.87,,1,0,Simbad,79.54098,-70.35390,,20.736,20.345,,,0.116,0.251,,0
3.911733,79.542375,-70.3533056,LMC,OGLE-LMC-HB-0188,RG,05 18 10.17,-70 21 11.9,LMC502.21.43786,,15.538,17.213,392.97528192,9295.3542,0.057,0.3166,59.07,25.87,,1,0,Simbad,79.54337,-70.35434,20.117,19.438,18.273,16.996,0.110,0.057,0.071,0.090,10
0.265290,79.561125,-70.6309444,LMC,OGLE-LMC-HB-0189,RG,05 18 14.67,-70 37 51.4,LMC502.12.36222,,16.133,17.6,276.30469268,9221.1897,0.03,0.2719,58.25,114.56,,1,0,Simbad,79.56098,-70.63089,19.781,18.490,17.174,15.882,0.158,0.062,0.071,0.058,10
2.471739,79.561125,-70.6309444,LMC,OGLE-LMC-HB-0189,RG,05 18 14.67,-70 37 51.4,LMC502.12.36222,,16.133,17.6,276.30469268,9221.1897,0.03,0.2719,58.25,114.56,,1,0,Simbad,79.56129,-70.63026,21.558,21.416,20.993,20.431,0.482,0.130,0.145,0.308,0
3.766589,79.561125,-70.6309444,LMC,OGLE-LMC-HB-0189,RG,05 18 14.67,-70 37 51.4,LMC502.12.36222,,16.133,17.6,276.30469268,9221.1897,0.03,0.2719,58.25,114.56,,1,0,Simbad,79.56234,-70.63191,,19.599,18.439,17.230,,0.058,0.087,0.045,0
4.275152,79.561125,-70.6309444,LMC,OGLE-LMC-HB-0189,RG,05 18 14.67,-70 37 51.4,LMC502.12.36222,,16.133,17.6,276.30469268,9221.1897,0.03,0.2719,58.25,114.56,,1,0,Simbad,79.56436,-70.63145,,20.826,20.354,18.925,,0.142,0.137,0.065,0
4.356551,79.561125,-70.6309444,LMC,OGLE-LMC-HB-0189,RG,05 18 14.67,-70 37 51.4,LMC502.12.36222,,16.133,17.6,276.30469268,9221.1897,0.03,0.2719,58.25,114.56,,1,0,Simbad,79.56471,-70.63117,19.888,19.847,19.572,,0.136,0.116,0.162,,0
4.551935,79.561125,-70.6309444,LMC,OGLE-LMC-HB-0189,RG,05 18 14.67,-70 37 51.4,LMC502.12.36222,,16.133,17.6,276.30469268,9221.1897,0.03,0.2719,58.25,114.56,,1,0,Simbad,79.56045,-70.62970,,20.027,20.973,18.292,,0.274,0.196,0.085,0
4.858601,79.561125,-70.6309444,LMC,OGLE-LMC-HB-0189,RG,05 18 14.67,-70 37 51.4,LMC502.12.36222,,16.133,17.6,276.30469268,9221.1897,0.03,0.2719,58.25,114.56,,1,0,Simbad,79.56054,-70.63228,19.345,19.346,19.159,19.411,0.093,0.054,0.159,0.107,10
0.357733,79.5650833,-70.1213056,LMC,OGLE-LMC-HB-0190,RG,05 18 15.62,-70 07 16.7,LMC502.29.50438,,15.871,17.357,269.91624627,9071.9999,0.057,0.2999,89.12,141.51,ECL,1,0,Simbad,79.56480,-70.12133,19.841,18.317,17.028,15.308,0.114,0.065,0.079,0.071,10
1.292495,79.5650833,-70.1213056,LMC,OGLE-LMC-HB-0190,RG,05 18 15.62,-70 07 16.7,LMC502.29.50438,,15.871,17.357,269.91624627,9071.9999,0.057,0.2999,89.12,141.51,ECL,1,0,Simbad,79.56576,-70.12103,20.186,19.589,19.039,,0.129,0.222,0.160,,0
3.866875,79.5650833,-70.1213056,LMC,OGLE-LMC-HB-0190,RG,05 18 15.62,-70 07 16.7,LMC502.29.50438,,15.871,17.357,269.91624627,9071.9999,0.057,0.2999,89.12,141.51,ECL,1,0,Simbad,79.56805,-70.12167,,21.513,20.974,20.678,,0.185,0.171,0.399,0
4.117020,79.5650833,-70.1213056,LMC,OGLE-LMC-HB-0190,RG,05 18 15.62,-70 07 16.7,LMC502.29.50438,,15.871,17.357,269.91624627,9071.9999,0.057,0.2999,89.12,141.51,ECL,1,0,Simbad,79.56680,-70.12229,,22.021,20.975,,,0.227,0.182,,0
4.490737,79.5650833,-70.1213056,LMC,OGLE-LMC-HB-0190,RG,05 18 15.62,-70 07 16.7,LMC502.29.50438,,15.871,17.357,269.91624627,9071.9999,0.057,0.2999,89.12,141.51,ECL,1,0,Simbad,79.56757,-70.12039,19.312,19.436,19.221,,0.092,0.061,0.097,,0
4.551835,79.5650833,-70.1213056,LMC,OGLE-LMC-HB-0190,RG,05 18 15.62,-70 07 16.7,LMC502.29.50438,,15.871,17.357,269.91624627,9071.9999,0.057,0.2999,89.12,141.51,ECL,1,0,Simbad,79.56552,-70.12005,19.928,19.605,18.782,17.962,0.108,0.079,0.117,0.111,10
0.299790,79.5780833,-69.1308889,LMC,OGLE-LMC-HB-0191,RG,05 18 18.74,-69 07 51.2,LMC503.21.89773,,15.566,17.32,462.61237175,9094.418,0.028,0.1764,67.81,67.32,,1,0,Simbad,79.57788,-69.13093,19.024,18.621,16.552,15.182,0.097,0.153,0.046,0.052,20
3.726978,79.5780833,-69.1308889,LMC,OGLE-LMC-HB-0191,RG,05 18 18.74,-69 07 51.2,LMC503.21.89773,,15.566,17.32,462.61237175,9094.418,0.028,0.1764,67.81,67.32,,1,0,Simbad,79.58037,-69.13025,,19.689,18.979,,,0.074,0.067,,0
3.821886,79.5780833,-69.1308889,LMC,OGLE-LMC-HB-0191,RG,05 18 18.74,-69 07 51.2,LMC503.21.89773,,15.566,17.32,462.61237175,9094.418,0.028,0.1764,67.81,67.32,,1,0,Simbad,79.58103,-69.13073,20.233,21.152,20.762,20.343,0.265,0.144,0.179,0.170,0
3.920531,79.5780833,-69.1308889,LMC,OGLE-LMC-HB-0191,RG,05 18 18.74,-69 07 51.2,LMC503.21.89773,,15.566,17.32,462.61237175,9094.418,0.028,0.1764,67.81,67.32,,1,0,Simbad,79.57941,-69.13187,19.961,20.739,20.286,19.800,0.193,0.095,0.158,0.154,10
0.170503,79.5794167,-70.2951667,LMC,OGLE-LMC-HB-0192,RG,05 18 19.06,-70 17 42.6,LMC502.21.51427,,15.768,17.222,795.52850122,9549.9269,0.024,0.5593,67.58,72.46,,1,0,Simbad,79.57944,-70.29512,19.957,18.368,16.848,15.544,0.113,0.049,0.064,0.072,10
2.757438,79.5794167,-70.2951667,LMC,OGLE-LMC-HB-0192,RG,05 18 19.06,-70 17 42.6,LMC502.21.51427,,15.768,17.222,795.52850122,9549.9269,0.024,0.5593,67.58,72.46,,1,0,Simbad,79.57997,-70.29591,17.184,17.645,17.350,17.872,0.056,0.053,0.173,0.065,10
4.283819,79.5794167,-70.2951667,LMC,OGLE-LMC-HB-0192,RG,05 18 19.06,-70 17 42.6,LMC502.21.51427,,15.768,17.222,795.52850122,9549.9269,0.024,0.5593,67.58,72.46,,1,0,Simbad,79.57597,-70.29543,21.387,21.495,21.163,,0.458,0.151,0.162,,0
4.883328,79.5794167,-70.2951667,LMC,OGLE-LMC-HB-0192,RG,05 18 19.06,-70 17 42.6,LMC502.21.51427,,15.768,17.222,795.52850122,9549.9269,0.024,0.5593,67.58,72.46,,1,0,Simbad,79.58120,-70.29395,,19.987,20.405,20.062,,0.114,0.197,0.198,0
0.224903,79.643625,-69.7591667,LMC,OGLE-LMC-HB-0193,RG,05 18 34.47,-69 45 33.0,LMC503.04.92343,,15.609,16.96,279.61563982,9116.6311,0.045,0.2272,63.12,16.04,,1,0,Simbad,79.64351,-69.75912,19.598,18.355,16.941,15.640,0.165,0.046,0.094,0.056,10
2.351727,79.643625,-69.7591667,LMC,OGLE-LMC-HB-0193,RG,05 18 34.47,-69 45 33.0,LMC503.04.92343,,15.609,16.96,279.61563982,9116.6311,0.045,0.2272,63.12,16.04,,1,0,Simbad,79.64247,-69.75865,16.899,16.954,16.807,16.649,0.047,0.034,0.064,0.104,10
2.489096,79.643625,-69.7591667,LMC,OGLE-LMC-HB-0193,RG,05 18 34.47,-69 45 33.0,LMC503.04.92343,,15.609,16.96,279.61563982,9116.6311,0.045,0.2272,63.12,16.04,,1,0,Simbad,79.64489,-69.75863,,21.994,20.428,,,0.483,0.198,,0
4.013961,79.643625,-69.7591667,LMC,OGLE-LMC-HB-0193,RG,05 18 34.47,-69 45 33.0,LMC503.04.92343,,15.609,16.96,279.61563982,9116.6311,0.045,0.2272,63.12,16.04,,1,0,Simbad,79.64251,-69.75812,19.430,19.370,19.419,,0.168,0.088,0.178,,0
4.112505,79.643625,-69.7591667,LMC,OGLE-LMC-HB-0193,RG,05 18 34.47,-69 45 33.0,LMC503.04.92343,,15.609,16.96,279.61563982,9116.6311,0.045,0.2272,63.12,16.04,,1,0,Simbad,79.64395,-69.75803,,20.129,18.965,18.446,,0.082,0.114,0.156,0
4.404672,79.643625,-69.7591667,LMC,OGLE-LMC-HB-0193,RG,05 18 34.47,-69 45 33.0,LMC503.04.92343,,15.609,16.96,279.61563982,9116.6311,0.045,0.2272,63.12,16.04,,1,0,Simbad,79.64369,-69.76039,,19.787,20.246,,,0.055,0.307,,0
4.991316,79.643625,-69.7591667,LMC,OGLE-LMC-HB-0193,RG,05 18 34.47,-69 45 33.0,LMC503.04.92343,,15.609,16.96,279.61563982,9116.6311,0.045,0.2272,63.12,16.04,,1,0,Simbad,79.64653,-69.76012,20.728,19.703,18.372,17.733,0.316,0.049,0.091,0.092,10
0.418368,79.6654167,-69.5432222,LMC,OGLE-LMC-HB-0194,MS,05 18 39.70,-69 32 35.6,LMC503.12.73694,OGLE-LMC-ECL-12444,15.515,15.412,11.9524579,9005.8817,0.025,0.5112,31.69,4.72,ECL,0,1,Simbad,79.66533,-69.54311,14.659,15.189,15.412,15.402,0.033,0.033,0.058,0.065,10
3.453047,79.6654167,-69.5432222,LMC,OGLE-LMC-HB-0194,MS,05 18 39.70,-69 32 35.6,LMC503.12.73694,OGLE-LMC-ECL-12444,15.515,15.412,11.9524579,9005.8817,0.025,0.5112,31.69,4.72,ECL,0,1,Simbad,79.66683,-69.54240,15.372,15.885,16.088,16.051,0.045,0.032,0.056,0.044,10
3.495220,79.6654167,-69.5432222,LMC,OGLE-LMC-HB-0194,MS,05 18 39.70,-69 32 35.6,LMC503.12.73694,OGLE-LMC-ECL-12444,15.515,15.412,11.9524579,9005.8817,0.025,0.5112,31.69,4.72,ECL,0,1,Simbad,79.66396,-69.54405,18.450,18.902,18.661,19.217,0.071,0.076,0.106,0.163,10
0.274114,79.7042083,-69.6386944,LMC,OGLE-LMC-HB-0195,RG,05 18 49.01,-69 38 19.3,LMC503.04.109567,,15.664,17.466,530.79223016,9130.3427,0.036,0.3339,63.78,177.68,,1,0,Simbad,79.70426,-69.63862,,19.098,17.311,15.548,,0.043,0.086,0.053,0
3.156130,79.7042083,-69.6386944,LMC,OGLE-LMC-HB-0195,RG,05 18 49.01,-69 38 19.3,LMC503.04.109567,,15.664,17.466,530.79223016,9130.3427,0.036,0.3339,63.78,177.68,,1,0,Simbad,79.70182,-69.63841,20.711,20.635,19.543,18.612,0.330,0.105,0.159,0.118,10
3.375409,79.7042083,-69.6386944,LMC,OGLE-LMC-HB-0195,RG,05 18 49.01,-69 38 19.3,LMC503.04.109567,,15.664,17.466,530.79223016,9130.3427,0.036,0.3339,63.78,177.68,,1,0,Simbad,79.70403,-69.63963,,18.928,17.348,16.032,,0.041,0.079,0.069,0
4.240552,79.7042083,-69.6386944,LMC,OGLE-LMC-HB-0195,RG,05 18 49.01,-69 38 19.3,LMC503.04.109567,,15.664,17.466,530.79223016,9130.3427,0.036,0.3339,63.78,177.68,,1,0,Simbad,79.70088,-69.63891,,21.525,21.238,,,0.174,0.276,,0
4.428995,79.7042083,-69.6386944,LMC,OGLE-LMC-HB-0195,RG,05 18 49.01,-69 38 19.3,LMC503.04.109567,,15.664,17.466,530.79223016,9130.3427,0.036,0.3339,63.78,177.68,,1,0,Simbad,79.70725,-69.63807,19.264,19.447,18.591,18.112,0.113,0.054,0.163,0.197,10
0.325249,79.712875,-70.0450556,LMC,OGLE-LMC-HB-0196,RG,05 18 51.09,-70 02 42.2,LMC502.29.60649,,15.995,17.468,420.01729474,9161.8721,0.015,0.2072,60.18,44.14,,1,0,Simbad,79.71279,-70.04497,20.069,18.596,17.048,,0.200,0.045,0.054,,0
2.681718,79.712875,-70.0450556,LMC,OGLE-LMC-HB-0196,RG,05 18 51.09,-70 02 42.2,LMC502.29.60649,,15.995,17.468,420.01729474,9161.8721,0.015,0.2072,60.18,44.14,,1,0,Simbad,79.71209,-70.04575,,20.213,18.838,,,0.079,0.137,,0
3.701768,79.712875,-70.0450556,LMC,OGLE-LMC-HB-0196,RG,05 18 51.09,-70 02 42.2,LMC502.29.60649,,15.995,17.468,420.01729474,9161.8721,0.015,0.2072,60.18,44.14,,1,0,Simbad,79.71309,-70.04403,20.020,19.310,17.912,16.683,0.143,0.070,0.242,0.166,0
4.042348,79.712875,-70.0450556,LMC,OGLE-LMC-HB-0196,RG,05 18 51.09,-70 02 42.2,LMC502.29.60649,,15.995,17.468,420.01729474,9161.8721,0.015,0.2072,60.18,44.14,,1,0,Simbad,79.71570,-70.04448,19.696,19.534,19.033,18.633,0.148,0.082,0.083,0.185,10
0.422398,79.716875,-69.4975278,LMC,OGLE-LMC-HB-0197,RG,05 18 52.05,-69 29 51.1,LMC503.12.89757,,16.511,18.023,232.87359357,9022.9662,0.034,0.1815,58.99,46.17,,1,0,Simbad,79.71669,-69.49743,20.640,19.142,17.491,16.108,0.287,0.064,0.085,0.059,10
3.854827,79.716875,-69.4975278,LMC,OGLE-LMC-HB-0197,RG,05 18 52.05,-69 29 51.1,LMC503.12.89757,,16.511,18.023,232.87359357,9022.9662,0.034,0.1815,58.99,46.17,,1,0,Simbad,79.71592,-69.49651,19.572,18.840,17.590,16.544,0.139,0.059,0.076,0.098,10
3.881638,79.716875,-69.4975278,LMC,OGLE-LMC-HB-0197,RG,05 18 52.05,-69 29 51.1,LMC503.12.89757,,16.511,18.023,232.87359357,9022.9662,0.034,0.1815,58.99,46.17,,1,0,Simbad,79.71720,-69.49860,19.433,20.027,19.595,,0.187,0.160,0.161,,0
3.962924,79.716875,-69.4975278,LMC,OGLE-LMC-HB-0197,RG,05 18 52.05,-69 29 51.1,LMC503.12.89757,,16.511,18.023,232.87359357,9022.9662,0.034,0.1815,58.99,46.17,,1,0,Simbad,79.71463,-69.49830,20.181,19.157,17.812,16.545,0.220,0.088,0.075,0.089,10
4.496504,79.716875,-69.4975278,LMC,OGLE-LMC-HB-0197,RG,05 18 52.05,-69 29 51.1,LMC503.12.89757,,16.511,18.023,232.87359357,9022.9662,0.034,0.1815,58.99,46.17,,1,0,Simbad,79.71345,-69.49718,20.272,20.024,18.748,18.058,0.252,0.105,0.085,0.096,10
0.324457,79.73275,-69.43825,LMC,OGLE-LMC-HB-0198,RG,05 18 55.86,-69 26 17.7,LMC503.12.108171,,15.881,17.598,313.26002099,9182.1891,0.027,0.1872,81.68,62.24,,1,0,Simbad,79.73274,-69.43816,,18.650,17.393,15.716,,0.142,0.270,0.082,0
1.169913,79.73275,-69.43825,LMC,OGLE-LMC-HB-0198,RG,05 18 55.86,-69 26 17.7,LMC503.12.108171,,15.881,17.598,313.26002099,9182.1891,0.027,0.1872,81.68,62.24,,1,0,Simbad,79.73361,-69.43813,,19.721,18.211,17.688,,0.139,0.116,0.124,0
4.116892,79.73275,-69.43825,LMC,OGLE-LMC-HB-0198,RG,05 18 55.86,-69 26 17.7,LMC503.12.108171,,15.881,17.598,313.26002099,9182.1891,0.027,0.1872,81.68,62.24,,1,0,Simbad,79.73499,-69.43742,20.777,20.030,19.118,18.599,0.393,0.135,0.106,0.110,10
4.154799,79.73275,-69.43825,LMC,OGLE-LMC-HB-0198,RG,05 18 55.86,-69 26 17.7,LMC503.12.108171,,15.881,17.598,313.26002099,9182.1891,0.027,0.1872,81.68,62.24,,1,0,Simbad,79.72947,-69.43832,,20.244,19.396,18.817,,0.096,0.160,0.150,0
0.151264,79.765375,-69.6546111,LMC,OGLE-LMC-HB-0199,RG,05 19 03.69,-69 39 16.6,LMC503.04.49614,,15.426,17.174,397.70663314,9057.5334,0.098,0.3219,89.58,88.65,OSARG,1,0,Simbad,79.76535,-69.65457,,18.769,16.908,15.149,,0.046,0.068,0.104,0
2.484939,79.765375,-69.6546111,LMC,OGLE-LMC-HB-0199,RG,05 19 03.69,-69 39 16.6,LMC503.04.49614,,15.426,17.174,397.70663314,9057.5334,0.098,0.3219,89.58,88.65,OSARG,1,0,Simbad,79.76649,-69.65404,19.758,20.030,19.337,,0.184,0.079,0.196,,0
3.815504,79.765375,-69.6546111,LMC,OGLE-LMC-HB-0199,RG,05 19 03.69,-69 39 16.6,LMC503.04.49614,,15.426,17.174,397.70663314,9057.5334,0.098,0.3219,89.58,88.65,OSARG,1,0,Simbad,79.76234,-69.65469,18.799,18.797,18.213,18.410,0.089,0.059,0.136,0.144,10
4.072576,79.765375,-69.6546111,LMC,OGLE-LMC-HB-0199,RG,05 19 03.69,-69 39 16.6,LMC503.04.49614,,15.426,17.174,397.70663314,9057.5334,0.098,0.3219,89.58,88.65,OSARG,1,0,Simbad,79.76313,-69.65543,,19.033,17.232,15.855,,0.052,0.089,0.115,0
4.491591,79.765375,-69.6546111,LMC,OGLE-LMC-HB-0199,RG,05 19 03.69,-69 39 16.6,LMC503.04.49614,,15.426,17.174,397.70663314,9057.5334,0.098,0.3219,89.58,88.65,OSARG,1,0,Simbad,79.76816,-69.65540,19.914,19.693,17.419,,0.318,0.085,0.250,,0
4.633961,79.765375,-69.6546111,LMC,OGLE-LMC-HB-0199,RG,05 19 03.69,-69 39 16.6,LMC503.04.49614,,15.426,17.174,397.70663314,9057.5334,0.098,0.3219,89.58,88.65,OSARG,1,0,Simbad,79.76748,-69.65567,16.430,16.647,16.522,,0.042,0.030,0.307,,0
0.168123,79.7686667,-69.3181667,LMC,OGLE-LMC-HB-0200,RG,05 19 04.48,-69 19 05.4,LMC503.12.57540,2MASS-J05190448-6919053,15.001,16.58,439.93092851,9049.4497,0.045,0.227,60.53,123.14,,1,0,Simbad,79.76867,-69.31812,19.091,17.907,16.482,14.626,0.154,0.036,0.052,0.046,10
2.631013,79.7686667,-69.3181667,LMC,OGLE-LMC-HB-0200,RG,05 19 04.48,-69 19 05.4,LMC503.12.57540,2MASS-J05190448-6919053,15.001,16.58,439.93092851,9049.4497,0.045,0.227,60.53,123.14,,1,0,Simbad,79.77069,-69.31832,,21.088,19.526,18.584,,0.355,0.206,0.162,0
2.776959,79.7686667,-69.3181667,LMC,OGLE-LMC-HB-0200,RG,05 19 04.48,-69 19 05.4,LMC503.12.57540,2MASS-J05190448-6919053,15.001,16.58,439.93092851,9049.4497,0.045,0.227,60.53,123.14,,1,0,Simbad,79.76673,-69.31781,,19.165,19.120,,,0.066,0.151,,0
3.200758,79.7686667,-69.3181667,LMC,OGLE-LMC-HB-0200,RG,05 19 04.48,-69 19 05.4,LMC503.12.57540,2MASS-J05190448-6919053,15.001,16.58,439.93092851,9049.4497,0.045,0.227,60.53,123.14,,1,0,Simbad,79.77048,-69.31755,17.845,18.203,17.653,17.389,0.098,0.054,0.108,0.101,10
4.228252,79.7686667,-69.3181667,LMC,OGLE-LMC-HB-0200,RG,05 19 04.48,-69 19 05.4,LMC503.12.57540,2MASS-J05190448-6919053,15.001,16.58,439.93092851,9049.4497,0.045,0.227,60.53,123.14,,1,0,Simbad,79.76719,-69.31922,18.741,18.382,17.749,17.807,0.067,0.074,0.092,0.101,10
4.378600,79.7686667,-69.3181667,LMC,OGLE-LMC-HB-0200,RG,05 19 04.48,-69 19 05.4,LMC503.12.57540,2MASS-J05190448-6919053,15.001,16.58,439.93092851,9049.4497,0.045,0.227,60.53,123.14,,1,0,Simbad,79.76712,-69.31708,,19.799,19.503,18.900,,0.118,0.184,0.158,0
4.951364,79.7686667,-69.3181667,LMC,OGLE-LMC-HB-0200,RG,05 19 04.48,-69 19 05.4,LMC503.12.57540,2MASS-J05190448-6919053,15.001,16.58,439.93092851,9049.4497,0.045,0.227,60.53,123.14,,1,0,Simbad,79.76823,-69.31680,,18.895,17.705,16.714,,0.053,0.135,0.075,0
0.327947,79.8085,-69.8547778,LMC,OGLE-LMC-HB-0201,RG,05 19 14.04,-69 51 17.2,LMC503.04.13750,,15.028,15.887,98.56955573,9046.3732,0.034,0.2899,66.67,150.42,,1,0,Simbad,79.80843,-69.85469,17.369,17.014,15.934,15.128,0.046,0.030,0.057,0.066,10
2.942951,79.8085,-69.8547778,LMC,OGLE-LMC-HB-0201,RG,05 19 14.04,-69 51 17.2,LMC503.04.13750,,15.028,15.887,98.56955573,9046.3732,0.034,0.2899,66.67,150.42,,1,0,Simbad,79.81000,-69.85541,,20.478,19.798,18.259,,0.076,0.309,0.122,0
3.339511,79.8085,-69.8547778,LMC,OGLE-LMC-HB-0201,RG,05 19 14.04,-69 51 17.2,LMC503.04.13750,,15.028,15.887,98.56955573,9046.3732,0.034,0.2899,66.67,150.42,,1,0,Simbad,79.80667,-69.85546,19.979,18.535,16.861,15.211,0.171,0.035,0.066,0.051,10
4.850224,79.8085,-69.8547778,LMC,OGLE-LMC-HB-0201,RG,05 19 14.04,-69 51 17.2,LMC503.04.13750,,15.028,15.887,98.56955573,9046.3732,0.034,0.2899,66.67,150.42,,1,0,Simbad,79.80498,-69.85419,19.423,19.365,18.225,17.448,0.127,0.039,0.053,0.084,10
0.343097,79.8113333,-69.8769444,LMC,OGLE-LMC-HB-0202,RG,05 19 14.72,-69 52 37.0,LMC503.04.192,,15.683,17.139,279.8101067,9052.5727,0.042,0.3076,63.4,146.88,ECL,1,0,Simbad,79.81130,-69.87685,19.496,18.577,16.831,15.711,0.136,0.034,0.064,0.053,20
3.749002,79.8113333,-69.8769444,LMC,OGLE-LMC-HB-0202,RG,05 19 14.72,-69 52 37.0,LMC503.04.192,,15.683,17.139,279.8101067,9052.5727,0.042,0.3076,63.4,146.88,ECL,1,0,Simbad,79.80833,-69.87706,,21.944,20.914,20.617,,0.201,0.262,0.293,0
4.459922,79.8113333,-69.8769444,LMC,OGLE-LMC-HB-0202,RG,05 19 14.72,-69 52 37.0,LMC503.04.192,,15.683,17.139,279.8101067,9052.5727,0.042,0.3076,63.4,146.88,ECL,1,0,Simbad,79.81488,-69.87673,19.575,20.184,19.230,19.589,0.201,0.058,0.161,0.160,20
4.519188,79.8113333,-69.8769444,LMC,OGLE-LMC-HB-0202,RG,05 19 14.72,-69 52 37.0,LMC503.04.192,,15.683,17.139,279.8101067,9052.5727,0.042,0.3076,63.4,146.88,ECL,1,0,Simbad,79.81366,-69.87791,,20.939,20.312,19.924,,0.090,0.205,0.282,0
0.212735,79.83225,-69.6656389,LMC,OGLE-LMC-HB-0203,RG,05 19 19.74,-69 39 56.3,LMC503.04.49587,,15.663,17.329,583.23971983,9055.6855,0.051,0.4926,57.5,139.36,,1,0,Simbad,79.83226,-69.66558,,18.829,17.235,15.752,,0.036,0.071,0.115,0
3.634184,79.83225,-69.6656389,LMC,OGLE-LMC-HB-0203,RG,05 19 19.74,-69 39 56.3,LMC503.04.49587,,15.663,17.329,583.23971983,9055.6855,0.051,0.4926,57.5,139.36,,1,0,Simbad,79.83037,-69.66641,,21.793,19.770,18.584,,0.352,0.231,0.190,0
3.966640,79.83225,-69.6656389,LMC,OGLE-LMC-HB-0203,RG,05 19 19.74,-69 39 56.3,LMC503.04.49587,,15.663,17.329,583.23971983,9055.6855,0.051,0.4926,57.5,139.36,,1,0,Simbad,79.83352,-69.66463,19.381,19.655,18.795,18.519,0.181,0.102,0.072,0.316,0
4.343932,79.83225,-69.6656389,LMC,OGLE-LMC-HB-0203,RG,05 19 19.74,-69 39 56.3,LMC503.04.49587,,15.663,17.329,583.23971983,9055.6855,0.051,0.4926,57.5,139.36,,1,0,Simbad,79.82950,-69.66490,,21.501,20.508,19.962,,0.170,0.246,0.221,0
4.985938,79.83225,-69.6656389,LMC,OGLE-LMC-HB-0203,RG,05 19 19.74,-69 39 56.3,LMC503.04.49587,,15.663,17.329,583.23971983,9055.6855,0.051,0.4926,57.5,139.36,,1,0,Simbad,79.83378,-69.66436,,20.506,20.520,,,0.180,0.499,,0
0.108276,79.8599167,-70.32,LMC,OGLE-LMC-HB-0204,RG,05 19 26.38,-70 19 12.0,LMC502.21.14472,,16.505,17.815,165.76491552,9159.4144,0.031,0.3015,88.75,71.6,,1,0,Simbad,79.85985,-70.31998,20.003,18.786,17.373,16.265,0.155,0.065,0.157,0.045,10
3.565817,79.8599167,-70.32,LMC,OGLE-LMC-HB-0204,RG,05 19 26.38,-70 19 12.0,LMC502.21.14472,,16.505,17.815,165.76491552,9159.4144,0.031,0.3015,88.75,71.6,,1,0,Simbad,79.86034,-70.32098,20.546,20.111,19.078,18.382,0.254,0.067,0.308,0.082,0
4.633690,79.8599167,-70.32,LMC,OGLE-LMC-HB-0204,RG,05 19 26.38,-70 19 12.0,LMC502.21.14472,,16.505,17.815,165.76491552,9159.4144,0.031,0.3015,88.75,71.6,,1,0,Simbad,79.85929,-70.32127,,21.362,20.379,19.588,,0.147,0.243,0.173,0
0.092837,79.864,-69.2433056,LMC,OGLE-LMC-HB-0205,RG,05 19 27.36,-69 14 35.9,LMC503.21.86,2MASS-J05192735-6914358,15.57,17.089,327.31252155,9200.8335,0.106,0.3002,60.54,163.43,,0,0,Simbad,79.86399,-69.24328,19.643,18.418,16.968,15.205,0.150,0.085,0.052,0.070,10
3.170792,79.864,-69.2433056,LMC,OGLE-LMC-HB-0205,RG,05 19 27.36,-69 14 35.9,LMC503.21.86,2MASS-J05192735-6914358,15.57,17.089,327.31252155,9200.8335,0.106,0.3002,60.54,163.43,,0,0,Simbad,79.86459,-69.24245,18.625,18.762,18.586,18.401,0.059,0.054,0.091,0.123,10
3.758523,79.864,-69.2433056,LMC,OGLE-LMC-HB-0205,RG,05 19 27.36,-69 14 35.9,LMC503.21.86,2MASS-J05192735-6914358,15.57,17.089,327.31252155,9200.8335,0.106,0.3002,60.54,163.43,,0,0,Simbad,79.86675,-69.24368,18.513,18.317,16.915,15.911,0.111,0.073,0.099,0.075,10
4.221170,79.864,-69.2433056,LMC,OGLE-LMC-HB-0205,RG,05 19 27.36,-69 14 35.9,LMC503.21.86,2MASS-J05192735-6914358,15.57,17.089,327.31252155,9200.8335,0.106,0.3002,60.54,163.43,,0,0,Simbad,79.86717,-69.24297,,19.504,18.506,17.296,,0.113,0.102,0.071,0
0.255888,79.90725,-70.0236111,LMC,OGLE-LMC-HB-0206,RG,05 19 37.74,-70 01 25.0,LMC502.29.19234,,15.476,17.022,437.98586027,9079.6979,0.017,0.3817,45.57,11.02,,1,0,Simbad,79.90725,-70.02354,19.632,18.160,16.624,15.145,0.116,0.056,0.058,0.054,10
3.014204,79.90725,-70.0236111,LMC,OGLE-LMC-HB-0206,RG,05 19 37.74,-70 01 25.0,LMC502.29.19234,,15.476,17.022,437.98586027,9079.6979,0.017,0.3817,45.57,11.02,,1,0,Simbad,79.90541,-70.02306,19.390,19.575,19.189,,0.101,0.078,0.119,,0
3.805618,79.90725,-70.0236111,LMC,OGLE-LMC-HB-0206,RG,05 19 37.74,-70 01 25.0,LMC502.29.19234,,15.476,17.022,437.98586027,9079.6979,0.017,0.3817,45.57,11.02,,1,0,Simbad,79.90425,-70.02387,20.596,20.093,19.089,17.959,0.217,0.100,0.119,0.234,0
4.441990,79.90725,-70.0236111,LMC,OGLE-LMC-HB-0206,RG,05 19 37.74,-70 01 25.0,LMC502.29.19234,,15.476,17.022,437.98586027,9079.6979,0.017,0.3817,45.57,11.02,,1,0,Simbad,79.90979,-70.02449,20.995,20.807,20.677,,0.355,0.130,0.237,,0
4.683084,79.90725,-70.0236111,LMC,OGLE-LMC-HB-0206,RG,05 19 37.74,-70 01 25.0,LMC502.29.19234,,15.476,17.022,437.98586027,9079.6979,0.017,0.3817,45.57,11.02,,1,0,Simbad,79.90602,-70.02238,,20.438,19.903,19.239,,0.176,0.174,0.159,0
0.056355,79.9096667,-69.6513056,LMC,OGLE-LMC-HB-0207,MS,05 19 38.32,-69 39 04.7,LMC503.04.49620,,15.92,15.813,6.70987611,9002.6833,0.037,0.3795,57.35,41.79,TEO,1,0,Simbad,79.90971,-69.65131,15.013,15.552,15.293,15.495,0.040,0.029,0.123,0.082,10
2.786190,79.9096667,-69.6513056,LMC,OGLE-LMC-HB-0207,MS,05 19 38.32,-69 39 04.7,LMC503.04.49620,,15.92,15.813,6.70987611,9002.6833,0.037,0.3795,57.35,41.79,TEO,1,0,Simbad,79.90918,-69.65055,15.626,16.082,15.811,16.474,0.038,0.030,0.083,0.153,10
0.417029,79.9270833,-68.2632222,LMC,OGLE-LMC-HB-0208,RG,05 19 42.50,-68 15 47.6,LMC504.12.5752,OGLE-LMC-ECL-31802,15.691,17.291,792.11084333,9629.718,0.042,0.5646,63.08,57.8,TEO,1,1,Simbad,79.92701,-68.26311,21.169,18.556,16.970,15.363,0.413,0.034,0.029,0.047,0
3.925769,79.9270833,-68.2632222,LMC,OGLE-LMC-HB-0208,RG,05 19 42.50,-68 15 47.6,LMC504.12.5752,OGLE-LMC-ECL-31802,15.691,17.291,792.11084333,9629.718,0.042,0.5646,63.08,57.8,TEO,1,1,Simbad,79.92729,-68.26431,20.386,18.739,17.290,15.871,0.155,0.075,0.031,0.047,10
4.248795,79.9270833,-68.2632222,LMC,OGLE-LMC-HB-0208,RG,05 19 42.50,-68 15 47.6,LMC504.12.5752,OGLE-LMC-ECL-31802,15.691,17.291,792.11084333,9629.718,0.042,0.5646,63.08,57.8,TEO,1,1,Simbad,79.92745,-68.26205,,21.502,21.189,20.139,,0.118,0.129,0.117,0
4.377416,79.9270833,-68.2632222,LMC,OGLE-LMC-HB-0208,RG,05 19 42.50,-68 15 47.6,LMC504.12.5752,OGLE-LMC-ECL-31802,15.691,17.291,792.11084333,9629.718,0.042,0.5646,63.08,57.8,TEO,1,1,Simbad,79.92564,-68.26213,,22.441,21.872,20.812,,0.219,0.180,0.220,0
0.091030,80.013125,-69.3823056,LMC,OGLE-LMC-HB-0209,RG,05 20 03.15,-69 22 56.3,LMC503.11.107564,EROS2-star-lm001-0l-26945,15.219,16.785,349.88369284,9231.1296,0.048,0.2642,59.5,109.16,TEO,1,0,Simbad,80.01320,-69.38230,20.293,18.278,16.704,15.110,0.188,0.045,0.062,0.091,10
3.334876,80.013125,-69.3823056,LMC,OGLE-LMC-HB-0209,RG,05 20 03.15,-69 22 56.3,LMC503.11.107564,EROS2-star-lm001-0l-26945,15.219,16.785,349.88369284,9231.1296,0.048,0.2642,59.5,109.16,TEO,1,0,Simbad,80.01549,-69.38190,21.504,19.897,18.728,18.099,0.466,0.080,0.094,0.123,0
3.462797,80.013125,-69.3823056,LMC,OGLE-LMC-HB-0209,RG,05 20 03.15,-69 22 56.3,LMC503.11.107564,EROS2-star-lm001-0l-26945,15.219,16.785,349.88369284,9231.1296,0.048,0.2642,59.5,109.16,TEO,1,0,Simbad,80.01346,-69.38326,20.181,19.210,19.935,19.711,0.140,0.096,0.180,0.244,0
3.504681,80.013125,-69.3823056,LMC,OGLE-LMC-HB-0209,RG,05 20 03.15,-69 22 56.3,LMC503.11.107564,EROS2-star-lm001-0l-26945,15.219,16.785,349.88369284,9231.1296,0.048,0.2642,59.5,109.16,TEO,1,0,Simbad,80.01041,-69.38248,21.056,20.316,19.272,18.520,0.450,0.112,0.104,0.177,0
3.860347,80.013125,-69.3823056,LMC,OGLE-LMC-HB-0209,RG,05 20 03.15,-69 22 56.3,LMC503.11.107564,EROS2-star-lm001-0l-26945,15.219,16.785,349.88369284,9231.1296,0.048,0.2642,59.5,109.16,TEO,1,0,Simbad,80.01471,-69.38139,19.459,19.381,18.677,18.316,0.106,0.074,0.119,0.148,10
0.219670,80.0557917,-69.3814444,LMC,OGLE-LMC-HB-0210,RG,05 20 13.39,-69 22 53.2,LMC503.11.107565,,15.266,16.73,454.63051998,9117.2041,0.074,0.4211,69.55,165.89,,1,0,Simbad,80.05587,-69.38139,19.404,17.951,16.533,14.951,0.136,0.063,0.086,0.083,10
4.867329,80.0557917,-69.3814444,LMC,OGLE-LMC-HB-0210,RG,05 20 13.39,-69 22 53.2,LMC503.11.107565,,15.266,16.73,454.63051998,9117.2041,0.074,0.4211,69.55,165.89,,1,0,Simbad,80.05820,-69.38039,,18.743,18.264,17.270,,0.090,0.117,0.130,0
0.133191,80.060875,-70.6802222,LMC,OGLE-LMC-HB-0211,RG,05 20 14.61,-70 40 48.8,LMC502.11.36170,,16.134,17.718,365.41985523,9154.8426,0.03,0.3415,63.79,59.21,,1,0,Simbad,80.06082,-70.68019,21.806,18.995,17.403,15.834,0.518,0.037,0.028,0.030,0
3.253771,80.060875,-70.6802222,LMC,OGLE-LMC-HB-0211,RG,05 20 14.61,-70 40 48.8,LMC502.11.36170,,16.134,17.718,365.41985523,9154.8426,0.03,0.3415,63.79,59.21,,1,0,Simbad,80.05861,-70.68073,,21.463,21.189,,,0.122,0.110,,0
4.305350,80.060875,-70.6802222,LMC,OGLE-LMC-HB-0211,RG,05 20 14.61,-70 40 48.8,LMC502.11.36170,,16.134,17.718,365.41985523,9154.8426,0.03,0.3415,63.79,59.21,,1,0,Simbad,80.05986,-70.68137,,21.719,21.026,20.448,,0.157,0.100,0.202,0
0.228313,80.1502917,-70.0128889,LMC,OGLE-LMC-HB-0212,RG,05 20 36.07,-70 00 46.4,LMC502.28.64396,MACHO--78.6457.22,14.477,15.847,319.0109215,9253.4386,0.033,0.1852,70.78,48.65,,1,0,Simbad,80.15015,-70.01285,18.102,16.890,15.497,14.082,0.105,0.040,0.070,0.055,10
1.569268,80.1502917,-70.0128889,LMC,OGLE-LMC-HB-0212,RG,05 20 36.07,-70 00 46.4,LMC502.28.64396,MACHO--78.6457.22,14.477,15.847,319.0109215,9253.4386,0.033,0.1852,70.78,48.65,,1,0,Simbad,80.15151,-70.01276,17.719,18.283,18.306,,0.074,0.098,0.124,,0
3.460113,80.1502917,-70.0128889,LMC,OGLE-LMC-HB-0212,RG,05 20 36.07,-70 00 46.4,LMC502.28.64396,MACHO--78.6457.22,14.477,15.847,319.0109215,9253.4386,0.033,0.1852,70.78,48.65,,1,0,Simbad,80.15127,-70.01379,18.427,17.284,15.766,14.676,0.097,0.043,0.119,0.095,10
3.995308,80.1502917,-70.0128889,LMC,OGLE-LMC-HB-0212,RG,05 20 36.07,-70 00 46.4,LMC502.28.64396,MACHO--78.6457.22,14.477,15.847,319.0109215,9253.4386,0.033,0.1852,70.78,48.65,,1,0,Simbad,80.14932,-70.01183,,18.648,18.501,18.211,,0.122,0.104,0.169,0
4.495756,80.1502917,-70.0128889,LMC,OGLE-LMC-HB-0212,RG,05 20 36.07,-70 00 46.4,LMC502.28.64396,MACHO--78.6457.22,14.477,15.847,319.0109215,9253.4386,0.033,0.1852,70.78,48.65,,1,0,Simbad,80.14701,-70.01234,16.015,16.361,16.331,16.199,0.068,0.082,0.123,0.128,10
4.972626,80.1502917,-70.0128889,LMC,OGLE-LMC-HB-0212,RG,05 20 36.07,-70 00 46.4,LMC502.28.64396,MACHO--78.6457.22,14.477,15.847,319.0109215,9253.4386,0.033,0.1852,70.78,48.65,,1,0,Simbad,80.14885,-70.01418,17.753,18.144,17.775,,0.091,0.071,0.251,,0
0.167802,80.16975,-70.8285556,LMC,OGLE-LMC-HB-0213,RG,05 20 40.74,-70 49 42.8,LMC502.11.24933,,16.227,17.51,207.73594765,9001.8954,0.041,0.3034,59.64,148.73,,1,0,Simbad,80.16972,-70.82851,19.167,18.428,17.207,15.993,0.088,0.095,0.026,0.061,10
0.145589,80.176,-69.9506389,LMC,OGLE-LMC-HB-0214,RG,05 20 42.24,-69 57 02.3,LMC502.28.76914,,14.609,15.366,168.4130966,9116.0629,0.026,0.4173,41.1,85.37,,1,0,Simbad,80.17588,-69.95063,15.648,15.691,15.081,14.343,0.052,0.040,0.058,0.063,10
1.977661,80.176,-69.9506389,LMC,OGLE-LMC-HB-0214,RG,05 20 42.24,-69 57 02.3,LMC502.28.76914,,14.609,15.366,168.4130966,9116.0629,0.026,0.4173,41.1,85.37,,1,0,Simbad,80.17641,-69.95117,,18.495,17.141,15.779,,0.213,0.224,0.189,0
4.558435,80.176,-69.9506389,LMC,OGLE-LMC-HB-0214,RG,05 20 42.24,-69 57 02.3,LMC502.28.76914,,14.609,15.366,168.4130966,9116.0629,0.026,0.4173,41.1,85.37,,1,0,Simbad,80.17244,-69.95097,20.672,20.425,19.111,17.991,0.296,0.163,0.105,0.160,10
4.592618,80.176,-69.9506389,LMC,OGLE-LMC-HB-0214,RG,05 20 42.24,-69 57 02.3,LMC502.28.76914,,14.609,15.366,168.4130966,9116.0629,0.026,0.4173,41.1,85.37,,1,0,Simbad,80.17968,-69.95045,,19.666,19.045,,,0.161,0.141,,0
4.964328,80.176,-69.9506389,LMC,OGLE-LMC-HB-0214,RG,05 20 42.24,-69 57 02.3,LMC502.28.76914,,14.609,15.366,168.4130966,9116.0629,0.026,0.4173,41.1,85.37,,1,0,Simbad,80.17864,-69.94960,20.961,20.424,18.894,19.570,0.367,0.135,0.192,0.369,0
4.987132,80.176,-69.9506389,LMC,OGLE-LMC-HB-0214,RG,05 20 42.24,-69 57 02.3,LMC502.28.76914,,14.609,15.366,168.4130966,9116.0629,0.026,0.4173,41.1,85.37,,1,0,Simbad,80.17980,-69.95111,19.796,18.618,19.474,,0.253,0.124,0.304,,0
0.365680,80.1821667,-69.3582778,LMC,OGLE-LMC-HB-0215,RG,05 20 43.72,-69 21 29.8,LMC503.11.125728,,15.444,16.719,256.65073481,9216.7821,0.021,0.4864,51.9,98.14,,1,0,Simbad,80.18225,-69.35818,18.920,17.837,16.553,15.240,0.091,0.054,0.061,0.041,10
4.274403,80.1821667,-69.3582778,LMC,OGLE-LMC-HB-0215,RG,05 20 43.72,-69 21 29.8,LMC503.11.125728,,15.444,16.719,256.65073481,9216.7821,0.021,0.4864,51.9,98.14,,1,0,Simbad,80.18515,-69.35773,18.726,18.557,18.285,18.536,0.068,0.057,0.095,0.138,10
0.183478,80.19925,-69.2003611,LMC,OGLE-LMC-HB-0216,RG,05 20 47.82,-69 12 01.3,LMC503.20.14015,,15.738,17.31,443.98793414,9008.0236,0.049,0.4102,81.33,114.68,,1,0,Simbad,80.19917,-69.20032,20.406,18.741,17.125,15.652,0.243,0.052,0.049,0.109,10
2.005097,80.19925,-69.2003611,LMC,OGLE-LMC-HB-0216,RG,05 20 47.82,-69 12 01.3,LMC503.20.14015,,15.738,17.31,443.98793414,9008.0236,0.049,0.4102,81.33,114.68,,1,0,Simbad,80.19778,-69.20056,,21.464,20.599,,,0.295,0.206,,0
2.972893,80.19925,-69.2003611,LMC,OGLE-LMC-HB-0216,RG,05 20 47.82,-69 12 01.3,LMC503.20.14015,,15.738,17.31,443.98793414,9008.0236,0.049,0.4102,81.33,114.68,,1,0,Simbad,80.19868,-69.19956,,20.502,19.805,19.275,,0.119,0.120,0.173,0
4.412672,80.19925,-69.2003611,LMC,OGLE-LMC-HB-0216,RG,05 20 47.82,-69 12 01.3,LMC503.20.14015,,15.738,17.31,443.98793414,9008.0236,0.049,0.4102,81.33,114.68,,1,0,Simbad,80.20191,-69.19958,19.986,17.791,16.048,13.766,0.146,0.038,0.049,0.061,10
4.899973,80.19925,-69.2003611,LMC,OGLE-LMC-HB-0216,RG,05 20 47.82,-69 12 01.3,LMC503.20.14015,,15.738,17.31,443.98793414,9008.0236,0.049,0.4102,81.33,114.68,,1,0,Simbad,80.19924,-69.19900,,22.019,21.748,,,0.247,0.335,,0
0.403115,80.2064167,-69.3700833,LMC,OGLE-LMC-HB-0217,RG,05 20 49.54,-69 22 12.3,LMC503.11.56578,2MASS-J05204953-6922122,15.215,16.888,591.7545783,9086.7163,0.032,0.1842,65.75,32.5,,1,0,Simbad,80.20619,-69.37016,19.441,18.297,16.131,15.036,0.204,0.082,0.187,0.128,20
4.015398,80.2064167,-69.3700833,LMC,OGLE-LMC-HB-0217,RG,05 20 49.54,-69 22 12.3,LMC503.11.56578,2MASS-J05204953-6922122,15.215,16.888,591.7545783,9086.7163,0.032,0.1842,65.75,32.5,,1,0,Simbad,80.20946,-69.36977,19.129,18.909,17.848,17.240,0.128,0.075,0.221,0.049,0
4.534011,80.2064167,-69.3700833,LMC,OGLE-LMC-HB-0217,RG,05 20 49.54,-69 22 12.3,LMC503.11.56578,2MASS-J05204953-6922122,15.215,16.888,591.7545783,9086.7163,0.032,0.1842,65.75,32.5,,1,0,Simbad,80.20606,-69.36883,19.769,19.676,19.207,19.393,0.209,0.097,0.117,0.163,10
0.208211,80.2417083,-70.3715278,LMC,OGLE-LMC-HB-0218,RG,05 20 58.01,-70 22 17.5,LMC502.20.15011,,15.962,17.454,318.49655806,9067.5239,0.03,0.1988,53.39,2.69,,1,0,Simbad,80.24170,-70.37147,20.588,18.550,17.112,15.841,0.238,0.082,0.112,0.042,10
3.807096,80.2417083,-70.3715278,LMC,OGLE-LMC-HB-0218,RG,05 20 58.01,-70 22 17.5,LMC502.20.15011,,15.962,17.454,318.49655806,9067.5239,0.03,0.1988,53.39,2.69,,1,0,Simbad,80.24434,-70.37095,,22.745,21.327,20.995,,0.367,0.224,0.265,0
4.509857,80.2417083,-70.3715278,LMC,OGLE-LMC-HB-0218,RG,05 20 58.01,-70 22 17.5,LMC502.20.15011,,15.962,17.454,318.49655806,9067.5239,0.03,0.1988,53.39,2.69,,1,0,Simbad,80.24238,-70.37276,21.891,20.926,20.516,20.566,0.541,0.112,0.187,0.220,0
0.169552,80.2669167,-70.6471667,LMC,OGLE-LMC-HB-0219,RG,05 21 04.06,-70 38 49.8,LMC502.11.11969,,15.495,17.227,615.76278072,9031.4987,0.048,0.4115,53.2,123.63,OSARG,1,0,Simbad,80.26694,-70.64712,20.500,18.569,16.955,15.211,0.189,0.042,0.040,0.036,10
3.815219,80.2669167,-70.6471667,LMC,OGLE-LMC-HB-0219,RG,05 21 04.06,-70 38 49.8,LMC502.11.11969,,15.495,17.227,615.76278072,9031.4987,0.048,0.4115,53.2,123.63,OSARG,1,0,Simbad,80.26758,-70.64613,20.156,20.057,19.659,19.635,0.148,0.072,0.125,0.106,10
4.029598,80.2669167,-70.6471667,LMC,OGLE-LMC-HB-0219,RG,05 21 04.06,-70 38 49.8,LMC502.11.11969,,15.495,17.227,615.76278072,9031.4987,0.048,0.4115,53.2,123.63,OSARG,1,0,Simbad,80.26873,-70.64811,,20.314,19.266,18.367,,0.084,0.087,0.053,0
4.424577,80.2669167,-70.6471667,LMC,OGLE-LMC-HB-0219,RG,05 21 04.06,-70 38 49.8,LMC502.11.11969,,15.495,17.227,615.76278072,9031.4987,0.048,0.4115,53.2,123.63,OSARG,1,0,Simbad,80.26656,-70.64839,18.335,17.894,17.075,16.112,0.059,0.042,0.135,0.038,10
0.197013,80.3264167,-69.2607222,LMC,OGLE-LMC-HB-0220,RG,05 21 18.34,-69 15 38.6,LMC503.20.64,EROS2-star-lm001-0n-8183,15.214,16.88,312.88097049,9123.1254,0.115,0.2887,60.95,46.71,OSARG,0,0,Simbad,80.32651,-69.26068,19.769,18.299,16.793,15.116,0.145,0.051,0.125,0.052,10
0.938769,80.3264167,-69.2607222,LMC,OGLE-LMC-HB-0220,RG,05 21 18.34,-69 15 38.6,LMC503.20.64,EROS2-star-lm001-0n-8183,15.214,16.88,312.88097049,9123.1254,0.115,0.2887,60.95,46.71,OSARG,0,0,Simbad,80.32569,-69.26068,,18.264,18.899,18.331,,0.051,0.324,0.327,0
3.192739,80.3264167,-69.2607222,LMC,OGLE-LMC-HB-0220,RG,05 21 18.34,-69 15 38.6,LMC503.20.64,EROS2-star-lm001-0n-8183,15.214,16.88,312.88097049,9123.1254,0.115,0.2887,60.95,46.71,OSARG,0,0,Simbad,80.32833,-69.26015,20.496,19.628,18.346,17.460,0.257,0.069,0.143,0.098,10
3.368053,80.3264167,-69.2607222,LMC,OGLE-LMC-HB-0220,RG,05 21 18.34,-69 15 38.6,LMC503.20.64,EROS2-star-lm001-0n-8183,15.214,16.88,312.88097049,9123.1254,0.115,0.2887,60.95,46.71,OSARG,0,0,Simbad,80.32705,-69.26163,18.606,17.827,16.850,15.830,0.073,0.044,0.084,0.053,10
3.614974,80.3264167,-69.2607222,LMC,OGLE-LMC-HB-0220,RG,05 21 18.34,-69 15 38.6,LMC503.20.64,EROS2-star-lm001-0n-8183,15.214,16.88,312.88097049,9123.1254,0.115,0.2887,60.95,46.71,OSARG,0,0,Simbad,80.32548,-69.26167,17.590,17.544,17.475,17.390,0.044,0.043,0.079,0.077,10
0.494522,80.339,-69.7290278,LMC,OGLE-LMC-HB-0221,RG,05 21 21.36,-69 43 44.5,LMC503.03.29568,OGLE-LMC-LPV-44996,15.165,17.019,471.68913466,9297.1659,0.042,0.1695,61.72,150.65,TEO,1,0,Simbad,80.33870,-69.72894,,18.531,16.988,15.043,,0.048,0.072,0.068,0
1.650019,80.339,-69.7290278,LMC,OGLE-LMC-HB-0221,RG,05 21 21.36,-69 43 44.5,LMC503.03.29568,OGLE-LMC-LPV-44996,15.165,17.019,471.68913466,9297.1659,0.042,0.1695,61.72,150.65,TEO,1,0,Simbad,80.33791,-69.72929,,21.305,19.020,18.287,,0.163,0.180,0.179,0
3.593557,80.339,-69.7290278,LMC,OGLE-LMC-HB-0221,RG,05 21 21.36,-69 43 44.5,LMC503.03.29568,OGLE-LMC-LPV-44996,15.165,17.019,471.68913466,9297.1659,0.042,0.1695,61.72,150.65,TEO,1,0,Simbad,80.33676,-69.72840,,18.537,20.118,,,0.199,0.347,,0
3.751461,80.339,-69.7290278,LMC,OGLE-LMC-HB-0221,RG,05 21 21.36,-69 43 44.5,LMC503.03.29568,OGLE-LMC-LPV-44996,15.165,17.019,471.68913466,9297.1659,0.042,0.1695,61.72,150.65,TEO,1,0,Simbad,80.34029,-69.72997,,20.233,19.084,17.905,,0.091,0.198,0.200,0
3.896943,80.339,-69.7290278,LMC,OGLE-LMC-HB-0221,RG,05 21 21.36,-69 43 44.5,LMC503.03.29568,OGLE-LMC-LPV-44996,15.165,17.019,471.68913466,9297.1659,0.042,0.1695,61.72,150.65,TEO,1,0,Simbad,80.33893,-69.73011,18.399,17.600,16.434,15.543,0.076,0.035,0.087,0.128,10
4.034814,80.339,-69.7290278,LMC,OGLE-LMC-HB-0221,RG,05 21 21.36,-69 43 44.5,LMC503.03.29568,OGLE-LMC-LPV-44996,15.165,17.019,471.68913466,9297.1659,0.042,0.1695,61.72,150.65,TEO,1,0,Simbad,80.33601,-69.72860,19.789,20.857,17.122,15.729,0.164,0.228,0.077,0.089,0
4.533058,80.339,-69.7290278,LMC,OGLE-LMC-HB-0221,RG,05 21 21.36,-69 43 44.5,LMC503.03.29568,OGLE-LMC-LPV-44996,15.165,17.019,471.68913466,9297.1659,0.042,0.1695,61.72,150.65,TEO,1,0,Simbad,80.34029,-69.72785,,20.219,20.046,17.873,,0.082,0.166,0.094,0
4.673157,80.339,-69.7290278,LMC,OGLE-LMC-HB-0221,RG,05 21 21.36,-69 43 44.5,LMC503.03.29568,OGLE-LMC-LPV-44996,15.165,17.019,471.68913466,9297.1659,0.042,0.1695,61.72,150.65,TEO,1,0,Simbad,80.33909,-69.72773,,19.368,18.375,17.882,,0.060,0.093,0.131,0
4.774516,80.339,-69.7290278,LMC,OGLE-LMC-HB-0221,RG,05 21 21.36,-69 43 44.5,LMC503.03.29568,OGLE-LMC-LPV-44996,15.165,17.019,471.68913466,9297.1659,0.042,0.1695,61.72,150.65,TEO,1,0,Simbad,80.34207,-69.72982,20.501,19.951,18.813,17.806,0.262,0.069,0.177,0.164,10
0.243096,80.3800417,-69.3651111,LMC,OGLE-LMC-HB-0222,RG,05 21 31.21,-69 21 54.4,LMC503.11.56661,,15.813,17.99,301.41312459,9284.8705,0.034,0.2649,46.36,119.55,,1,0,Simbad,80.38021,-69.36514,19.142,18.106,16.538,15.049,0.111,0.064,0.094,0.058,10
1.434569,80.3800417,-69.3651111,LMC,OGLE-LMC-HB-0222,RG,05 21 31.21,-69 21 54.4,LMC503.11.56661,,15.813,17.99,301.41312459,9284.8705,0.034,0.2649,46.36,119.55,,1,0,Simbad,80.37983,-69.36472,,19.071,17.696,16.872,,0.081,0.209,0.135,0
2.428200,80.3800417,-69.3651111,LMC,OGLE-LMC-HB-0222,RG,05 21 31.21,-69 21 54.4,LMC503.11.56661,,15.813,17.99,301.41312459,9284.8705,0.034,0.2649,46.36,119.55,,1,0,Simbad,80.38195,-69.36513,20.796,20.137,20.255,,0.382,0.129,0.477,,0
3.453747,80.3800417,-69.3651111,LMC,OGLE-LMC-HB-0222,RG,05 21 31.21,-69 21 54.4,LMC503.11.56661,,15.813,17.99,301.41312459,9284.8705,0.034,0.2649,46.36,119.55,,1,0,Simbad,80.38131,-69.36596,,21.308,20.698,19.380,,0.254,0.385,0.165,0
3.523082,80.3800417,-69.3651111,LMC,OGLE-LMC-HB-0222,RG,05 21 31.21,-69 21 54.4,LMC503.11.56661,,15.813,17.99,301.41312459,9284.8705,0.034,0.2649,46.36,119.55,,1,0,Simbad,80.37734,-69.36533,20.599,20.554,19.980,,0.272,0.106,0.148,,0
3.928284,80.3800417,-69.3651111,LMC,OGLE-LMC-HB-0222,RG,05 21 31.21,-69 21 54.4,LMC503.11.56661,,15.813,17.99,301.41312459,9284.8705,0.034,0.2649,46.36,119.55,,1,0,Simbad,80.37984,-69.36620,,21.007,20.351,,,0.171,0.271,,0
4.835992,80.3800417,-69.3651111,LMC,OGLE-LMC-HB-0222,RG,05 21 31.21,-69 21 54.4,LMC503.11.56661,,15.813,17.99,301.41312459,9284.8705,0.034,0.2649,46.36,119.55,,1,0,Simbad,80.37750,-69.36411,20.524,20.184,18.972,18.997,0.279,0.114,0.107,0.121,20
4.984244,80.3800417,-69.3651111,LMC,OGLE-LMC-HB-0222,RG,05 21 31.21,-69 21 54.4,LMC503.11.56661,,15.813,17.99,301.41312459,9284.8705,0.034,0.2649,46.36,119.55,,1,0,Simbad,80.38146,-69.36382,,20.568,20.358,20.212,,0.144,0.338,0.293,0
0.118579,80.404,-69.6254444,LMC,OGLE-LMC-HB-0223,RG,05 21 36.96,-69 37 31.6,,,15.11,16.71,437.51016202,9090.2901,0.055,0.1639,88.59,116.46,TEO,1,0,Simbad,80.40391,-69.62543,19.930,18.220,16.677,15.117,0.149,0.038,0.045,0.068,10
2.504502,80.404,-69.6254444,LMC,OGLE-LMC-HB-0223,RG,05 21 36.96,-69 37 31.6,,,15.11,16.71,437.51016202,9090.2901,0.055,0.1639,88.59,116.46,TEO,1,0,Simbad,80.40210,-69.62566,17.824,18.071,17.660,17.804,0.058,0.039,0.150,0.158,10
3.176263,80.404,-69.6254444,LMC,OGLE-LMC-HB-0223,RG,05 21 36.96,-69 37 31.6,,,15.11,16.71,437.51016202,9090.2901,0.055,0.1639,88.59,116.46,TEO,1,0,Simbad,80.40237,-69.62612,,20.208,18.974,,,0.251,0.133,,0
3.650323,80.404,-69.6254444,LMC,OGLE-LMC-HB-0223,RG,05 21 36.96,-69 37 31.6,,,15.11,16.71,437.51016202,9090.2901,0.055,0.1639,88.59,116.46,TEO,1,0,Simbad,80.40665,-69.62502,18.876,20.466,18.714,18.352,0.128,0.094,0.175,0.100,20
3.759270,80.404,-69.6254444,LMC,OGLE-LMC-HB-0223,RG,05 21 36.96,-69 37 31.6,,,15.11,16.71,437.51016202,9090.2901,0.055,0.1639,88.59,116.46,TEO,1,0,Simbad,80.40318,-69.62444,19.158,19.255,19.285,19.906,0.097,0.256,0.091,0.466,0
3.935445,80.404,-69.6254444,LMC,OGLE-LMC-HB-0223,RG,05 21 36.96,-69 37 31.6,,,15.11,16.71,437.51016202,9090.2901,0.055,0.1639,88.59,116.46,TEO,1,0,Simbad,80.40148,-69.62479,,20.159,19.834,19.220,,0.070,0.134,0.218,0
4.569957,80.404,-69.6254444,LMC,OGLE-LMC-HB-0223,RG,05 21 36.96,-69 37 31.6,,,15.11,16.71,437.51016202,9090.2901,0.055,0.1639,88.59,116.46,TEO,1,0,Simbad,80.40036,-69.62537,20.571,20.500,19.475,18.351,0.267,0.111,0.161,0.155,10
4.637722,80.404,-69.6254444,LMC,OGLE-LMC-HB-0223,RG,05 21 36.96,-69 37 31.6,,,15.11,16.71,437.51016202,9090.2901,0.055,0.1639,88.59,116.46,TEO,1,0,Simbad,80.40524,-69.62423,,20.556,20.081,19.343,,0.097,0.156,0.160,0
4.929818,80.404,-69.6254444,LMC,OGLE-LMC-HB-0223,RG,05 21 36.96,-69 37 31.6,,,15.11,16.71,437.51016202,9090.2901,0.055,0.1639,88.59,116.46,TEO,1,0,Simbad,80.40636,-69.62654,19.678,20.013,18.853,18.667,0.133,0.064,0.178,0.264,0
0.236721,80.4729583,-69.5155,LMC,OGLE-LMC-HB-0224,RG,05 21 53.51,-69 30 55.8,LMC503.10.80490,,14.751,15.633,107.1770877,9083.5781,0.077,0.3067,53.3,37.34,,1,0,Simbad,80.47304,-69.51544,16.670,16.398,15.577,14.675,0.044,0.039,0.073,0.057,10
2.579535,80.4729583,-69.5155,LMC,OGLE-LMC-HB-0224,RG,05 21 53.51,-69 30 55.8,LMC503.10.80490,,14.751,15.633,107.1770877,9083.5781,0.077,0.3067,53.3,37.34,,1,0,Simbad,80.47475,-69.51585,18.941,18.943,18.176,19.748,0.100,0.088,0.249,0.393,0
2.918888,80.4729583,-69.5155,LMC,OGLE-LMC-HB-0224,RG,05 21 53.51,-69 30 55.8,LMC503.10.80490,,14.751,15.633,107.1770877,9083.5781,0.077,0.3067,53.3,37.34,,1,0,Simbad,80.47422,-69.51482,18.280,17.677,16.495,15.668,0.066,0.076,0.130,0.067,10
2.963766,80.4729583,-69.5155,LMC,OGLE-LMC-HB-0224,RG,05 21 53.51,-69 30 55.8,LMC503.10.80490,,14.751,15.633,107.1770877,9083.5781,0.077,0.3067,53.3,37.34,,1,0,Simbad,80.47062,-69.51541,18.476,18.819,18.066,17.941,0.075,0.102,0.132,0.108,20
4.152551,80.4729583,-69.5155,LMC,OGLE-LMC-HB-0224,RG,05 21 53.51,-69 30 55.8,LMC503.10.80490,,14.751,15.633,107.1770877,9083.5781,0.077,0.3067,53.3,37.34,,1,0,Simbad,80.47613,-69.51518,,20.435,19.251,,,0.164,0.202,,0
4.337852,80.4729583,-69.5155,LMC,OGLE-LMC-HB-0224,RG,05 21 53.51,-69 30 55.8,LMC503.10.80490,,14.751,15.633,107.1770877,9083.5781,0.077,0.3067,53.3,37.34,,1,0,Simbad,80.47475,-69.51653,20.822,20.782,18.832,17.909,0.499,0.280,0.130,0.104,0
4.660496,80.4729583,-69.5155,LMC,OGLE-LMC-HB-0224,RG,05 21 53.51,-69 30 55.8,LMC503.10.80490,,14.751,15.633,107.1770877,9083.5781,0.077,0.3067,53.3,37.34,,1,0,Simbad,80.47189,-69.51426,,20.721,17.757,18.005,,0.300,0.181,0.086,0
1.638668,80.5003333,-69.5861944,LMC,OGLE-LMC-HB-0225,MS,05 22 00.08,-69 35 10.3,LMC503.10.64959,,15.801,15.976,13.73924841,9005.0938,0.039,0.2213,38.29,2.92,,1,0,Simbad,80.49948,-69.58585,19.747,15.821,17.096,16.210,0.176,0.080,0.183,0.066,20
3.717728,80.5003333,-69.5861944,LMC,OGLE-LMC-HB-0225,MS,05 22 00.08,-69 35 10.3,LMC503.10.64959,,15.801,15.976,13.73924841,9005.0938,0.039,0.2213,38.29,2.92,,1,0,Simbad,80.50329,-69.58614,19.136,18.268,19.305,16.200,0.063,0.267,0.229,0.121,0
3.969095,80.5003333,-69.5861944,LMC,OGLE-LMC-HB-0225,MS,05 22 00.08,-69 35 10.3,LMC503.10.64959,,15.801,15.976,13.73924841,9005.0938,0.039,0.2213,38.29,2.92,,1,0,Simbad,80.50253,-69.58540,18.101,17.878,18.013,17.946,0.075,0.184,0.135,0.127,10
4.846920,80.5003333,-69.5861944,LMC,OGLE-LMC-HB-0225,MS,05 22 00.08,-69 35 10.3,LMC503.10.64959,,15.801,15.976,13.73924841,9005.0938,0.039,0.2213,38.29,2.92,,1,0,Simbad,80.50290,-69.58720,17.336,17.161,17.431,17.813,0.060,0.084,0.084,0.261,0
0.475552,80.5545833,-69.8500833,LMC,OGLE-LMC-HB-0226,RG,05 22 13.10,-69 51 00.3,LMC503.02.78433,,14.452,15.711,668.85475671,9282.4356,0.022,0.4248,61.55,54.73,,1,0,Simbad,80.55492,-69.85002,16.810,16.579,15.628,14.448,0.043,0.042,0.038,0.064,10
3.472045,80.5545833,-69.8500833,LMC,OGLE-LMC-HB-0226,RG,05 22 13.10,-69 51 00.3,LMC503.02.78433,,14.452,15.711,668.85475671,9282.4356,0.022,0.4248,61.55,54.73,,1,0,Simbad,80.55323,-69.84924,,20.903,20.965,20.161,,0.133,0.295,0.187,0
4.848338,80.5545833,-69.8500833,LMC,OGLE-LMC-HB-0226,RG,05 22 13.10,-69 51 00.3,LMC503.02.78433,,14.452,15.711,668.85475671,9282.4356,0.022,0.4248,61.55,54.73,,1,0,Simbad,80.55459,-69.85143,,20.249,18.975,17.086,,0.117,0.118,0.216,0
4.883680,80.5545833,-69.8500833,LMC,OGLE-LMC-HB-0226,RG,05 22 13.10,-69 51 00.3,LMC503.02.78433,,14.452,15.711,668.85475671,9282.4356,0.022,0.4248,61.55,54.73,,1,0,Simbad,80.55141,-69.84928,21.250,21.385,20.721,20.285,0.329,0.152,0.201,0.237,0
0.185564,80.5555833,-69.0583333,LMC,OGLE-LMC-HB-0227,RG,05 22 13.34,-69 03 30.0,LMC503.19.86426,,15.177,16.987,615.84020453,9214.2075,0.051,0.4049,63.24,146.1,,1,0,Simbad,80.55551,-69.05829,20.744,18.471,16.857,15.066,0.219,0.042,0.045,0.367,0
2.429010,80.5555833,-69.0583333,LMC,OGLE-LMC-HB-0227,RG,05 22 13.34,-69 03 30.0,LMC503.19.86426,,15.177,16.987,615.84020453,9214.2075,0.051,0.4049,63.24,146.1,,1,0,Simbad,80.55418,-69.05788,19.141,19.072,19.020,19.013,0.091,0.120,0.204,0.128,0
2.616853,80.5555833,-69.0583333,LMC,OGLE-LMC-HB-0227,RG,05 22 13.34,-69 03 30.0,LMC503.19.86426,,15.177,16.987,615.84020453,9214.2075,0.051,0.4049,63.24,146.1,,1,0,Simbad,80.55356,-69.05828,,21.092,21.500,,,0.241,0.417,,0
3.281935,80.5555833,-69.0583333,LMC,OGLE-LMC-HB-0227,RG,05 22 13.34,-69 03 30.0,LMC503.19.86426,,15.177,16.987,615.84020453,9214.2075,0.051,0.4049,63.24,146.1,,1,0,Simbad,80.55439,-69.05914,,21.994,20.928,,,0.230,0.145,,0
3.712684,80.5555833,-69.0583333,LMC,OGLE-LMC-HB-0227,RG,05 22 13.34,-69 03 30.0,LMC503.19.86426,,15.177,16.987,615.84020453,9214.2075,0.051,0.4049,63.24,146.1,,1,0,Simbad,80.55818,-69.05788,20.321,19.913,19.616,19.588,0.212,0.107,0.082,0.094,10
4.380061,80.5555833,-69.0583333,LMC,OGLE-LMC-HB-0227,RG,05 22 13.34,-69 03 30.0,LMC503.19.86426,,15.177,16.987,615.84020453,9214.2075,0.051,0.4049,63.24,146.1,,1,0,Simbad,80.55855,-69.05893,20.347,18.797,17.386,16.006,0.202,0.068,0.033,0.040,10
4.557587,80.5555833,-69.0583333,LMC,OGLE-LMC-HB-0227,RG,05 22 13.34,-69 03 30.0,LMC503.19.86426,,15.177,16.987,615.84020453,9214.2075,0.051,0.4049,63.24,146.1,,1,0,Simbad,80.55400,-69.05720,20.034,19.473,18.988,18.012,0.137,0.153,0.089,0.101,10
0.162873,80.721125,-70.187,LMC,OGLE-LMC-HB-0228,RG,05 22 53.07,-70 11 13.2,LMC502.27.32,,15.38,16.912,708.62509695,9436.4721,0.024,0.4084,48.97,129.87,,1,0,Simbad,80.72123,-70.18703,18.706,17.840,16.399,14.998,0.089,0.049,0.053,0.097,10
1.919303,80.721125,-70.187,LMC,OGLE-LMC-HB-0228,RG,05 22 53.07,-70 11 13.2,LMC502.27.32,,15.38,16.912,708.62509695,9436.4721,0.024,0.4084,48.97,129.87,,1,0,Simbad,80.72268,-70.18708,20.594,20.082,20.145,18.170,0.237,0.111,0.272,0.307,0
2.070661,80.721125,-70.187,LMC,OGLE-LMC-HB-0228,RG,05 22 53.07,-70 11 13.2,LMC502.27.32,,15.38,16.912,708.62509695,9436.4721,0.024,0.4084,48.97,129.87,,1,0,Simbad,80.72034,-70.18649,,20.057,19.740,19.803,,0.101,0.138,0.328,0
3.122385,80.721125,-70.187,LMC,OGLE-LMC-HB-0228,RG,05 22 53.07,-70 11 13.2,LMC502.27.32,,15.38,16.912,708.62509695,9436.4721,0.024,0.4084,48.97,129.87,,1,0,Simbad,80.72364,-70.18684,21.196,20.196,19.679,18.805,0.410,0.122,0.154,0.167,0
4.469718,80.721125,-70.187,LMC,OGLE-LMC-HB-0228,RG,05 22 53.07,-70 11 13.2,LMC502.27.32,,15.38,16.912,708.62509695,9436.4721,0.024,0.4084,48.97,129.87,,1,0,Simbad,80.72217,-70.18819,20.421,19.871,18.474,17.425,0.237,0.204,0.088,0.072,0
4.730461,80.721125,-70.187,LMC,OGLE-LMC-HB-0228,RG,05 22 53.07,-70 11 13.2,LMC502.27.32,,15.38,16.912,708.62509695,9436.4721,0.024,0.4084,48.97,129.87,,1,0,Simbad,80.71896,-70.18591,19.509,19.595,19.332,,0.118,0.074,0.108,,0
0.367331,80.729875,-70.64625,LMC,OGLE-LMC-HB-0229,RG,05 22 55.17,-70 38 46.5,LMC502.10.12414,,15.362,16.951,459.91790003,9001.5825,0.038,0.3647,88.69,134.89,,1,0,Simbad,80.72973,-70.64616,20.146,18.147,16.612,15.080,0.165,0.049,0.041,0.042,10
2.107545,80.729875,-70.64625,LMC,OGLE-LMC-HB-0229,RG,05 22 55.17,-70 38 46.5,LMC502.10.12414,,15.362,16.951,459.91790003,9001.5825,0.038,0.3647,88.69,134.89,,1,0,Simbad,80.73164,-70.64630,21.004,20.970,20.812,,0.294,0.162,0.165,,0
4.595813,80.729875,-70.64625,LMC,OGLE-LMC-HB-0229,RG,05 22 55.17,-70 38 46.5,LMC502.10.12414,,15.362,16.951,459.91790003,9001.5825,0.038,0.3647,88.69,134.89,,1,0,Simbad,80.72604,-70.64613,,21.229,21.393,20.438,,0.152,0.217,0.265,0
4.610883,80.729875,-70.64625,LMC,OGLE-LMC-HB-0229,RG,05 22 55.17,-70 38 46.5,LMC502.10.12414,,15.362,16.951,459.91790003,9001.5825,0.038,0.3647,88.69,134.89,,1,0,Simbad,80.73002,-70.64753,,23.108,22.053,,,0.424,0.322,,0
4.717847,80.729875,-70.64625,LMC,OGLE-LMC-HB-0229,RG,05 22 55.17,-70 38 46.5,LMC502.10.12414,,15.362,16.951,459.91790003,9001.5825,0.038,0.3647,88.69,134.89,,1,0,Simbad,80.73381,-70.64612,,21.322,21.289,20.938,,0.151,0.171,0.318,0
0.395927,80.7572917,-67.97425,LMC,OGLE-LMC-HB-0230,MS,05 23 01.75,-67 58 27.3,LMC504.19.3921,OGLE-LMC-ECL-14264,14.623,14.492,15.10096752,9001.7962,0.018,0.6621,29.41,7.07,ECL,0,1,Simbad,80.75729,-67.97414,13.331,14.106,14.235,14.402,0.088,0.020,0.018,0.039,10
0.219543,80.7749583,-69.2804167,LMC,OGLE-LMC-HB-0231,RG,05 23 05.99,-69 16 49.5,LMC503.19.43,,15.18,16.831,1033.81970504,9888.0185,0.066,0.5746,60.59,31.92,TEO,1,0,Simbad,80.77489,-69.28036,19.877,18.277,16.682,15.066,0.154,0.048,0.069,0.056,10
2.231361,80.7749583,-69.2804167,LMC,OGLE-LMC-HB-0231,RG,05 23 05.99,-69 16 49.5,LMC503.19.43,,15.18,16.831,1033.81970504,9888.0185,0.066,0.5746,60.59,31.92,TEO,1,0,Simbad,80.77547,-69.28101,,21.173,20.004,,,0.234,0.173,,0
2.236285,80.7749583,-69.2804167,LMC,OGLE-LMC-HB-0231,RG,05 23 05.99,-69 16 49.5,LMC503.19.43,,15.18,16.831,1033.81970504,9888.0185,0.066,0.5746,60.59,31.92,TEO,1,0,Simbad,80.77644,-69.28075,19.363,19.328,19.029,18.963,0.097,0.074,0.139,0.214,0
2.470782,80.7749583,-69.2804167,LMC,OGLE-LMC-HB-0231,RG,05 23 05.99,-69 16 49.5,LMC503.19.43,,15.18,16.831,1033.81970504,9888.0185,0.066,0.5746,60.59,31.92,TEO,1,0,Simbad,80.77446,-69.28108,21.165,21.201,19.929,18.784,0.538,0.316,0.177,0.106,0
3.720001,80.7749583,-69.2804167,LMC,OGLE-LMC-HB-0231,RG,05 23 05.99,-69 16 49.5,LMC503.19.43,,15.18,16.831,1033.81970504,9888.0185,0.066,0.5746,60.59,31.92,TEO,1,0,Simbad,80.77746,-69.28095,,20.019,18.975,18.013,,0.091,0.146,0.114,0
4.316485,80.7749583,-69.2804167,LMC,OGLE-LMC-HB-0231,RG,05 23 05.99,-69 16 49.5,LMC503.19.43,,15.18,16.831,1033.81970504,9888.0185,0.066,0.5746,60.59,31.92,TEO,1,0,Simbad,80.77656,-69.27936,,20.677,20.443,19.917,,0.147,0.246,0.173,0
4.780639,80.7749583,-69.2804167,LMC,OGLE-LMC-HB-0231,RG,05 23 05.99,-69 16 49.5,LMC503.19.43,,15.18,16.831,1033.81970504,9888.0185,0.066,0.5746,60.59,31.92,TEO,1,0,Simbad,80.77307,-69.27927,,20.932,19.439,,,0.317,0.185,,0
0.059117,80.7828333,-70.5740833,LMC,OGLE-LMC-HB-0232,RG,05 23 07.88,-70 34 26.7,LMC502.10.19733,OGLE-LMC-ECL-14311,16.699,17.942,111.72393273,9098.4156,0.076,0.2023,64.98,67.04,,1,1,Simbad,80.78278,-70.57408,19.321,18.576,17.484,16.428,0.093,0.056,0.063,0.046,10
2.047442,80.7828333,-70.5740833,LMC,OGLE-LMC-HB-0232,RG,05 23 07.88,-70 34 26.7,LMC502.10.19733,OGLE-LMC-ECL-14311,16.699,17.942,111.72393273,9098.4156,0.076,0.2023,64.98,67.04,,1,1,Simbad,80.78361,-70.57459,19.272,19.029,18.484,18.992,0.107,0.150,0.260,0.085,0
3.772534,80.7828333,-70.5740833,LMC,OGLE-LMC-HB-0232,RG,05 23 07.88,-70 34 26.7,LMC502.10.19733,OGLE-LMC-ECL-14311,16.699,17.942,111.72393273,9098.4156,0.076,0.2023,64.98,67.04,,1,1,Simbad,80.78268,-70.57513,20.606,19.815,18.716,18.046,0.167,0.069,0.076,0.051,10
3.808317,80.7828333,-70.5740833,LMC,OGLE-LMC-HB-0232,RG,05 23 07.88,-70 34 26.7,LMC502.10.19733,OGLE-LMC-ECL-14311,16.699,17.942,111.72393273,9098.4156,0.076,0.2023,64.98,67.04,,1,1,Simbad,80.77966,-70.57399,,21.969,21.166,20.290,,0.197,0.197,0.135,0
4.386000,80.7828333,-70.5740833,LMC,OGLE-LMC-HB-0232,RG,05 23 07.88,-70 34 26.7,LMC502.10.19733,OGLE-LMC-ECL-14311,16.699,17.942,111.72393273,9098.4156,0.076,0.2023,64.98,67.04,,1,1,Simbad,80.78057,-70.57504,21.316,21.710,21.762,20.710,0.343,0.173,0.214,0.183,0
0.128006,80.8153333,-69.3854444,LMC,OGLE-LMC-HB-0233,RG,05 23 15.68,-69 23 07.6,LMC503.10.34220,MACHO--78.6950.1337,15.414,16.909,462.85864565,9225.8539,0.022,0.2932,45.52,88.51,,1,0,Simbad,80.81526,-69.38542,19.264,18.171,16.480,15.124,0.103,0.114,0.064,0.055,10
2.612455,80.8153333,-69.3854444,LMC,OGLE-LMC-HB-0233,RG,05 23 15.68,-69 23 07.6,LMC503.10.34220,MACHO--78.6950.1337,15.414,16.909,462.85864565,9225.8539,0.022,0.2932,45.52,88.51,,1,0,Simbad,80.81724,-69.38572,19.872,19.453,18.037,17.427,0.147,0.144,0.152,0.104,20
4.495995,80.8153333,-69.3854444,LMC,OGLE-LMC-HB-0233,RG,05 23 15.68,-69 23 07.6,LMC503.10.34220,MACHO--78.6950.1337,15.414,16.909,462.85864565,9225.8539,0.022,0.2932,45.52,88.51,,1,0,Simbad,80.81637,-69.38425,,21.051,19.999,19.309,,0.153,0.121,0.113,0
4.546895,80.8153333,-69.3854444,LMC,OGLE-LMC-HB-0233,RG,05 23 15.68,-69 23 07.6,LMC503.10.34220,MACHO--78.6950.1337,15.414,16.909,462.85864565,9225.8539,0.022,0.2932,45.52,88.51,,1,0,Simbad,80.81892,-69.38547,,21.667,21.472,,,0.356,0.291,,0
4.813920,80.8153333,-69.3854444,LMC,OGLE-LMC-HB-0233,RG,05 23 15.68,-69 23 07.6,LMC503.10.34220,MACHO--78.6950.1337,15.414,16.909,462.85864565,9225.8539,0.022,0.2932,45.52,88.51,,1,0,Simbad,80.81199,-69.38481,,20.211,18.694,19.698,,0.210,0.216,0.138,0
4.888545,80.8153333,-69.3854444,LMC,OGLE-LMC-HB-0233,RG,05 23 15.68,-69 23 07.6,LMC503.10.34220,MACHO--78.6950.1337,15.414,16.909,462.85864565,9225.8539,0.022,0.2932,45.52,88.51,,1,0,Simbad,80.81511,-69.38680,,20.062,19.069,18.354,,0.071,0.111,0.081,0
0.336227,80.8214167,-67.6073056,LMC,OGLE-LMC-HB-0234,RG,05 23 17.14,-67 36 26.3,LMC504.26.18487,,15.058,16.571,300.50408121,9217.2078,0.041,0.3328,65.16,177.69,,1,0,Simbad,80.82152,-67.60722,19.356,17.719,16.323,14.822,0.097,0.028,0.019,0.028,10
3.386443,80.8214167,-67.6073056,LMC,OGLE-LMC-HB-0234,RG,05 23 17.14,-67 36 26.3,LMC504.26.18487,,15.058,16.571,300.50408121,9217.2078,0.041,0.3328,65.16,177.69,,1,0,Simbad,80.82324,-67.60794,,20.472,20.466,20.001,,0.106,0.084,0.115,0
0.101087,80.831125,-70.5605556,LMC,OGLE-LMC-HB-0235,RG,05 23 19.47,-70 33 38.0,LMC502.10.19667,OGLE-LMC-ECL-14399,15.73,17.422,337.51367226,9170.675,0.054,0.2177,60.19,106.55,OSARG,1,1,Simbad,80.83105,-70.56054,20.821,18.794,17.233,15.487,0.254,0.068,0.060,0.113,10
2.996834,80.831125,-70.5605556,LMC,OGLE-LMC-HB-0235,RG,05 23 19.47,-70 33 38.0,LMC502.10.19667,OGLE-LMC-ECL-14399,15.73,17.422,337.51367226,9170.675,0.054,0.2177,60.19,106.55,OSARG,1,1,Simbad,80.83162,-70.55974,,21.543,20.699,19.808,,0.131,0.157,0.123,0
4.294852,80.831125,-70.5605556,LMC,OGLE-LMC-HB-0235,RG,05 23 19.47,-70 33 38.0,LMC502.10.19667,OGLE-LMC-ECL-14399,15.73,17.422,337.51367226,9170.675,0.054,0.2177,60.19,106.55,OSARG,1,1,Simbad,80.82761,-70.56033,,22.649,22.353,,,0.352,0.391,,0
4.432203,80.831125,-70.5605556,LMC,OGLE-LMC-HB-0235,RG,05 23 19.47,-70 33 38.0,LMC502.10.19667,OGLE-LMC-ECL-14399,15.73,17.422,337.51367226,9170.675,0.054,0.2177,60.19,106.55,OSARG,1,1,Simbad,80.83303,-70.56161,20.766,21.762,19.802,19.762,0.276,0.303,0.134,0.117,0
0.176109,80.8730417,-69.3918889,LMC,OGLE-LMC-HB-0236,RG,05 23 29.53,-69 23 30.8,LMC503.09.85338,2MASS-J05232951-6923309,14.954,16.683,460.33371057,9218.8569,0.083,0.3062,80.81,161.58,TEO,1,1,Simbad,80.87291,-69.39188,19.760,18.181,16.552,14.768,0.170,0.054,0.052,0.062,10
2.363432,80.8730417,-69.3918889,LMC,OGLE-LMC-HB-0236,RG,05 23 29.53,-69 23 30.8,LMC503.09.85338,2MASS-J05232951-6923309,14.954,16.683,460.33371057,9218.8569,0.083,0.3062,80.81,161.58,TEO,1,1,Simbad,80.87123,-69.39174,,19.703,18.752,17.606,,0.088,0.131,0.065,0
3.243207,80.8730417,-69.3918889,LMC,OGLE-LMC-HB-0236,RG,05 23 29.53,-69 23 30.8,LMC503.09.85338,2MASS-J05232951-6923309,14.954,16.683,460.33371057,9218.8569,0.083,0.3062,80.81,161.58,TEO,1,1,Simbad,80.87553,-69.39210,,20.393,19.239,19.241,,0.114,0.126,0.118,0
3.614589,80.8730417,-69.3918889,LMC,OGLE-LMC-HB-0236,RG,05 23 29.53,-69 23 30.8,LMC503.09.85338,2MASS-J05232951-6923309,14.954,16.683,460.33371057,9218.8569,0.083,0.3062,80.81,161.58,TEO,1,1,Simbad,80.87030,-69.39216,19.991,19.309,18.185,17.120,0.176,0.079,0.078,0.090,10
4.070865,80.8730417,-69.3918889,LMC,OGLE-LMC-HB-0236,RG,05 23 29.53,-69 23 30.8,LMC503.09.85338,2MASS-J05232951-6923309,14.954,16.683,460.33371057,9218.8569,0.083,0.3062,80.81,161.58,TEO,1,1,Simbad,80.87443,-69.39087,19.915,20.051,19.623,19.532,0.148,0.080,0.136,0.186,10
4.386500,80.8730417,-69.3918889,LMC,OGLE-LMC-HB-0236,RG,05 23 29.53,-69 23 30.8,LMC503.09.85338,2MASS-J05232951-6923309,14.954,16.683,460.33371057,9218.8569,0.083,0.3062,80.81,161.58,TEO,1,1,Simbad,80.87561,-69.39107,,21.292,20.475,,,0.113,0.132,,0
4.716008,80.8730417,-69.3918889,LMC,OGLE-LMC-HB-0236,RG,05 23 29.53,-69 23 30.8,LMC503.09.85338,2MASS-J05232951-6923309,14.954,16.683,460.33371057,9218.8569,0.083,0.3062,80.81,161.58,TEO,1,1,Simbad,80.86932,-69.39188,,19.815,18.803,18.093,,0.113,0.135,0.415,0
0.145708,80.9485833,-69.8967778,LMC,OGLE-LMC-HB-0237,RG,05 23 47.66,-69 53 48.4,LMC503.01.67401,2MASS-J05234767-6953484,14.889,16.743,448.92598432,9132.47,0.063,0.2555,54.96,96.04,OSARG,1,0,Simbad,80.94863,-69.89674,19.143,17.951,16.671,14.750,0.110,0.108,0.038,0.062,10
2.123594,80.9485833,-69.8967778,LMC,OGLE-LMC-HB-0237,RG,05 23 47.66,-69 53 48.4,LMC503.01.67401,2MASS-J05234767-6953484,14.889,16.743,448.92598432,9132.47,0.063,0.2555,54.96,96.04,OSARG,1,0,Simbad,80.95029,-69.89684,19.334,18.637,17.700,16.483,0.120,0.067,0.068,0.089,10
2.926627,80.9485833,-69.8967778,LMC,OGLE-LMC-HB-0237,RG,05 23 47.66,-69 53 48.4,LMC503.01.67401,2MASS-J05234767-6953484,14.889,16.743,448.92598432,9132.47,0.063,0.2555,54.96,96.04,OSARG,1,0,Simbad,80.94630,-69.89699,20.670,20.380,19.675,18.707,0.280,0.085,0.137,0.140,10
4.060304,80.9485833,-69.8967778,LMC,OGLE-LMC-HB-0237,RG,05 23 47.66,-69 53 48.4,LMC503.01.67401,2MASS-J05234767-6953484,14.889,16.743,448.92598432,9132.47,0.063,0.2555,54.96,96.04,OSARG,1,0,Simbad,80.94863,-69.89565,20.454,19.259,20.936,,0.188,0.251,0.462,,0
4.074518,80.9485833,-69.8967778,LMC,OGLE-LMC-HB-0237,RG,05 23 47.66,-69 53 48.4,LMC503.01.67401,2MASS-J05234767-6953484,14.889,16.743,448.92598432,9132.47,0.063,0.2555,54.96,96.04,OSARG,1,0,Simbad,80.94645,-69.89764,20.658,20.544,20.701,19.772,0.267,0.119,0.193,0.188,20
0.272150,81.007875,-69.8223889,LMC,OGLE-LMC-HB-0238,MS,05 24 01.89,-69 49 20.6,LMC503.01.81108,,13.402,13.26,7.46787739,9000.7344,0.046,0.1274,43.22,3.96,,0,0,Simbad,81.00797,-69.82232,12.394,13.023,13.273,13.446,0.026,0.131,0.078,0.149,10
0.127495,81.0079583,-69.2311389,LMC,OGLE-LMC-HB-0239,RG,05 24 01.91,-69 13 52.1,LMC503.18.50064,,15.481,17.054,603.74841201,9480.1903,0.033,0.3733,70.44,112.24,OSARG,1,0,Simbad,81.00805,-69.23113,19.569,18.323,16.702,15.337,0.123,0.050,0.049,0.043,10
2.267933,81.0079583,-69.2311389,LMC,OGLE-LMC-HB-0239,RG,05 24 01.91,-69 13 52.1,LMC503.18.50064,,15.481,17.054,603.74841201,9480.1903,0.033,0.3733,70.44,112.24,OSARG,1,0,Simbad,81.00849,-69.23174,,20.588,20.054,20.449,,0.110,0.132,0.389,0
3.800771,81.0079583,-69.2311389,LMC,OGLE-LMC-HB-0239,RG,05 24 01.91,-69 13 52.1,LMC503.18.50064,,15.481,17.054,603.74841201,9480.1903,0.033,0.3733,70.44,112.24,OSARG,1,0,Simbad,81.01094,-69.23116,21.064,21.379,20.873,20.790,0.448,0.164,0.225,0.296,0
4.282604,81.0079583,-69.2311389,LMC,OGLE-LMC-HB-0239,RG,05 24 01.91,-69 13 52.1,LMC503.18.50064,,15.481,17.054,603.74841201,9480.1903,0.033,0.3733,70.44,112.24,OSARG,1,0,Simbad,81.00584,-69.23206,,21.886,21.083,,,0.212,0.207,,0
0.305444,81.120625,-70.9995833,LMC,OGLE-LMC-HB-0240,RG,05 24 28.95,-70 59 58.5,LMC502.01.31370,OGLE-LMC-ECL-14853,15.031,16.538,556.02101502,9410.8311,0.038,0.4461,78.66,85.77,,1,1,Simbad,81.12068,-70.99950,19.485,17.663,16.229,14.774,0.140,0.035,0.062,0.041,10
4.120983,81.120625,-70.9995833,LMC,OGLE-LMC-HB-0240,RG,05 24 28.95,-70 59 58.5,LMC502.01.31370,OGLE-LMC-ECL-14853,15.031,16.538,556.02101502,9410.8311,0.038,0.4461,78.66,85.77,,1,1,Simbad,81.11907,-71.00061,,21.118,20.561,20.089,,0.123,0.101,0.168,0
4.427471,81.120625,-70.9995833,LMC,OGLE-LMC-HB-0240,RG,05 24 28.95,-70 59 58.5,LMC502.01.31370,OGLE-LMC-ECL-14853,15.031,16.538,556.02101502,9410.8311,0.038,0.4461,78.66,85.77,,1,1,Simbad,81.11757,-70.99886,19.699,20.869,20.725,19.469,0.135,0.095,0.319,0.090,0
0.438196,81.1367083,-70.1558611,LMC,OGLE-LMC-HB-0241,RG,05 24 32.81,-70 09 21.1,LMC502.26.308,,16.629,17.956,249.1303676,9055.6901,0.029,0.3507,88.51,113.23,,1,0,Simbad,81.13638,-70.15591,20.230,18.845,17.431,16.327,0.189,0.062,0.056,0.081,10
2.684628,81.1367083,-70.1558611,LMC,OGLE-LMC-HB-0241,RG,05 24 32.81,-70 09 21.1,LMC502.26.308,,16.629,17.956,249.1303676,9055.6901,0.029,0.3507,88.51,113.23,,1,0,Simbad,81.13843,-70.15540,21.501,20.800,20.279,,0.471,0.200,0.201,,0
3.939116,81.1367083,-70.1558611,LMC,OGLE-LMC-HB-0241,RG,05 24 32.81,-70 09 21.1,LMC502.26.308,,16.629,17.956,249.1303676,9055.6901,0.029,0.3507,88.51,113.23,,1,0,Simbad,81.13349,-70.15587,19.567,19.154,18.863,19.156,0.150,0.052,0.090,0.124,10
4.104581,81.1367083,-70.1558611,LMC,OGLE-LMC-HB-0241,RG,05 24 32.81,-70 09 21.1,LMC502.26.308,,16.629,17.956,249.1303676,9055.6901,0.029,0.3507,88.51,113.23,,1,0,Simbad,81.13713,-70.15473,,20.711,19.838,18.962,,0.126,0.122,0.095,0
4.272630,81.1367083,-70.1558611,LMC,OGLE-LMC-HB-0241,RG,05 24 32.81,-70 09 21.1,LMC502.26.308,,16.629,17.956,249.1303676,9055.6901,0.029,0.3507,88.51,113.23,,1,0,Simbad,81.13974,-70.15527,18.364,18.195,18.035,18.118,0.060,0.089,0.100,0.078,10
4.958796,81.1367083,-70.1558611,LMC,OGLE-LMC-HB-0241,RG,05 24 32.81,-70 09 21.1,LMC502.26.308,,16.629,17.956,249.1303676,9055.6901,0.029,0.3507,88.51,113.23,,1,0,Simbad,81.14005,-70.15664,,20.022,19.034,18.140,,0.105,0.150,0.083,0
0.465802,81.1485,-69.864,LMC,OGLE-LMC-HB-0242,RG,05 24 35.64,-69 51 50.4,LMC503.01.85,OGLE-LMC-ECL-14896,15.111,16.532,384.90538068,9225.7114,0.025,0.1271,49.49,159.31,ECL,0,1,Simbad,81.14823,-69.86391,18.694,17.245,16.187,14.712,0.191,0.267,0.107,0.141,0
2.155327,81.1485,-69.864,LMC,OGLE-LMC-HB-0242,RG,05 24 35.64,-69 51 50.4,LMC503.01.85,OGLE-LMC-ECL-14896,15.111,16.532,384.90538068,9225.7114,0.025,0.1271,49.49,159.31,ECL,0,1,Simbad,81.14703,-69.86368,17.744,16.172,16.684,,0.109,0.075,0.077,,0
3.456819,81.1485,-69.864,LMC,OGLE-LMC-HB-0242,RG,05 24 35.64,-69 51 50.4,LMC503.01.85,OGLE-LMC-ECL-14896,15.111,16.532,384.90538068,9225.7114,0.025,0.1271,49.49,159.31,ECL,0,1,Simbad,81.15114,-69.86369,,20.062,18.432,16.742,,0.316,0.098,0.151,0
4.081618,81.1485,-69.864,LMC,OGLE-LMC-HB-0242,RG,05 24 35.64,-69 51 50.4,LMC503.01.85,OGLE-LMC-ECL-14896,15.111,16.532,384.90538068,9225.7114,0.025,0.1271,49.49,159.31,ECL,0,1,Simbad,81.15102,-69.86327,,19.218,19.220,,,0.263,0.212,,0
4.803053,81.1485,-69.864,LMC,OGLE-LMC-HB-0242,RG,05 24 35.64,-69 51 50.4,LMC503.01.85,OGLE-LMC-ECL-14896,15.111,16.532,384.90538068,9225.7114,0.025,0.1271,49.49,159.31,ECL,0,1,Simbad,81.15166,-69.86477,20.106,19.531,18.484,17.249,0.175,0.208,0.078,0.125,0
4.877468,81.1485,-69.864,LMC,OGLE-LMC-HB-0242,RG,05 24 35.64,-69 51 50.4,LMC503.01.85,OGLE-LMC-ECL-14896,15.111,16.532,384.90538068,9225.7114,0.025,0.1271,49.49,159.31,ECL,0,1,Simbad,81.14721,-69.86272,18.868,18.658,18.695,18.094,0.072,0.151,0.097,0.154,10
0.179648,81.1538333,-70.5541944,LMC,OGLE-LMC-HB-0243,RG,05 24 36.92,-70 33 15.1,LMC502.09.20629,OGLE-LMC-ECL-14911,15.824,17.351,245.04646159,9184.1138,0.081,0.2295,72.35,44.54,,1,1,Simbad,81.15376,-70.55415,20.184,18.473,16.980,15.628,0.159,0.059,0.031,0.052,10
2.305559,81.1538333,-70.5541944,LMC,OGLE-LMC-HB-0243,RG,05 24 36.92,-70 33 15.1,LMC502.09.20629,OGLE-LMC-ECL-14911,15.824,17.351,245.04646159,9184.1138,0.081,0.2295,72.35,44.54,,1,1,Simbad,81.15447,-70.55359,20.138,18.688,19.447,19.038,0.138,0.092,0.112,0.129,20
3.273401,81.1538333,-70.5541944,LMC,OGLE-LMC-HB-0243,RG,05 24 36.92,-70 33 15.1,LMC502.09.20629,OGLE-LMC-ECL-14911,15.824,17.351,245.04646159,9184.1138,0.081,0.2295,72.35,44.54,,1,1,Simbad,81.15408,-70.55510,,21.857,21.501,,,0.218,0.161,,0
4.414070,81.1538333,-70.5541944,LMC,OGLE-LMC-HB-0243,RG,05 24 36.92,-70 33 15.1,LMC502.09.20629,OGLE-LMC-ECL-14911,15.824,17.351,245.04646159,9184.1138,0.081,0.2295,72.35,44.54,,1,1,Simbad,81.15678,-70.55493,,21.827,21.342,,,0.193,0.210,,0
0.239421,81.1594167,-70.0079722,LMC,OGLE-LMC-HB-0244,RG,05 24 38.26,-70 00 28.7,LMC502.26.23301,,13.868,15.34,410.26278464,9112.7223,0.057,0.1235,52.98,59.25,OSARG,1,0,Simbad,81.15924,-70.00800,16.458,15.725,14.974,13.638,0.112,0.053,0.048,0.045,10
4.139879,81.1594167,-70.0079722,LMC,OGLE-LMC-HB-0244,RG,05 24 38.26,-70 00 28.7,LMC502.26.23301,,13.868,15.34,410.26278464,9112.7223,0.057,0.1235,52.98,59.25,OSARG,1,0,Simbad,81.15642,-70.00745,,20.323,19.100,18.595,,0.164,0.160,0.180,0
4.620146,81.1594167,-70.0079722,LMC,OGLE-LMC-HB-0244,RG,05 24 38.26,-70 00 28.7,LMC502.26.23301,,13.868,15.34,410.26278464,9112.7223,0.057,0.1235,52.98,59.25,OSARG,1,0,Simbad,81.15860,-70.00672,19.804,19.514,19.106,19.186,0.154,0.112,0.123,0.124,10
0.309015,81.2120833,-68.8698611,LMC,OGLE-LMC-HB-0245,RG,05 24 50.90,-68 52 11.5,LMC517.16.38304,OGLE-LMC-ECL-15016,16.496,17.791,211.87181276,9022.2681,0.044,0.2333,89.35,89.84,,1,1,Simbad,81.21195,-68.86979,19.615,18.653,17.496,16.218,0.106,0.053,0.023,0.056,10
2.830820,81.2120833,-68.8698611,LMC,OGLE-LMC-HB-0245,RG,05 24 50.90,-68 52 11.5,LMC517.16.38304,OGLE-LMC-ECL-15016,16.496,17.791,211.87181276,9022.2681,0.044,0.2333,89.35,89.84,,1,1,Simbad,81.21056,-68.86930,,22.451,22.027,,,0.276,0.538,,0
2.946050,81.2120833,-68.8698611,LMC,OGLE-LMC-HB-0245,RG,05 24 50.90,-68 52 11.5,LMC517.16.38304,OGLE-LMC-ECL-15016,16.496,17.791,211.87181276,9022.2681,0.044,0.2333,89.35,89.84,,1,1,Simbad,81.20997,-68.87016,19.975,19.973,19.793,,0.163,0.044,0.085,,0
3.008392,81.2120833,-68.8698611,LMC,OGLE-LMC-HB-0245,RG,05 24 50.90,-68 52 11.5,LMC517.16.38304,OGLE-LMC-ECL-15016,16.496,17.791,211.87181276,9022.2681,0.044,0.2333,89.35,89.84,,1,1,Simbad,81.21325,-68.86914,,20.294,19.463,18.404,,0.064,0.051,0.118,0
3.621322,81.2120833,-68.8698611,LMC,OGLE-LMC-HB-0245,RG,05 24 50.90,-68 52 11.5,LMC517.16.38304,OGLE-LMC-ECL-15016,16.496,17.791,211.87181276,9022.2681,0.044,0.2333,89.35,89.84,,1,1,Simbad,81.21259,-68.87085,19.307,18.874,18.368,18.470,0.145,0.055,0.075,0.057,10
3.856714,81.2120833,-68.8698611,LMC,OGLE-LMC-HB-0245,RG,05 24 50.90,-68 52 11.5,LMC517.16.38304,OGLE-LMC-ECL-15016,16.496,17.791,211.87181276,9022.2681,0.044,0.2333,89.35,89.84,,1,1,Simbad,81.21035,-68.87073,,20.242,20.193,,,0.050,0.081,,0
4.519206,81.2120833,-68.8698611,LMC,OGLE-LMC-HB-0245,RG,05 24 50.90,-68 52 11.5,LMC517.16.38304,OGLE-LMC-ECL-15016,16.496,17.791,211.87181276,9022.2681,0.044,0.2333,89.35,89.84,,1,1,Simbad,81.21237,-68.86861,,22.021,21.590,,,0.215,0.298,,0
4.676724,81.2120833,-68.8698611,LMC,OGLE-LMC-HB-0245,RG,05 24 50.90,-68 52 11.5,LMC517.16.38304,OGLE-LMC-ECL-15016,16.496,17.791,211.87181276,9022.2681,0.044,0.2333,89.35,89.84,,1,1,Simbad,81.21548,-68.87030,,21.623,21.631,,,0.180,0.300,,0
0.375561,81.2777083,-68.8064722,LMC,OGLE-LMC-HB-0246,RG,05 25 06.65,-68 48 23.3,LMC517.16.46859,EROS2-star-lm020-6m-17696,15.546,16.937,200.78698564,9052.384,0.039,0.1134,89.02,170.25,ECL,0,0,Simbad,81.27765,-68.80637,19.277,18.020,16.612,15.360,0.065,0.050,0.080,0.024,10
2.624617,81.2777083,-68.8064722,LMC,OGLE-LMC-HB-0246,RG,05 25 06.65,-68 48 23.3,LMC517.16.46859,EROS2-star-lm020-6m-17696,15.546,16.937,200.78698564,9052.384,0.039,0.1134,89.02,170.25,ECL,0,0,Simbad,81.27971,-68.80637,20.726,20.545,20.584,20.503,0.165,0.106,0.175,0.329,0
4.012127,81.2777083,-68.8064722,LMC,OGLE-LMC-HB-0246,RG,05 25 06.65,-68 48 23.3,LMC517.16.46859,EROS2-star-lm020-6m-17696,15.546,16.937,200.78698564,9052.384,0.039,0.1134,89.02,170.25,ECL,0,0,Simbad,81.27933,-68.80742,,19.576,18.671,17.830,,0.074,0.044,0.040,0
0.068751,81.2834583,-69.4094722,LMC,OGLE-LMC-HB-0247,RG,05 25 08.03,-69 24 34.1,LMC503.09.31338,,15.194,16.819,322.88342205,9285.8421,0.029,0.2465,30.64,46.07,,1,0,Simbad,81.28350,-69.40946,,18.055,16.512,15.086,,0.060,0.056,0.046,0
2.655292,81.2834583,-69.4094722,LMC,OGLE-LMC-HB-0247,RG,05 25 08.03,-69 24 34.1,LMC503.09.31338,,15.194,16.819,322.88342205,9285.8421,0.029,0.2465,30.64,46.07,,1,0,Simbad,81.28137,-69.40954,20.222,19.854,18.963,18.144,0.226,0.146,0.100,0.159,10
3.752864,81.2834583,-69.4094722,LMC,OGLE-LMC-HB-0247,RG,05 25 08.03,-69 24 34.1,LMC503.09.31338,,15.194,16.819,322.88342205,9285.8421,0.029,0.2465,30.64,46.07,,1,0,Simbad,81.28404,-69.40845,,20.692,19.723,19.449,,0.162,0.158,0.127,0
3.766468,81.2834583,-69.4094722,LMC,OGLE-LMC-HB-0247,RG,05 25 08.03,-69 24 34.1,LMC503.09.31338,,15.194,16.819,322.88342205,9285.8421,0.029,0.2465,30.64,46.07,,1,0,Simbad,81.28110,-69.41011,19.029,18.085,17.881,,0.102,0.073,0.148,,0
4.364715,81.2834583,-69.4094722,LMC,OGLE-LMC-HB-0247,RG,05 25 08.03,-69 24 34.1,LMC503.09.31338,,15.194,16.819,322.88342205,9285.8421,0.029,0.2465,30.64,46.07,,1,0,Simbad,81.28005,-69.40929,,20.235,19.409,,,0.158,0.158,,0
0.204331,81.3126667,-69.9571667,LMC,OGLE-LMC-HB-0248,RG,05 25 15.04,-69 57 25.8,LMC502.26.37056,OGLE-LMC-ECL-32997,16.279,17.76,292.49430101,9035.8841,0.041,0.3911,64.02,129.34,,1,1,Simbad,81.31282,-69.95715,20.292,18.668,17.114,15.820,0.235,0.068,0.117,0.314,0
2.752382,81.3126667,-69.9571667,LMC,OGLE-LMC-HB-0248,RG,05 25 15.04,-69 57 25.8,LMC502.26.37056,OGLE-LMC-ECL-32997,16.279,17.76,292.49430101,9035.8841,0.041,0.3911,64.02,129.34,,1,1,Simbad,81.31044,-69.95712,,18.957,17.627,16.337,,0.107,0.089,0.045,0
3.831803,81.3126667,-69.9571667,LMC,OGLE-LMC-HB-0248,RG,05 25 15.04,-69 57 25.8,LMC502.26.37056,OGLE-LMC-ECL-32997,16.279,17.76,292.49430101,9035.8841,0.041,0.3911,64.02,129.34,,1,1,Simbad,81.31467,-69.95798,18.845,17.859,16.691,15.704,0.082,0.079,0.266,0.228,0
3.983451,81.3126667,-69.9571667,LMC,OGLE-LMC-HB-0248,RG,05 25 15.04,-69 57 25.8,LMC502.26.37056,OGLE-LMC-ECL-32997,16.279,17.76,292.49430101,9035.8841,0.041,0.3911,64.02,129.34,,1,1,Simbad,81.31356,-69.95823,20.108,17.645,15.838,13.827,0.180,0.072,0.118,0.048,10
4.273603,81.3126667,-69.9571667,LMC,OGLE-LMC-HB-0248,RG,05 25 15.04,-69 57 25.8,LMC502.26.37056,OGLE-LMC-ECL-32997,16.279,17.76,292.49430101,9035.8841,0.041,0.3911,64.02,129.34,,1,1,Simbad,81.31604,-69.95689,18.332,18.731,18.688,,0.062,0.067,0.126,,0
4.790220,81.3126667,-69.9571667,LMC,OGLE-LMC-HB-0248,RG,05 25 15.04,-69 57 25.8,LMC502.26.37056,OGLE-LMC-ECL-32997,16.279,17.76,292.49430101,9035.8841,0.041,0.3911,64.02,129.34,,1,1,Simbad,81.31080,-69.95600,,20.560,19.293,18.156,,0.167,0.139,0.059,0
0.197127,81.3410833,-69.0904444,LMC,OGLE-LMC-HB-0249,RG,05 25 21.86,-69 05 25.6,LMC503.17.63553,,15.86,17.366,271.97062072,9117.9891,0.051,0.2952,58.97,43.48,,1,0,Simbad,81.34110,-69.09039,21.157,18.333,17.448,15.703,0.282,0.063,0.105,0.035,20
3.182505,81.3410833,-69.0904444,LMC,OGLE-LMC-HB-0249,RG,05 25 21.86,-69 05 25.6,LMC503.17.63553,,15.86,17.366,271.97062072,9117.9891,0.051,0.2952,58.97,43.48,,1,0,Simbad,81.34356,-69.09043,19.977,20.007,20.200,19.846,0.136,0.070,0.113,0.194,10
3.754225,81.3410833,-69.0904444,LMC,OGLE-LMC-HB-0249,RG,05 25 21.86,-69 05 25.6,LMC503.17.63553,,15.86,17.366,271.97062072,9117.9891,0.051,0.2952,58.97,43.48,,1,0,Simbad,81.34074,-69.09148,21.112,20.578,20.587,20.300,0.267,0.127,0.159,0.214,0
4.568584,81.3410833,-69.0904444,LMC,OGLE-LMC-HB-0249,RG,05 25 21.86,-69 05 25.6,LMC503.17.63553,,15.86,17.366,271.97062072,9117.9891,0.051,0.2952,58.97,43.48,,1,0,Simbad,81.33754,-69.09057,20.654,20.085,19.180,18.287,0.235,0.223,0.067,0.082,0
0.230861,81.4248333,-69.8131667,LMC,OGLE-LMC-HB-0250,RG,05 25 41.96,-69 48 47.4,LMC516.25.78663,,14.774,16.371,511.57440541,9200.5495,0.034,0.3074,73.5,41.92,,1,0,Simbad,81.42492,-69.81311,18.702,17.230,15.975,14.491,0.089,0.070,0.047,0.192,10
2.858289,81.4248333,-69.8131667,LMC,OGLE-LMC-HB-0250,RG,05 25 41.96,-69 48 47.4,LMC516.25.78663,,14.774,16.371,511.57440541,9200.5495,0.034,0.3074,73.5,41.92,,1,0,Simbad,81.42354,-69.81251,19.835,18.937,18.327,17.196,0.129,0.120,0.094,0.106,10
3.080654,81.4248333,-69.8131667,LMC,OGLE-LMC-HB-0250,RG,05 25 41.96,-69 48 47.4,LMC516.25.78663,,14.774,16.371,511.57440541,9200.5495,0.034,0.3074,73.5,41.92,,1,0,Simbad,81.42589,-69.81394,18.599,18.313,18.380,,0.091,0.112,0.094,,0
3.848507,81.4248333,-69.8131667,LMC,OGLE-LMC-HB-0250,RG,05 25 41.96,-69 48 47.4,LMC516.25.78663,,14.774,16.371,511.57440541,9200.5495,0.034,0.3074,73.5,41.92,,1,0,Simbad,81.42504,-69.81210,19.789,19.295,19.676,,0.106,0.124,0.199,,0
0.089622,81.4599583,-69.1452222,LMC,OGLE-LMC-HB-0251,RG,05 25 50.39,-69 08 42.8,LMC503.17.63502,OGLE-LMC-ECL-15418,15.702,17.238,276.16676374,9103.4281,0.024,0.1702,67.27,117.77,,1,1,Simbad,81.45999,-69.14520,,18.617,17.221,15.700,,0.066,0.046,0.116,0
1.524255,81.4599583,-69.1452222,LMC,OGLE-LMC-HB-0251,RG,05 25 50.39,-69 08 42.8,LMC503.17.63502,OGLE-LMC-ECL-15418,15.702,17.238,276.16676374,9103.4281,0.024,0.1702,67.27,117.77,,1,1,Simbad,81.46084,-69.14494,19.601,19.682,19.468,19.459,0.135,0.115,0.162,0.401,0
4.947794,81.4599583,-69.1452222,LMC,OGLE-LMC-HB-0251,RG,05 25 50.39,-69 08 42.8,LMC503.17.63502,OGLE-LMC-ECL-15418,15.702,17.238,276.16676374,9103.4281,0.024,0.1702,67.27,117.77,,1,1,Simbad,81.46280,-69.14429,,20.189,19.240,18.289,,0.097,0.048,0.094,0
4.963567,81.4599583,-69.1452222,LMC,OGLE-LMC-HB-0251,RG,05 25 50.39,-69 08 42.8,LMC503.17.63502,OGLE-LMC-ECL-15418,15.702,17.238,276.16676374,9103.4281,0.024,0.1702,67.27,117.77,,1,1,Simbad,81.46371,-69.14488,,20.128,19.450,18.535,,0.070,0.046,0.053,0
0.291047,81.4932917,-70.06175,LMC,OGLE-LMC-HB-0252,RG,05 25 58.39,-70 03 42.3,LMC516.16.26513,,14.717,16.418,338.1594905,9294.6129,0.049,0.1887,45.74,132.27,OSARG,1,0,Simbad,81.49341,-70.06168,19.563,17.705,16.244,14.842,0.122,0.038,0.058,0.162,10
3.798277,81.4932917,-70.06175,LMC,OGLE-LMC-HB-0252,RG,05 25 58.39,-70 03 42.3,LMC516.16.26513,,14.717,16.418,338.1594905,9294.6129,0.049,0.1887,45.74,132.27,OSARG,1,0,Simbad,81.49299,-70.06280,19.950,19.444,19.571,,0.143,0.077,0.173,,0
4.181859,81.4932917,-70.06175,LMC,OGLE-LMC-HB-0252,RG,05 25 58.39,-70 03 42.3,LMC516.16.26513,,14.717,16.418,338.1594905,9294.6129,0.049,0.1887,45.74,132.27,OSARG,1,0,Simbad,81.49053,-70.06107,19.911,19.045,18.521,18.190,0.136,0.102,0.100,0.082,10
4.719745,81.4932917,-70.06175,LMC,OGLE-LMC-HB-0252,RG,05 25 58.39,-70 03 42.3,LMC516.16.26513,,14.717,16.418,338.1594905,9294.6129,0.049,0.1887,45.74,132.27,OSARG,1,0,Simbad,81.49671,-70.06235,19.788,18.187,16.734,15.047,0.148,0.046,0.060,0.040,10
4.927859,81.4932917,-70.06175,LMC,OGLE-LMC-HB-0252,RG,05 25 58.39,-70 03 42.3,LMC516.16.26513,,14.717,16.418,338.1594905,9294.6129,0.049,0.1887,45.74,132.27,OSARG,1,0,Simbad,81.48938,-70.06205,19.413,18.276,19.139,18.558,0.105,0.165,0.215,0.142,0
0.158529,81.5760833,-69.1955833,LMC,OGLE-LMC-HB-0253,RG,05 26 18.26,-69 11 44.1,LMC517.07.52822,MACHO--80.7437.74,15.878,17.285,234.99959214,9093.8982,0.017,0.2093,48.95,148.26,,1,0,Simbad,81.57611,-69.19554,19.912,18.362,17.010,15.618,0.140,0.050,0.048,0.032,10
2.034544,81.5760833,-69.1955833,LMC,OGLE-LMC-HB-0253,RG,05 26 18.26,-69 11 44.1,LMC517.07.52822,MACHO--80.7437.74,15.878,17.285,234.99959214,9093.8982,0.017,0.2093,48.95,148.26,,1,0,Simbad,81.57754,-69.19536,21.045,20.190,20.147,,0.239,0.122,0.156,,0
3.191169,81.5760833,-69.1955833,LMC,OGLE-LMC-HB-0253,RG,05 26 18.26,-69 11 44.1,LMC517.07.52822,MACHO--80.7437.74,15.878,17.285,234.99959214,9093.8982,0.017,0.2093,48.95,148.26,,1,0,Simbad,81.57565,-69.19471,20.818,21.091,21.048,,0.340,0.194,0.159,,0
4.473420,81.5760833,-69.1955833,LMC,OGLE-LMC-HB-0253,RG,05 26 18.26,-69 11 44.1,LMC517.07.52822,MACHO--80.7437.74,15.878,17.285,234.99959214,9093.8982,0.017,0.2093,48.95,148.26,,1,0,Simbad,81.57354,-69.19473,21.046,21.180,20.505,19.834,0.326,0.118,0.148,0.127,0
4.800973,81.5760833,-69.1955833,LMC,OGLE-LMC-HB-0253,RG,05 26 18.26,-69 11 44.1,LMC517.07.52822,MACHO--80.7437.74,15.878,17.285,234.99959214,9093.8982,0.017,0.2093,48.95,148.26,,1,0,Simbad,81.57822,-69.19668,,22.255,21.901,,,0.262,0.387,,0
0.385287,81.601875,-68.7847222,LMC,OGLE-LMC-HB-0254,MS,05 26 24.45,-68 47 05.0,LMC517.15.43517,J052624.45-684705.0,13.473,13.772,32.82939076,9031.0027,0.321,0.5473,42.51,130.64,TEO,1,0,Simbad,81.60173,-68.78463,12.630,13.617,13.628,13.283,0.038,0.106,0.267,0.079,0
0.167268,81.6069583,-71.6960556,LMC,OGLE-LMC-HB-0255,MS,05 26 25.67,-71 41 45.8,LMC501.17.15783,,15.136,15.246,19.88490482,9011.8487,0.077,0.2529,50.93,27.79,,1,0,Simbad,81.60693,-71.69601,15.155,14.986,14.954,14.962,0.032,0.030,0.219,0.032,0
3.756489,81.6069583,-71.6960556,LMC,OGLE-LMC-HB-0255,MS,05 26 25.67,-71 41 45.8,LMC501.17.15783,,15.136,15.246,19.88490482,9011.8487,0.077,0.2529,50.93,27.79,,1,0,Simbad,81.61016,-71.69634,,20.967,20.633,,,0.136,0.122,,0
3.963229,81.6069583,-71.6960556,LMC,OGLE-LMC-HB-0255,MS,05 26 25.67,-71 41 45.8,LMC501.17.15783,,15.136,15.246,19.88490482,9011.8487,0.077,0.2529,50.93,27.79,,1,0,Simbad,81.60464,-71.69688,17.469,16.213,14.885,13.736,0.116,0.081,0.052,0.031,10
0.334961,81.6185,-66.6316667,LMC,OGLE-LMC-HB-0256,MS,05 26 28.44,-66 37 54.0,LMC519.07.7946,OGLE-LMC-ECL-33339,15.586,15.469,6.58431778,9005.0483,0.022,0.2299,41.16,140.99,ECL,0,1,Simbad,81.61859,-66.63158,14.854,15.342,15.496,15.698,0.026,0.019,0.026,0.023,10
4.608231,81.6185,-66.6316667,LMC,OGLE-LMC-HB-0256,MS,05 26 28.44,-66 37 54.0,LMC519.07.7946,OGLE-LMC-ECL-33339,15.586,15.469,6.58431778,9005.0483,0.022,0.2299,41.16,140.99,ECL,0,1,Simbad,81.61902,-66.63293,19.632,19.577,19.173,19.116,0.104,0.036,0.045,0.068,10
0.140582,81.642625,-71.6104444,LMC,OGLE-LMC-HB-0257,RG,05 26 34.23,-71 36 37.6,LMC501.17.19601,,15.458,17.026,493.00198218,9327.8653,0.028,0.3245,57.79,27.23,,1,0,Simbad,81.64251,-71.61043,20.204,18.345,16.887,15.308,0.187,0.038,0.044,0.116,10
2.989601,81.642625,-71.6104444,LMC,OGLE-LMC-HB-0257,RG,05 26 34.23,-71 36 37.6,LMC501.17.19601,,15.458,17.026,493.00198218,9327.8653,0.028,0.3245,57.79,27.23,,1,0,Simbad,81.64526,-71.61041,,22.074,21.588,,,0.269,0.185,,0
4.234353,81.642625,-71.6104444,LMC,OGLE-LMC-HB-0257,RG,05 26 34.23,-71 36 37.6,LMC501.17.19601,,15.458,17.026,493.00198218,9327.8653,0.028,0.3245,57.79,27.23,,1,0,Simbad,81.64497,-71.60953,,22.543,21.883,20.864,,0.323,0.273,0.262,0
4.324083,81.642625,-71.6104444,LMC,OGLE-LMC-HB-0257,RG,05 26 34.23,-71 36 37.6,LMC501.17.19601,,15.458,17.026,493.00198218,9327.8653,0.028,0.3245,57.79,27.23,,1,0,Simbad,81.63883,-71.61033,,20.048,19.913,20.498,,0.069,0.071,0.190,0
4.403830,81.642625,-71.6104444,LMC,OGLE-LMC-HB-0257,RG,05 26 34.23,-71 36 37.6,LMC501.17.19601,,15.458,17.026,493.00198218,9327.8653,0.028,0.3245,57.79,27.23,,1,0,Simbad,81.64530,-71.61133,19.128,19.105,19.101,19.276,0.087,0.048,0.046,0.068,10
0.290635,81.70525,-69.8228889,LMC,OGLE-LMC-HB-0258,RG,05 26 49.26,-69 49 22.4,LMC516.24.76540,,14.499,15.662,242.81795757,9084.4827,0.042,0.1948,48.28,165.09,,1,0,Simbad,81.70509,-69.82283,16.339,16.019,15.269,13.847,0.044,0.065,0.035,0.096,10
3.971451,81.70525,-69.8228889,LMC,OGLE-LMC-HB-0258,RG,05 26 49.26,-69 49 22.4,LMC516.24.76540,,14.499,15.662,242.81795757,9084.4827,0.042,0.1948,48.28,165.09,,1,0,Simbad,81.70368,-69.82385,,19.597,20.440,,,0.168,0.200,,0
4.897660,81.70525,-69.8228889,LMC,OGLE-LMC-HB-0258,RG,05 26 49.26,-69 49 22.4,LMC516.24.76540,,14.499,15.662,242.81795757,9084.4827,0.042,0.1948,48.28,165.09,,1,0,Simbad,81.70391,-69.82161,19.371,18.307,17.859,15.915,0.123,0.151,0.076,0.173,20
0.351911,81.7100417,-69.8228611,LMC,OGLE-LMC-HB-0259,RG,05 26 50.41,-69 49 22.3,LMC516.24.76606,,15.637,17.326,585.49014164,9174.8041,0.023,0.2924,59.09,57.64,,1,0,Simbad,81.70980,-69.82281,,18.460,17.057,15.142,,0.116,0.087,0.067,0
3.635189,81.7100417,-69.8228611,LMC,OGLE-LMC-HB-0259,RG,05 26 50.41,-69 49 22.3,LMC516.24.76606,,15.637,17.326,585.49014164,9174.8041,0.023,0.2924,59.09,57.64,,1,0,Simbad,81.71235,-69.82224,19.947,19.508,19.282,18.087,0.182,0.122,0.099,0.126,10
4.498928,81.7100417,-69.8228611,LMC,OGLE-LMC-HB-0259,RG,05 26 50.41,-69 49 22.3,LMC516.24.76606,,15.637,17.326,585.49014164,9174.8041,0.023,0.2924,59.09,57.64,,1,0,Simbad,81.71187,-69.82394,,19.432,18.898,17.648,,0.152,0.078,0.128,0
4.574960,81.7100417,-69.8228611,LMC,OGLE-LMC-HB-0259,RG,05 26 50.41,-69 49 22.3,LMC516.24.76606,,15.637,17.326,585.49014164,9174.8041,0.023,0.2924,59.09,57.64,,1,0,Simbad,81.70842,-69.82172,,20.045,20.591,18.392,,0.247,0.263,0.190,0
4.938298,81.7100417,-69.8228611,LMC,OGLE-LMC-HB-0259,RG,05 26 50.41,-69 49 22.3,LMC516.24.76606,,15.637,17.326,585.49014164,9174.8041,0.023,0.2924,59.09,57.64,,1,0,Simbad,81.71402,-69.82292,19.399,19.050,19.170,18.655,0.114,0.104,0.064,0.103,10
0.117937,81.7228333,-69.05575,LMC,OGLE-LMC-HB-0260,RG,05 26 53.48,-69 03 20.7,LMC517.07.75128,,16.189,17.758,263.92701194,9011.1918,0.016,0.1939,62.69,37.87,,1,0,Simbad,81.72292,-69.05575,20.418,18.660,17.409,15.828,0.193,0.081,0.043,0.040,10
4.041368,81.7228333,-69.05575,LMC,OGLE-LMC-HB-0260,RG,05 26 53.48,-69 03 20.7,LMC517.07.75128,,16.189,17.758,263.92701194,9011.1918,0.016,0.1939,62.69,37.87,,1,0,Simbad,81.72075,-69.05491,18.703,19.085,19.195,19.201,0.073,0.039,0.063,0.052,10
4.406824,81.7228333,-69.05575,LMC,OGLE-LMC-HB-0260,RG,05 26 53.48,-69 03 20.7,LMC517.07.75128,,16.189,17.758,263.92701194,9011.1918,0.016,0.1939,62.69,37.87,,1,0,Simbad,81.72384,-69.05458,20.732,20.248,19.344,18.227,0.260,0.150,0.111,0.082,10
4.819341,81.7228333,-69.05575,LMC,OGLE-LMC-HB-0260,RG,05 26 53.48,-69 03 20.7,LMC517.07.75128,,16.189,17.758,263.92701194,9011.1918,0.016,0.1939,62.69,37.87,,1,0,Simbad,81.72620,-69.05634,18.749,18.619,18.695,18.626,0.075,0.069,0.065,0.070,10
4.833387,81.7228333,-69.05575,LMC,OGLE-LMC-HB-0260,RG,05 26 53.48,-69 03 20.7,LMC517.07.75128,,16.189,17.758,263.92701194,9011.1918,0.016,0.1939,62.69,37.87,,1,0,Simbad,81.72615,-69.05512,20.678,20.433,19.491,18.378,0.250,0.186,0.071,0.057,10
0.597311,81.7367917,-69.9113056,LMC,OGLE-LMC-HB-0261,RG,05 26 56.83,-69 54 40.7,LMC516.24.60238,,14.825,16.057,252.73982469,9202.2175,0.038,0.2412,54.53,109.07,,1,0,Simbad,81.73656,-69.91116,17.133,16.654,15.742,14.236,0.044,0.065,0.041,0.042,10
3.387904,81.7367917,-69.9113056,LMC,OGLE-LMC-HB-0261,RG,05 26 56.83,-69 54 40.7,LMC516.24.60238,,14.825,16.057,252.73982469,9202.2175,0.038,0.2412,54.53,109.07,,1,0,Simbad,81.73794,-69.91216,19.678,18.585,18.368,17.173,0.144,0.080,0.097,0.074,10
4.270148,81.7367917,-69.9113056,LMC,OGLE-LMC-HB-0261,RG,05 26 56.83,-69 54 40.7,LMC516.24.60238,,14.825,16.057,252.73982469,9202.2175,0.038,0.2412,54.53,109.07,,1,0,Simbad,81.73437,-69.91046,,18.924,17.812,16.245,,0.076,0.069,0.129,0
4.499243,81.7367917,-69.9113056,LMC,OGLE-LMC-HB-0261,RG,05 26 56.83,-69 54 40.7,LMC516.24.60238,,14.825,16.057,252.73982469,9202.2175,0.038,0.2412,54.53,109.07,,1,0,Simbad,81.73608,-69.91008,,19.529,19.355,17.603,,0.132,0.149,0.136,0
0.128905,81.7474167,-70.6904722,LMC,OGLE-LMC-HB-0262,RG,05 26 59.38,-70 41 25.7,LMC502.08.5638,,15.9,17.293,288.03042399,9022.3293,0.026,0.2101,42.67,7.28,,1,0,Simbad,81.74731,-70.69046,19.583,18.353,16.989,15.658,0.102,0.038,0.042,0.032,10
2.058125,81.7474167,-70.6904722,LMC,OGLE-LMC-HB-0262,RG,05 26 59.38,-70 41 25.7,LMC502.08.5638,,15.9,17.293,288.03042399,9022.3293,0.026,0.2101,42.67,7.28,,1,0,Simbad,81.74605,-70.69012,20.606,20.513,19.441,18.496,0.284,0.122,0.125,0.102,10
4.116951,81.7474167,-70.6904722,LMC,OGLE-LMC-HB-0262,RG,05 26 59.38,-70 41 25.7,LMC502.08.5638,,15.9,17.293,288.03042399,9022.3293,0.026,0.2101,42.67,7.28,,1,0,Simbad,81.75087,-70.69041,,21.826,21.575,21.159,,0.226,0.277,0.416,0
4.357038,81.7474167,-70.6904722,LMC,OGLE-LMC-HB-0262,RG,05 26 59.38,-70 41 25.7,LMC502.08.5638,,15.9,17.293,288.03042399,9022.3293,0.026,0.2101,42.67,7.28,,1,0,Simbad,81.74718,-70.69168,,21.947,20.912,19.937,,0.191,0.136,0.126,0
4.408708,81.7474167,-70.6904722,LMC,OGLE-LMC-HB-0262,RG,05 26 59.38,-70 41 25.7,LMC502.08.5638,,15.9,17.293,288.03042399,9022.3293,0.026,0.2101,42.67,7.28,,1,0,Simbad,81.74918,-70.69155,20.096,20.292,19.299,18.382,0.182,0.063,0.061,0.067,10
0.227370,81.8105417,-69.03325,LMC,OGLE-LMC-HB-0263,MS,05 27 14.53,-69 01 59.7,LMC517.07.33274,OGLE-LMC-ECL-16111,14.804,14.696,7.00722225,9005.6964,0.032,0.2251,41.32,114.56,ECL,0,1,Simbad,81.81041,-69.03321,13.923,14.521,14.652,14.799,0.025,0.025,0.036,0.024,10
4.283937,81.8105417,-69.03325,LMC,OGLE-LMC-HB-0263,MS,05 27 14.53,-69 01 59.7,LMC517.07.33274,OGLE-LMC-ECL-16111,14.804,14.696,7.00722225,9005.6964,0.032,0.2251,41.32,114.56,ECL,0,1,Simbad,81.81055,-69.03206,,20.362,19.369,18.175,,0.180,0.127,0.050,0
0.188188,81.8170417,-69.7733889,LMC,OGLE-LMC-HB-0264,RG,05 27 16.09,-69 46 24.2,LMC516.24.76844,,16.141,17.425,294.15277767,9070.8399,0.024,0.1882,49.1,151.49,,1,0,Simbad,81.81710,-69.77334,,17.639,16.808,15.369,,0.071,0.056,0.074,0
1.929879,81.8170417,-69.7733889,LMC,OGLE-LMC-HB-0264,RG,05 27 16.09,-69 46 24.2,LMC516.24.76844,,16.141,17.425,294.15277767,9070.8399,0.024,0.1882,49.1,151.49,,1,0,Simbad,81.81624,-69.77293,18.242,20.308,19.433,,0.105,0.436,0.184,,0
3.448208,81.8170417,-69.7733889,LMC,OGLE-LMC-HB-0264,RG,05 27 16.09,-69 46 24.2,LMC516.24.76844,,16.141,17.425,294.15277767,9070.8399,0.024,0.1882,49.1,151.49,,1,0,Simbad,81.81843,-69.77256,,20.201,19.859,,,0.217,0.209,,0
4.703072,81.8170417,-69.7733889,LMC,OGLE-LMC-HB-0264,RG,05 27 16.09,-69 46 24.2,LMC516.24.76844,,16.141,17.425,294.15277767,9070.8399,0.024,0.1882,49.1,151.49,,1,0,Simbad,81.81912,-69.77448,17.493,17.139,17.286,16.801,0.048,0.156,0.132,0.086,10
0.316250,81.8416667,-68.9370278,LMC,OGLE-LMC-HB-0265,RG,05 27 22.00,-68 56 13.3,LMC517.15.7,EROS2-star-lm020-7n-11720,13.829,15.29,462.12749046,9263.7052,0.02,0.1788,89.26,66.3,,1,0,Simbad,81.84167,-68.93694,18.197,16.355,14.957,13.413,0.095,0.037,0.032,0.064,10
3.252522,81.8416667,-68.9370278,LMC,OGLE-LMC-HB-0265,RG,05 27 22.00,-68 56 13.3,LMC517.15.7,EROS2-star-lm020-7n-11720,13.829,15.29,462.12749046,9263.7052,0.02,0.1788,89.26,66.3,,1,0,Simbad,81.84339,-68.93637,,19.437,20.215,,,0.110,0.233,,0
3.847446,81.8416667,-68.9370278,LMC,OGLE-LMC-HB-0265,RG,05 27 22.00,-68 56 13.3,LMC517.15.7,EROS2-star-lm020-7n-11720,13.829,15.29,462.12749046,9263.7052,0.02,0.1788,89.26,66.3,,1,0,Simbad,81.83893,-68.93745,20.124,19.994,19.950,19.935,0.185,0.082,0.145,0.166,10
3.935492,81.8416667,-68.9370278,LMC,OGLE-LMC-HB-0265,RG,05 27 22.00,-68 56 13.3,LMC517.15.7,EROS2-star-lm020-7n-11720,13.829,15.29,462.12749046,9263.7052,0.02,0.1788,89.26,66.3,,1,0,Simbad,81.84459,-68.93733,,19.204,19.182,19.126,,0.113,0.108,0.102,0
4.276014,81.8416667,-68.9370278,LMC,OGLE-LMC-HB-0265,RG,05 27 22.00,-68 56 13.3,LMC517.15.7,EROS2-star-lm020-7n-11720,13.829,15.29,462.12749046,9263.7052,0.02,0.1788,89.26,66.3,,1,0,Simbad,81.84044,-68.93813,,21.020,20.683,20.274,,0.252,0.208,0.204,0
4.896181,81.8416667,-68.9370278,LMC,OGLE-LMC-HB-0265,RG,05 27 22.00,-68 56 13.3,LMC517.15.7,EROS2-star-lm020-7n-11720,13.829,15.29,462.12749046,9263.7052,0.02,0.1788,89.26,66.3,,1,0,Simbad,81.84522,-68.93656,18.593,18.321,18.350,18.334,0.118,0.113,0.091,0.080,10
0.086509,81.873875,-70.7376667,LMC,OGLE-LMC-HB-0266,MS,05 27 29.73,-70 44 15.6,LMC515.32.32180,OGLE-LMC-ECL-16219,17.2,17.579,8.38852287,9002.0876,0.074,0.1631,89.88,55.72,,1,1,Simbad,81.87394,-70.73766,18.052,17.782,17.200,17.310,0.046,0.037,0.049,0.149,10
0.298213,81.8912917,-70.1554167,LMC,OGLE-LMC-HB-0267,RG,05 27 33.91,-70 09 19.5,LMC516.15.133,,16.241,17.788,431.24694098,9322.77,0.03,0.3715,66.98,101.55,,1,0,Simbad,81.89110,-70.15547,,18.757,17.217,15.636,,0.049,0.091,0.051,0
1.988921,81.8912917,-70.1554167,LMC,OGLE-LMC-HB-0267,RG,05 27 33.91,-70 09 19.5,LMC516.15.133,,16.241,17.788,431.24694098,9322.77,0.03,0.3715,66.98,101.55,,1,0,Simbad,81.89030,-70.15498,19.031,18.913,18.546,18.544,0.096,0.055,0.141,0.112,10
2.245187,81.8912917,-70.1554167,LMC,OGLE-LMC-HB-0267,RG,05 27 33.91,-70 09 19.5,LMC516.15.133,,16.241,17.788,431.24694098,9322.77,0.03,0.3715,66.98,101.55,,1,0,Simbad,81.89123,-70.15604,21.422,20.047,18.855,17.632,0.513,0.084,0.110,0.067,0
2.729143,81.8912917,-70.1554167,LMC,OGLE-LMC-HB-0267,RG,05 27 33.91,-70 09 19.5,LMC516.15.133,,16.241,17.788,431.24694098,9322.77,0.03,0.3715,66.98,101.55,,1,0,Simbad,81.88936,-70.15580,20.156,19.104,17.831,16.791,0.229,0.058,0.111,0.059,10
4.000416,81.8912917,-70.1554167,LMC,OGLE-LMC-HB-0267,RG,05 27 33.91,-70 09 19.5,LMC516.15.133,,16.241,17.788,431.24694098,9322.77,0.03,0.3715,66.98,101.55,,1,0,Simbad,81.89453,-70.15559,,20.895,19.571,18.477,,0.180,0.191,0.127,0
4.872361,81.8912917,-70.1554167,LMC,OGLE-LMC-HB-0267,RG,05 27 33.91,-70 09 19.5,LMC516.15.133,,16.241,17.788,431.24694098,9322.77,0.03,0.3715,66.98,101.55,,1,0,Simbad,81.89037,-70.15410,,21.420,20.538,20.397,,0.132,0.248,0.221,0
4.967074,81.8912917,-70.1554167,LMC,OGLE-LMC-HB-0267,RG,05 27 33.91,-70 09 19.5,LMC516.15.133,,16.241,17.788,431.24694098,9322.77,0.03,0.3715,66.98,101.55,,1,0,Simbad,81.89399,-70.15645,,19.853,18.891,18.298,,0.085,0.104,0.117,0
0.187608,81.9189583,-69.0997778,LMC,OGLE-LMC-HB-0268,MS,05 27 40.55,-69 05 59.2,LMC517.07.22356,OGLE-LMC-ECL-16303,15.282,15.175,14.10109347,9001.1074,0.024,0.5182,44.55,126.92,ECL,0,1,Simbad,81.91890,-69.09973,14.102,14.944,14.920,15.055,0.069,0.131,0.046,0.028,10
4.395255,81.9189583,-69.0997778,LMC,OGLE-LMC-HB-0268,MS,05 27 40.55,-69 05 59.2,LMC517.07.22356,OGLE-LMC-ECL-16303,15.282,15.175,14.10109347,9001.1074,0.024,0.5182,44.55,126.92,ECL,0,1,Simbad,81.91569,-69.10014,19.442,18.765,18.159,17.149,0.357,0.096,0.323,0.185,0
0.301395,81.9192917,-70.41875,LMC,OGLE-LMC-HB-0269,RG,05 27 40.63,-70 25 07.5,LMC516.07.7679,,16.107,17.831,454.07313086,9253.1441,0.035,0.4365,87.01,121.67,,1,0,Simbad,81.91915,-70.41868,,18.959,17.251,15.694,,0.058,0.041,0.052,0
1.364798,81.9192917,-70.41875,LMC,OGLE-LMC-HB-0269,RG,05 27 40.63,-70 25 07.5,LMC516.07.7679,,16.107,17.831,454.07313086,9253.1441,0.035,0.4365,87.01,121.67,,1,0,Simbad,81.91818,-70.41868,18.040,18.487,18.579,,0.073,0.088,0.191,,0
2.156524,81.9192917,-70.41875,LMC,OGLE-LMC-HB-0269,RG,05 27 40.63,-70 25 07.5,LMC516.07.7679,,16.107,17.831,454.07313086,9253.1441,0.035,0.4365,87.01,121.67,,1,0,Simbad,81.92108,-70.41871,19.975,19.863,19.322,19.262,0.137,0.066,0.093,0.124,10
3.926891,81.9192917,-70.41875,LMC,OGLE-LMC-HB-0269,RG,05 27 40.63,-70 25 07.5,LMC516.07.7679,,16.107,17.831,454.07313086,9253.1441,0.035,0.4365,87.01,121.67,,1,0,Simbad,81.91792,-70.41974,,22.087,21.095,20.548,,0.275,0.186,0.288,0
3.994519,81.9192917,-70.41875,LMC,OGLE-LMC-HB-0269,RG,05 27 40.63,-70 25 07.5,LMC516.07.7679,,16.107,17.831,454.07313086,9253.1441,0.035,0.4365,87.01,121.67,,1,0,Simbad,81.92197,-70.41810,17.687,17.896,17.893,18.217,0.063,0.052,0.053,0.109,10
4.114899,81.9192917,-70.41875,LMC,OGLE-LMC-HB-0269,RG,05 27 40.63,-70 25 07.5,LMC516.07.7679,,16.107,17.831,454.07313086,9253.1441,0.035,0.4365,87.01,121.67,,1,0,Simbad,81.91590,-70.41863,19.846,20.149,19.579,19.593,0.162,0.079,0.114,0.136,10
0.289714,81.924125,-69.2658889,LMC,OGLE-LMC-HB-0270,RG,05 27 41.79,-69 15 57.2,LMC517.07.49,,15.712,17.338,366.04269381,9324.4422,0.049,0.3202,55.15,18.61,,1,0,Simbad,81.92397,-69.26583,,18.558,16.983,15.495,,0.060,0.041,0.043,0
1.809123,81.924125,-69.2658889,LMC,OGLE-LMC-HB-0270,RG,05 27 41.79,-69 15 57.2,LMC517.07.49,,15.712,17.338,366.04269381,9324.4422,0.049,0.3202,55.15,18.61,,1,0,Simbad,81.92301,-69.26620,,20.846,20.430,,,0.208,0.230,,0
3.594360,81.924125,-69.2658889,LMC,OGLE-LMC-HB-0270,RG,05 27 41.79,-69 15 57.2,LMC517.07.49,,15.712,17.338,366.04269381,9324.4422,0.049,0.3202,55.15,18.61,,1,0,Simbad,81.92666,-69.26633,,21.924,20.038,20.688,,0.211,0.145,0.371,0
4.331390,81.924125,-69.2658889,LMC,OGLE-LMC-HB-0270,RG,05 27 41.79,-69 15 57.2,LMC517.07.49,,15.712,17.338,366.04269381,9324.4422,0.049,0.3202,55.15,18.61,,1,0,Simbad,81.92745,-69.26564,,21.206,21.316,,,0.126,0.168,,0
4.564085,81.924125,-69.2658889,LMC,OGLE-LMC-HB-0270,RG,05 27 41.79,-69 15 57.2,LMC517.07.49,,15.712,17.338,366.04269381,9324.4422,0.049,0.3202,55.15,18.61,,1,0,Simbad,81.92511,-69.26467,,20.255,19.224,18.264,,0.098,0.087,0.071,0
4.760689,81.924125,-69.2658889,LMC,OGLE-LMC-HB-0270,RG,05 27 41.79,-69 15 57.2,LMC517.07.49,,15.712,17.338,366.04269381,9324.4422,0.049,0.3202,55.15,18.61,,1,0,Simbad,81.92757,-69.26640,,20.260,19.711,18.355,,0.101,0.206,0.066,0
0.016193,81.9384583,-70.5875556,LMC,OGLE-LMC-HB-0271,RG,05 27 45.23,-70 35 15.2,LMC515.32.46406,,16.245,17.789,283.61814095,9188.3572,0.029,0.188,57.66,101.74,,1,0,Simbad,81.93846,-70.58756,20.114,18.564,17.100,15.692,0.151,0.064,0.054,0.042,10
2.711497,81.9384583,-70.5875556,LMC,OGLE-LMC-HB-0271,RG,05 27 45.23,-70 35 15.2,LMC515.32.46406,,16.245,17.789,283.61814095,9188.3572,0.029,0.188,57.66,101.74,,1,0,Simbad,81.94059,-70.58730,,21.177,20.308,,,0.127,0.150,,0
3.555122,81.9384583,-70.5875556,LMC,OGLE-LMC-HB-0271,RG,05 27 45.23,-70 35 15.2,LMC515.32.46406,,16.245,17.789,283.61814095,9188.3572,0.029,0.188,57.66,101.74,,1,0,Simbad,81.94093,-70.58701,20.194,19.664,18.937,17.988,0.451,0.112,0.121,0.058,0
3.559405,81.9384583,-70.5875556,LMC,OGLE-LMC-HB-0271,RG,05 27 45.23,-70 35 15.2,LMC515.32.46406,,16.245,17.789,283.61814095,9188.3572,0.029,0.188,57.66,101.74,,1,0,Simbad,81.94052,-70.58827,20.262,20.149,19.263,18.556,0.148,0.149,0.089,0.064,10
3.943987,81.9384583,-70.5875556,LMC,OGLE-LMC-HB-0271,RG,05 27 45.23,-70 35 15.2,LMC515.32.46406,,16.245,17.789,283.61814095,9188.3572,0.029,0.188,57.66,101.74,,1,0,Simbad,81.93531,-70.58788,20.618,20.684,19.756,18.512,0.170,0.103,0.150,0.091,10
4.596223,81.9384583,-70.5875556,LMC,OGLE-LMC-HB-0271,RG,05 27 45.23,-70 35 15.2,LMC515.32.46406,,16.245,17.789,283.61814095,9188.3572,0.029,0.188,57.66,101.74,,1,0,Simbad,81.93548,-70.58836,,20.785,19.878,,,0.184,0.279,,0
4.811411,81.9384583,-70.5875556,LMC,OGLE-LMC-HB-0271,RG,05 27 45.23,-70 35 15.2,LMC515.32.46406,,16.245,17.789,283.61814095,9188.3572,0.029,0.188,57.66,101.74,,1,0,Simbad,81.93453,-70.58727,19.901,19.621,18.586,,0.247,0.108,0.124,,0
0.111561,82.0511667,-69.5716667,LMC,OGLE-LMC-HB-0272,RG,05 28 12.28,-69 34 18.0,LMC516.32.86,,16.404,17.931,257.6874734,9234.7493,0.065,0.2633,63.3,35.32,,1,0,Simbad,82.05108,-69.57166,20.593,18.434,17.286,15.529,0.169,0.072,0.061,0.062,10
4.851606,82.0511667,-69.5716667,LMC,OGLE-LMC-HB-0272,RG,05 28 12.28,-69 34 18.0,LMC516.32.86,,16.404,17.931,257.6874734,9234.7493,0.065,0.2633,63.3,35.32,,1,0,Simbad,82.05085,-69.57301,19.674,19.199,18.576,17.705,0.120,0.097,0.087,0.081,10
0.246031,82.0794167,-69.13075,LMC,OGLE-LMC-HB-0273,MS,05 28 19.06,-69 07 50.7,LMC517.06.60528,,15.041,14.909,7.54821373,9006.8857,0.028,0.2729,48.24,0.08,,1,0,Simbad,82.07932,-69.13069,13.737,14.468,14.640,14.732,0.037,0.021,0.029,0.025,10
2.951885,82.0794167,-69.13075,LMC,OGLE-LMC-HB-0273,MS,05 28 19.06,-69 07 50.7,LMC517.06.60528,,15.041,14.909,7.54821373,9006.8857,0.028,0.2729,48.24,0.08,,1,0,Simbad,82.07978,-69.12994,18.879,18.726,19.059,18.383,0.156,0.095,0.177,0.096,20
4.946503,82.0794167,-69.13075,LMC,OGLE-LMC-HB-0273,MS,05 28 19.06,-69 07 50.7,LMC517.06.60528,,15.041,14.909,7.54821373,9006.8857,0.028,0.2729,48.24,0.08,,1,0,Simbad,82.08014,-69.13210,,19.721,17.846,17.091,,0.123,0.107,0.053,0
4.992945,82.0794167,-69.13075,LMC,OGLE-LMC-HB-0273,MS,05 28 19.06,-69 07 50.7,LMC517.06.60528,,15.041,14.909,7.54821373,9006.8857,0.028,0.2729,48.24,0.08,,1,0,Simbad,82.07556,-69.13094,19.820,18.866,18.038,17.035,0.142,0.143,0.100,0.092,10
0.079972,82.095125,-70.5433889,LMC,OGLE-LMC-HB-0274,RG,05 28 22.83,-70 32 36.2,LMC515.32.19965,,16.388,17.691,239.48912271,9072.6918,0.015,0.2795,59.63,137.58,OSARG,1,0,Simbad,82.09509,-70.54337,19.729,18.373,17.088,15.859,0.115,0.053,0.039,0.047,10
2.686165,82.095125,-70.5433889,LMC,OGLE-LMC-HB-0274,RG,05 28 22.83,-70 32 36.2,LMC515.32.19965,,16.388,17.691,239.48912271,9072.6918,0.015,0.2795,59.63,137.58,OSARG,1,0,Simbad,82.09383,-70.54278,,22.717,20.935,20.368,,0.491,0.157,0.228,0
2.916617,82.095125,-70.5433889,LMC,OGLE-LMC-HB-0274,RG,05 28 22.83,-70 32 36.2,LMC515.32.19965,,16.388,17.691,239.48912271,9072.6918,0.015,0.2795,59.63,137.58,OSARG,1,0,Simbad,82.09272,-70.54351,,21.859,21.384,,,0.214,0.272,,0
3.316262,82.095125,-70.5433889,LMC,OGLE-LMC-HB-0274,RG,05 28 22.83,-70 32 36.2,LMC515.32.19965,,16.388,17.691,239.48912271,9072.6918,0.015,0.2795,59.63,137.58,OSARG,1,0,Simbad,82.09455,-70.54429,,20.826,20.367,,,0.142,0.120,,0
4.500283,82.095125,-70.5433889,LMC,OGLE-LMC-HB-0274,RG,05 28 22.83,-70 32 36.2,LMC515.32.19965,,16.388,17.691,239.48912271,9072.6918,0.015,0.2795,59.63,137.58,OSARG,1,0,Simbad,82.09887,-70.54347,20.755,20.728,20.381,20.797,0.264,0.100,0.133,0.241,0
4.609691,82.095125,-70.5433889,LMC,OGLE-LMC-HB-0274,RG,05 28 22.83,-70 32 36.2,LMC515.32.19965,,16.388,17.691,239.48912271,9072.6918,0.015,0.2795,59.63,137.58,OSARG,1,0,Simbad,82.09810,-70.54258,,21.071,20.069,19.343,,0.108,0.119,0.078,0
0.159840,82.128125,-70.1786667,LMC,OGLE-LMC-HB-0275,RG,05 28 30.75,-70 10 43.2,LMC516.14.58920,,15.482,17.064,582.28122662,9098.6203,0.03,0.3188,60.05,125.23,OSARG,1,0,Simbad,82.12800,-70.17868,,17.839,16.602,14.893,,0.089,0.067,0.053,0
2.901406,82.128125,-70.1786667,LMC,OGLE-LMC-HB-0275,RG,05 28 30.75,-70 10 43.2,LMC516.14.58920,,15.482,17.064,582.28122662,9098.6203,0.03,0.3188,60.05,125.23,OSARG,1,0,Simbad,82.12728,-70.17942,,20.699,19.862,18.956,,0.226,0.130,0.153,0
3.829780,82.128125,-70.1786667,LMC,OGLE-LMC-HB-0275,RG,05 28 30.75,-70 10 43.2,LMC516.14.58920,,15.482,17.064,582.28122662,9098.6203,0.03,0.3188,60.05,125.23,OSARG,1,0,Simbad,82.12682,-70.17770,,19.469,18.349,17.615,,0.082,0.096,0.105,0
4.034227,82.128125,-70.1786667,LMC,OGLE-LMC-HB-0275,RG,05 28 30.75,-70 10 43.2,LMC516.14.58920,,15.482,17.064,582.28122662,9098.6203,0.03,0.3188,60.05,125.23,OSARG,1,0,Simbad,82.13142,-70.17858,20.514,20.151,19.095,18.440,0.520,0.230,0.120,0.362,0
4.379573,82.128125,-70.1786667,LMC,OGLE-LMC-HB-0275,RG,05 28 30.75,-70 10 43.2,LMC516.14.58920,,15.482,17.064,582.28122662,9098.6203,0.03,0.3188,60.05,125.23,OSARG,1,0,Simbad,82.13133,-70.17812,19.005,19.070,18.889,18.992,0.129,0.081,0.106,0.159,10
0.227480,82.1984167,-69.56775,LMC,OGLE-LMC-HB-0276,MS,05 28 47.62,-69 34 03.9,LMC516.31.40170,,15.901,16.219,25.54606744,9016.8221,0.024,0.0958,26.93,23.2,,0,0,Simbad,82.19825,-69.56773,16.177,16.069,15.918,15.574,0.034,0.030,0.089,0.041,10
2.553831,82.1984167,-69.56775,LMC,OGLE-LMC-HB-0276,MS,05 28 47.62,-69 34 03.9,LMC516.31.40170,,15.901,16.219,25.54606744,9016.8221,0.024,0.0958,26.93,23.2,,0,0,Simbad,82.19970,-69.56830,,20.047,19.933,,,0.081,0.244,,0
3.372018,82.1984167,-69.56775,LMC,OGLE-LMC-HB-0276,MS,05 28 47.62,-69 34 03.9,LMC516.31.40170,,15.901,16.219,25.54606744,9016.8221,0.024,0.0958,26.93,23.2,,0,0,Simbad,82.19712,-69.56857,20.951,20.400,18.822,18.385,0.492,0.134,0.123,0.066,0
3.685072,82.1984167,-69.56775,LMC,OGLE-LMC-HB-0276,MS,05 28 47.62,-69 34 03.9,LMC516.31.40170,,15.901,16.219,25.54606744,9016.8221,0.024,0.0958,26.93,23.2,,0,0,Simbad,82.20126,-69.56750,,21.820,19.698,,,0.189,0.173,,0
3.723420,82.1984167,-69.56775,LMC,OGLE-LMC-HB-0276,MS,05 28 47.62,-69 34 03.9,LMC516.31.40170,,15.901,16.219,25.54606744,9016.8221,0.024,0.0958,26.93,23.2,,0,0,Simbad,82.19589,-69.56721,19.154,19.249,18.512,18.077,0.113,0.080,0.180,0.062,10
0.336061,82.2010417,-70.151,LMC,OGLE-LMC-HB-0277,RG,05 28 48.25,-70 09 03.6,LMC516.14.72045,,15.77,17.414,354.63468287,9154.7031,0.05,0.206,48.22,167.09,,1,0,Simbad,82.20090,-70.15108,,18.590,16.516,,,0.098,0.121,,0
3.300629,82.2010417,-70.151,LMC,OGLE-LMC-HB-0277,RG,05 28 48.25,-70 09 03.6,LMC516.14.72045,,15.77,17.414,354.63468287,9154.7031,0.05,0.206,48.22,167.09,,1,0,Simbad,82.20336,-70.15053,,21.749,20.849,19.943,,0.358,0.339,0.312,0
3.533772,82.2010417,-70.151,LMC,OGLE-LMC-HB-0277,RG,05 28 48.25,-70 09 03.6,LMC516.14.72045,,15.77,17.414,354.63468287,9154.7031,0.05,0.206,48.22,167.09,,1,0,Simbad,82.20187,-70.15006,20.231,19.601,18.811,17.804,0.167,0.095,0.164,0.076,10
4.629945,82.2010417,-70.151,LMC,OGLE-LMC-HB-0277,RG,05 28 48.25,-70 09 03.6,LMC516.14.72045,,15.77,17.414,354.63468287,9154.7031,0.05,0.206,48.22,167.09,,1,0,Simbad,82.19953,-70.15218,18.615,17.904,17.168,16.087,0.074,0.068,0.203,0.042,0
0.337373,82.202125,-69.3683333,LMC,OGLE-LMC-HB-0278,RG,05 28 48.51,-69 22 06.0,LMC516.31.75163,EROS2-star-lm002-0l-24086,15.701,17.239,356.63000902,9109.1861,0.066,0.3142,44.91,150.5,,1,0,Simbad,82.20210,-69.36824,19.475,18.248,16.901,15.366,0.135,0.040,0.054,0.042,10
4.504693,82.202125,-69.3683333,LMC,OGLE-LMC-HB-0278,RG,05 28 48.51,-69 22 06.0,LMC516.31.75163,EROS2-star-lm002-0l-24086,15.701,17.239,356.63000902,9109.1861,0.066,0.3142,44.91,150.5,,1,0,Simbad,82.20567,-69.36826,,21.387,20.495,19.735,,0.133,0.222,0.138,0
0.469878,82.2031667,-69.74775,LMC,OGLE-LMC-HB-0279,RG,05 28 48.76,-69 44 51.9,LMC516.23.86332,MACHO--77.7913.428,16.143,17.305,259.47139935,9139.3054,0.033,0.189,70.24,66.58,,1,0,Simbad,82.20332,-69.74763,18.682,17.815,16.970,15.576,0.066,0.080,0.037,0.065,10
3.849770,82.2031667,-69.74775,LMC,OGLE-LMC-HB-0279,RG,05 28 48.76,-69 44 51.9,LMC516.23.86332,MACHO--77.7913.428,16.143,17.305,259.47139935,9139.3054,0.033,0.189,70.24,66.58,,1,0,Simbad,82.20534,-69.74699,,20.401,20.247,19.783,,0.258,0.157,0.193,0
3.866064,82.2031667,-69.74775,LMC,OGLE-LMC-HB-0279,RG,05 28 48.76,-69 44 51.9,LMC516.23.86332,MACHO--77.7913.428,16.143,17.305,259.47139935,9139.3054,0.033,0.189,70.24,66.58,,1,0,Simbad,82.20586,-69.74828,21.942,17.353,19.596,,0.454,0.082,0.169,,0
4.991787,82.2031667,-69.74775,LMC,OGLE-LMC-HB-0279,RG,05 28 48.76,-69 44 51.9,LMC516.23.86332,MACHO--77.7913.428,16.143,17.305,259.47139935,9139.3054,0.033,0.189,70.24,66.58,,1,0,Simbad,82.20697,-69.74818,17.459,17.348,17.712,17.197,0.089,0.091,0.152,0.134,10
0.205018,82.20825,-70.2030833,LMC,OGLE-LMC-HB-0280,RG,05 28 49.98,-70 12 11.1,LMC516.14.58887,2MASS-J05284999-7012111,14.126,16.005,661.3133704,9398.4163,0.078,0.3266,49.2,9.21,OSARG,1,0,Simbad,82.20827,-70.20314,18.512,17.065,15.641,13.763,0.155,0.039,0.055,0.058,10
3.098206,82.20825,-70.2030833,LMC,OGLE-LMC-HB-0280,RG,05 28 49.98,-70 12 11.1,LMC516.14.58887,2MASS-J05284999-7012111,14.126,16.005,661.3133704,9398.4163,0.078,0.3266,49.2,9.21,OSARG,1,0,Simbad,82.20858,-70.20223,19.870,19.751,20.351,,0.105,0.107,0.389,,0
4.460789,82.20825,-70.2030833,LMC,OGLE-LMC-HB-0280,RG,05 28 49.98,-70 12 11.1,LMC516.14.58887,2MASS-J05284999-7012111,14.126,16.005,661.3133704,9398.4163,0.078,0.3266,49.2,9.21,OSARG,1,0,Simbad,82.21189,-70.20319,,20.180,19.564,19.243,,0.113,0.218,0.165,0
4.492586,82.20825,-70.2030833,LMC,OGLE-LMC-HB-0280,RG,05 28 49.98,-70 12 11.1,LMC516.14.58887,2MASS-J05284999-7012111,14.126,16.005,661.3133704,9398.4163,0.078,0.3266,49.2,9.21,OSARG,1,0,Simbad,82.20711,-70.20427,19.487,18.964,18.793,18.212,0.089,0.065,0.160,0.084,10
0.421697,82.3060833,-67.0024167,LMC,OGLE-LMC-HB-0281,MS,05 29 13.46,-67 00 08.7,LMC518.30.19680,OGLE-LMC-ECL-34014,15.482,15.551,158.02190541,9139.2363,0.203,0.209,89.74,76.39,ECL,0,1,Simbad,82.30611,-67.00230,14.672,15.303,15.527,15.461,0.021,0.030,0.023,0.023,10
2.769720,82.3060833,-67.0024167,LMC,OGLE-LMC-HB-0281,MS,05 29 13.46,-67 00 08.7,LMC518.30.19680,OGLE-LMC-ECL-34014,15.482,15.551,158.02190541,9139.2363,0.203,0.209,89.74,76.39,ECL,0,1,Simbad,82.30535,-67.00313,,21.316,21.571,,,0.137,0.150,,0
0.282100,82.3135417,-70.0969722,LMC,OGLE-LMC-HB-0282,RG,05 29 15.25,-70 05 49.1,LMC516.14.72201,,16.131,17.809,512.62586361,9461.6507,0.037,0.3991,59.35,140.79,,1,0,Simbad,82.31337,-70.09692,,18.840,17.334,15.707,,0.049,0.084,0.052,0
2.323272,82.3135417,-70.0969722,LMC,OGLE-LMC-HB-0282,RG,05 29 15.25,-70 05 49.1,LMC516.14.72201,,16.131,17.809,512.62586361,9461.6507,0.037,0.3991,59.35,140.79,,1,0,Simbad,82.31409,-70.09759,20.056,19.498,19.234,18.531,0.169,0.074,0.096,0.126,10
2.511706,82.3135417,-70.0969722,LMC,OGLE-LMC-HB-0282,RG,05 29 15.25,-70 05 49.1,LMC516.14.72201,,16.131,17.809,512.62586361,9461.6507,0.037,0.3991,59.35,140.79,,1,0,Simbad,82.31557,-70.09706,18.195,18.123,17.862,17.553,0.048,0.054,0.079,0.060,10
3.075213,82.3135417,-70.0969722,LMC,OGLE-LMC-HB-0282,RG,05 29 15.25,-70 05 49.1,LMC516.14.72201,,16.131,17.809,512.62586361,9461.6507,0.037,0.3991,59.35,140.79,,1,0,Simbad,82.31535,-70.09638,19.454,19.057,18.673,18.675,0.098,0.060,0.108,0.116,10
3.288147,82.3135417,-70.0969722,LMC,OGLE-LMC-HB-0282,RG,05 29 15.25,-70 05 49.1,LMC516.14.72201,,16.131,17.809,512.62586361,9461.6507,0.037,0.3991,59.35,140.79,,1,0,Simbad,82.31086,-70.09691,,20.488,20.166,,,0.200,0.209,,0
3.310895,82.3135417,-70.0969722,LMC,OGLE-LMC-HB-0282,RG,05 29 15.25,-70 05 49.1,LMC516.14.72201,,16.131,17.809,512.62586361,9461.6507,0.037,0.3991,59.35,140.79,,1,0,Simbad,82.31091,-70.09718,,21.409,20.984,20.277,,0.464,0.244,0.372,0
3.712921,82.3135417,-70.0969722,LMC,OGLE-LMC-HB-0282,RG,05 29 15.25,-70 05 49.1,LMC516.14.72201,,16.131,17.809,512.62586361,9461.6507,0.037,0.3991,59.35,140.79,,1,0,Simbad,82.31219,-70.09605,,20.719,20.333,,,0.202,0.155,,0
4.059868,82.3135417,-70.0969722,LMC,OGLE-LMC-HB-0282,RG,05 29 15.25,-70 05 49.1,LMC516.14.72201,,16.131,17.809,512.62586361,9461.6507,0.037,0.3991,59.35,140.79,,1,0,Simbad,82.31224,-70.09801,,19.519,18.934,19.284,,0.127,0.214,0.129,0
0.390093,82.3440417,-68.7391111,LMC,OGLE-LMC-HB-0283,MS,05 29 22.57,-68 44 20.8,LMC517.14.24538,,16.139,15.978,7.00983725,9000.3539,0.025,0.4986,16.63,77.56,,1,0,Simbad,82.34388,-68.73902,14.622,15.582,15.657,15.871,0.032,0.021,0.304,0.029,0
3.197915,82.3440417,-68.7391111,LMC,OGLE-LMC-HB-0283,MS,05 29 22.57,-68 44 20.8,LMC517.14.24538,,16.139,15.978,7.00983725,9000.3539,0.025,0.4986,16.63,77.56,,1,0,Simbad,82.34288,-68.73833,20.752,19.445,18.218,16.886,0.244,0.068,0.093,0.077,10
3.986937,82.3440417,-68.7391111,LMC,OGLE-LMC-HB-0283,MS,05 29 22.57,-68 44 20.8,LMC517.14.24538,,16.139,15.978,7.00983725,9000.3539,0.025,0.4986,16.63,77.56,,1,0,Simbad,82.34442,-68.74021,,22.150,21.397,,,0.225,0.207,,0
0.334413,82.3732083,-70.0108889,LMC,OGLE-LMC-HB-0284,RG,05 29 29.57,-70 00 39.2,LMC516.14.28571,,15.764,17.292,541.44168532,9212.6447,0.025,0.4058,65.31,94.67,,1,0,Simbad,82.37295,-70.01086,19.523,17.838,16.554,15.268,0.189,0.065,0.174,0.039,10
2.294931,82.3732083,-70.0108889,LMC,OGLE-LMC-HB-0284,RG,05 29 29.57,-70 00 39.2,LMC516.14.28571,,15.764,17.292,541.44168532,9212.6447,0.025,0.4058,65.31,94.67,,1,0,Simbad,82.37502,-70.01104,18.516,17.760,17.273,16.907,0.070,0.071,0.102,0.048,10
2.622059,82.3732083,-70.0108889,LMC,OGLE-LMC-HB-0284,RG,05 29 29.57,-70 00 39.2,LMC516.14.28571,,15.764,17.292,541.44168532,9212.6447,0.025,0.4058,65.31,94.67,,1,0,Simbad,82.37192,-70.01031,19.355,19.371,19.630,,0.190,0.124,0.454,,0
4.839493,82.3732083,-70.0108889,LMC,OGLE-LMC-HB-0284,RG,05 29 29.57,-70 00 39.2,LMC516.14.28571,,15.764,17.292,541.44168532,9212.6447,0.025,0.4058,65.31,94.67,,1,0,Simbad,82.37710,-70.01107,,19.695,19.669,18.933,,0.109,0.319,0.167,0
4.973133,82.3732083,-70.0108889,LMC,OGLE-LMC-HB-0284,RG,05 29 29.57,-70 00 39.2,LMC516.14.28571,,15.764,17.292,541.44168532,9212.6447,0.025,0.4058,65.31,94.67,,1,0,Simbad,82.37685,-70.01029,20.116,19.985,19.009,18.337,0.221,0.170,0.097,0.116,10
0.414140,82.3832917,-70.1856667,LMC,OGLE-LMC-HB-0285,RG,05 29 31.99,-70 11 08.4,LMC516.14.152,OGLE-LMC-ECL-17246,15.977,17.454,384.09878557,9122.6188,0.034,0.1712,89.95,121.58,ECL,1,1,Simbad,82.38297,-70.18563,,18.455,16.889,15.524,,0.064,0.064,0.046,0
1.462163,82.3832917,-70.1856667,LMC,OGLE-LMC-HB-0285,RG,05 29 31.99,-70 11 08.4,LMC516.14.152,OGLE-LMC-ECL-17246,15.977,17.454,384.09878557,9122.6188,0.034,0.1712,89.95,121.58,ECL,1,1,Simbad,82.38282,-70.18604,,20.324,19.514,,,0.093,0.168,,0
2.147815,82.3832917,-70.1856667,LMC,OGLE-LMC-HB-0285,RG,05 29 31.99,-70 11 08.4,LMC516.14.152,OGLE-LMC-ECL-17246,15.977,17.454,384.09878557,9122.6188,0.034,0.1712,89.95,121.58,ECL,1,1,Simbad,82.38468,-70.18530,19.528,19.077,18.277,17.667,0.147,0.095,0.096,0.087,10
3.292607,82.3832917,-70.1856667,LMC,OGLE-LMC-HB-0285,RG,05 29 31.99,-70 11 08.4,LMC516.14.152,OGLE-LMC-ECL-17246,15.977,17.454,384.09878557,9122.6188,0.034,0.1712,89.95,121.58,ECL,1,1,Simbad,82.38060,-70.18573,19.127,18.886,18.143,17.978,0.121,0.102,0.070,0.067,10
3.358281,82.3832917,-70.1856667,LMC,OGLE-LMC-HB-0285,RG,05 29 31.99,-70 11 08.4,LMC516.14.152,OGLE-LMC-ECL-17246,15.977,17.454,384.09878557,9122.6188,0.034,0.1712,89.95,121.58,ECL,1,1,Simbad,82.38211,-70.18651,,19.783,19.291,19.348,,0.075,0.101,0.127,0
4.472412,82.3832917,-70.1856667,LMC,OGLE-LMC-HB-0285,RG,05 29 31.99,-70 11 08.4,LMC516.14.152,OGLE-LMC-ECL-17246,15.977,17.454,384.09878557,9122.6188,0.034,0.1712,89.95,121.58,ECL,1,1,Simbad,82.38524,-70.18672,20.164,19.670,18.638,17.868,0.224,0.128,0.112,0.104,10
0.392415,82.4174167,-66.7460556,LMC,OGLE-LMC-HB-0286,MS,05 29 40.18,-66 44 45.8,LMC519.05.4553,OGLE-LMC-ECL-34130,17.411,17.277,3.48348792,9002.2137,0.065,0.5095,29.06,63.47,ECL,0,1,Simbad,82.41748,-66.74595,16.525,17.219,17.335,17.846,0.044,0.104,0.028,0.330,0
3.372798,82.4174167,-66.7460556,LMC,OGLE-LMC-HB-0286,MS,05 29 40.18,-66 44 45.8,LMC519.05.4553,OGLE-LMC-ECL-34130,17.411,17.277,3.48348792,9002.2137,0.065,0.5095,29.06,63.47,ECL,0,1,Simbad,82.41729,-66.74512,,22.066,21.728,21.144,,0.209,0.173,0.290,0
4.272284,82.4174167,-66.7460556,LMC,OGLE-LMC-HB-0286,MS,05 29 40.18,-66 44 45.8,LMC519.05.4553,OGLE-LMC-ECL-34130,17.411,17.277,3.48348792,9002.2137,0.065,0.5095,29.06,63.47,ECL,0,1,Simbad,82.41484,-66.74667,,22.425,22.198,,,0.300,0.292,,0
4.840116,82.4174167,-66.7460556,LMC,OGLE-LMC-HB-0286,MS,05 29 40.18,-66 44 45.8,LMC519.05.4553,OGLE-LMC-ECL-34130,17.411,17.277,3.48348792,9002.2137,0.065,0.5095,29.06,63.47,ECL,0,1,Simbad,82.41744,-66.74740,,21.694,20.878,19.983,,0.155,0.079,0.126,0
0.116702,82.4484583,-71.1865556,LMC,OGLE-LMC-HB-0287,RG,05 29 47.63,-71 11 11.6,LMC515.14.37635,EROS2-star-lm058-5k-5506,16.129,17.477,274.98105625,9047.192,0.079,0.3707,89.49,154.55,TEO/ECL,0,0,Simbad,82.44852,-71.18653,19.472,18.538,17.221,15.938,0.117,0.033,0.028,0.029,10
3.588658,82.4484583,-71.1865556,LMC,OGLE-LMC-HB-0287,RG,05 29 47.63,-71 11 11.6,LMC515.14.37635,EROS2-star-lm058-5k-5506,16.129,17.477,274.98105625,9047.192,0.079,0.3707,89.49,154.55,TEO/ECL,0,0,Simbad,82.44560,-71.18618,,21.571,20.702,20.302,,0.148,0.105,0.163,0
3.977003,82.4484583,-71.1865556,LMC,OGLE-LMC-HB-0287,RG,05 29 47.63,-71 11 11.6,LMC515.14.37635,EROS2-star-lm058-5k-5506,16.129,17.477,274.98105625,9047.192,0.079,0.3707,89.49,154.55,TEO/ECL,0,0,Simbad,82.44599,-71.18732,20.562,21.273,20.119,19.297,0.293,0.127,0.073,0.069,0
0.039879,82.4529583,-69.3885,LMC,OGLE-LMC-HB-0288,RG,05 29 48.71,-69 23 18.6,LMC516.31.21042,,15.346,17.136,422.36144998,9315.3875,0.045,0.0996,45.85,57.5,OSARG,1,0,Simbad,82.45294,-69.38849,,18.255,16.686,14.906,,0.058,0.087,0.050,0
2.250011,82.4529583,-69.3885,LMC,OGLE-LMC-HB-0288,RG,05 29 48.71,-69 23 18.6,LMC516.31.21042,,15.346,17.136,422.36144998,9315.3875,0.045,0.0996,45.85,57.5,OSARG,1,0,Simbad,82.45362,-69.38792,,20.494,19.939,20.715,,0.123,0.164,0.450,0
3.192320,82.4529583,-69.3885,LMC,OGLE-LMC-HB-0288,RG,05 29 48.71,-69 23 18.6,LMC516.31.21042,,15.346,17.136,422.36144998,9315.3875,0.045,0.0996,45.85,57.5,OSARG,1,0,Simbad,82.45545,-69.38863,20.486,20.314,19.261,18.423,0.328,0.079,0.167,0.085,10
3.636602,82.4529583,-69.3885,LMC,OGLE-LMC-HB-0288,RG,05 29 48.71,-69 23 18.6,LMC516.31.21042,,15.346,17.136,422.36144998,9315.3875,0.045,0.0996,45.85,57.5,OSARG,1,0,Simbad,82.45014,-69.38831,,22.358,20.943,20.333,,0.275,0.166,0.125,0
3.816002,82.4529583,-69.3885,LMC,OGLE-LMC-HB-0288,RG,05 29 48.71,-69 23 18.6,LMC516.31.21042,,15.346,17.136,422.36144998,9315.3875,0.045,0.0996,45.85,57.5,OSARG,1,0,Simbad,82.45298,-69.38956,20.952,20.806,20.405,20.520,0.472,0.147,0.186,0.260,0
0.273365,82.463625,-71.9528056,LMC,OGLE-LMC-HB-0289,MS,05 29 51.27,-71 57 10.1,LMC514.31.179,,16.346,16.544,2555.4872695,10621.921,0.182,0.4564,50.77,38.38,OSARG,0,0,Simbad,82.46339,-71.95279,15.806,16.545,16.545,16.394,0.037,0.063,0.126,0.056,10
2.896656,82.463625,-71.9528056,LMC,OGLE-LMC-HB-0289,MS,05 29 51.27,-71 57 10.1,LMC514.31.179,,16.346,16.544,2555.4872695,10621.921,0.182,0.4564,50.77,38.38,OSARG,0,0,Simbad,82.46433,-71.95358,20.150,20.815,20.044,19.237,0.344,0.147,0.131,0.096,20
3.826139,82.463625,-71.9528056,LMC,OGLE-LMC-HB-0289,MS,05 29 51.27,-71 57 10.1,LMC514.31.179,,16.346,16.544,2555.4872695,10621.921,0.182,0.4564,50.77,38.38,OSARG,0,0,Simbad,82.46662,-71.95229,20.389,20.109,19.139,18.235,0.310,0.057,0.045,0.038,10
0.546073,82.5099167,-71.85025,LMC,OGLE-LMC-HB-0290,MS,05 30 02.38,-71 51 00.9,LMC514.31.21755,OGLE-LMC-ECL-17503,18.118,19.009,28.93292153,9004.1515,0.144,0.2015,56.09,26.47,,1,1,Simbad,82.50999,-71.85010,,19.660,18.823,17.981,,0.056,0.044,0.043,0
2.669423,82.5099167,-71.85025,LMC,OGLE-LMC-HB-0290,MS,05 30 02.38,-71 51 00.9,LMC514.31.21755,OGLE-LMC-ECL-17503,18.118,19.009,28.93292153,9004.1515,0.144,0.2015,56.09,26.47,,1,1,Simbad,82.51140,-71.85083,,21.855,21.220,20.622,,0.182,0.136,0.155,0
2.976397,82.5099167,-71.85025,LMC,OGLE-LMC-HB-0290,MS,05 30 02.38,-71 51 00.9,LMC514.31.21755,OGLE-LMC-ECL-17503,18.118,19.009,28.93292153,9004.1515,0.144,0.2015,56.09,26.47,,1,1,Simbad,82.51239,-71.84995,19.047,19.257,19.177,19.383,0.100,0.055,0.053,0.131,10
3.707539,82.5099167,-71.85025,LMC,OGLE-LMC-HB-0290,MS,05 30 02.38,-71 51 00.9,LMC514.31.21755,OGLE-LMC-ECL-17503,18.118,19.009,28.93292153,9004.1515,0.144,0.2015,56.09,26.47,,1,1,Simbad,82.50787,-71.85106,,21.423,21.245,,,0.146,0.107,,0
4.099083,82.5099167,-71.85025,LMC,OGLE-LMC-HB-0290,MS,05 30 02.38,-71 51 00.9,LMC514.31.21755,OGLE-LMC-ECL-17503,18.118,19.009,28.93292153,9004.1515,0.144,0.2015,56.09,26.47,,1,1,Simbad,82.51148,-71.84922,,21.415,21.221,21.390,,0.108,0.128,0.314,0
4.360864,82.5099167,-71.85025,LMC,OGLE-LMC-HB-0290,MS,05 30 02.38,-71 51 00.9,LMC514.31.21755,OGLE-LMC-ECL-17503,18.118,19.009,28.93292153,9004.1515,0.144,0.2015,56.09,26.47,,1,1,Simbad,82.50603,-71.85021,,21.488,21.232,,,0.315,0.142,,0
0.284480,82.5731667,-71.7431389,LMC,OGLE-LMC-HB-0291,RG,05 30 17.56,-71 44 35.3,LMC515.06.21,,15.43,17.105,767.18833384,9300.1694,0.027,0.4314,52.51,50.4,,1,0,Simbad,82.57333,-71.74308,20.049,18.400,16.822,15.220,0.154,0.033,0.027,0.031,10
2.635944,82.5731667,-71.7431389,LMC,OGLE-LMC-HB-0291,RG,05 30 17.56,-71 44 35.3,LMC515.06.21,,15.43,17.105,767.18833384,9300.1694,0.027,0.4314,52.51,50.4,,1,0,Simbad,82.57174,-71.74372,,20.961,20.678,,,0.080,0.080,,0
2.972121,82.5731667,-71.7431389,LMC,OGLE-LMC-HB-0291,RG,05 30 17.56,-71 44 35.3,LMC515.06.21,,15.43,17.105,767.18833384,9300.1694,0.027,0.4314,52.51,50.4,,1,0,Simbad,82.57556,-71.74279,20.456,19.983,19.211,18.109,0.199,0.056,0.151,0.062,10
3.479385,82.5731667,-71.7431389,LMC,OGLE-LMC-HB-0291,RG,05 30 17.56,-71 44 35.3,LMC515.06.21,,15.43,17.105,767.18833384,9300.1694,0.027,0.4314,52.51,50.4,,1,0,Simbad,82.57221,-71.74222,,21.126,20.492,,,0.103,0.151,,0
0.259397,82.5787083,-70.4401389,LMC,OGLE-LMC-HB-0292,MS,05 30 18.89,-70 26 24.5,LMC516.05.53665,,15.908,15.948,3.18585592,9001.651,0.147,0.292,89.54,147.44,ECL,0,0,Simbad,82.57864,-70.44007,14.509,15.528,15.704,15.743,0.040,0.047,0.037,0.047,10
3.707347,82.5787083,-70.4401389,LMC,OGLE-LMC-HB-0292,MS,05 30 18.89,-70 26 24.5,LMC516.05.53665,,15.908,15.948,3.18585592,9001.651,0.147,0.292,89.54,147.44,ECL,0,0,Simbad,82.57785,-70.43915,20.709,18.281,16.739,14.938,0.234,0.074,0.045,0.057,10
4.521627,82.5787083,-70.4401389,LMC,OGLE-LMC-HB-0292,MS,05 30 18.89,-70 26 24.5,LMC516.05.53665,,15.908,15.948,3.18585592,9001.651,0.147,0.292,89.54,147.44,ECL,0,0,Simbad,82.57505,-70.44041,20.889,20.926,20.724,,0.302,0.215,0.259,,0
0.536066,82.5809167,-69.1231389,LMC,OGLE-LMC-HB-0293,RG,05 30 19.42,-69 07 23.3,LMC517.05.53123,,15.836,17.327,259.12466269,9244.0672,0.044,0.2875,53.91,134.61,,1,0,Simbad,82.58091,-69.12299,20.100,18.356,16.970,15.529,0.273,0.050,0.029,0.186,10
2.586735,82.5809167,-69.1231389,LMC,OGLE-LMC-HB-0293,RG,05 30 19.42,-69 07 23.3,LMC517.05.53123,,15.836,17.327,259.12466269,9244.0672,0.044,0.2875,53.91,134.61,,1,0,Simbad,82.57917,-69.12278,,20.449,19.157,,,0.184,0.137,,0
2.818723,82.5809167,-69.1231389,LMC,OGLE-LMC-HB-0293,RG,05 30 19.42,-69 07 23.3,LMC517.05.53123,,15.836,17.327,259.12466269,9244.0672,0.044,0.2875,53.91,134.61,,1,0,Simbad,82.57979,-69.12381,,20.016,18.777,17.446,,0.064,0.054,0.035,0
3.452730,82.5809167,-69.1231389,LMC,OGLE-LMC-HB-0293,RG,05 30 19.42,-69 07 23.3,LMC517.05.53123,,15.836,17.327,259.12466269,9244.0672,0.044,0.2875,53.91,134.61,,1,0,Simbad,82.57875,-69.12257,18.853,18.641,18.143,17.075,0.075,0.122,0.310,0.046,0
3.963170,82.5809167,-69.1231389,LMC,OGLE-LMC-HB-0293,RG,05 30 19.42,-69 07 23.3,LMC517.05.53123,,15.836,17.327,259.12466269,9244.0672,0.044,0.2875,53.91,134.61,,1,0,Simbad,82.58396,-69.12294,20.123,19.811,18.938,17.970,0.187,0.050,0.044,0.282,0
0.104385,82.6132083,-71.0489444,LMC,OGLE-LMC-HB-0294,MS,05 30 27.17,-71 02 56.2,LMC515.23.5033,[RHH2018]-113,15.974,16.14,63.43962323,9009.6158,0.093,0.477,20.19,74.4,,1,0,Simbad,82.61316,-71.04892,15.136,15.803,15.820,15.725,0.031,0.028,0.206,0.029,0
3.336174,82.6132083,-71.0489444,LMC,OGLE-LMC-HB-0294,MS,05 30 27.17,-71 02 56.2,LMC515.23.5033,[RHH2018]-113,15.974,16.14,63.43962323,9009.6158,0.093,0.477,20.19,74.4,,1,0,Simbad,82.61038,-71.04881,20.079,20.368,20.191,19.622,0.185,0.139,0.126,0.100,10
4.005050,82.6132083,-71.0489444,LMC,OGLE-LMC-HB-0294,MS,05 30 27.17,-71 02 56.2,LMC515.23.5033,[RHH2018]-113,15.974,16.14,63.43962323,9009.6158,0.093,0.477,20.19,74.4,,1,0,Simbad,82.61653,-71.04921,20.048,20.167,20.097,20.505,0.176,0.063,0.069,0.192,10
0.269816,82.6385833,-70.0768333,LMC,OGLE-LMC-HB-0295,RG,05 30 33.26,-70 04 36.6,LMC516.13.72606,,16.217,17.349,189.47428504,9065.9712,0.019,0.1508,68.21,134.67,,1,0,Simbad,82.63863,-70.07676,18.283,17.491,16.779,15.752,0.079,0.047,0.052,0.060,10
2.119939,82.6385833,-70.0768333,LMC,OGLE-LMC-HB-0295,RG,05 30 33.26,-70 04 36.6,LMC516.13.72606,,16.217,17.349,189.47428504,9065.9712,0.019,0.1508,68.21,134.67,,1,0,Simbad,82.63843,-70.07742,,20.053,19.723,,,0.117,0.120,,0
2.439603,82.6385833,-70.0768333,LMC,OGLE-LMC-HB-0295,RG,05 30 33.26,-70 04 36.6,LMC516.13.72606,,16.217,17.349,189.47428504,9065.9712,0.019,0.1508,68.21,134.67,,1,0,Simbad,82.63722,-70.07634,19.605,19.175,18.506,17.731,0.172,0.096,0.091,0.063,10
2.621465,82.6385833,-70.0768333,LMC,OGLE-LMC-HB-0295,RG,05 30 33.26,-70 04 36.6,LMC516.13.72606,,16.217,17.349,189.47428504,9065.9712,0.019,0.1508,68.21,134.67,,1,0,Simbad,82.64000,-70.07738,20.602,19.924,19.707,19.539,0.281,0.102,0.102,0.214,0
4.019991,82.6385833,-70.0768333,LMC,OGLE-LMC-HB-0295,RG,05 30 33.26,-70 04 36.6,LMC516.13.72606,,16.217,17.349,189.47428504,9065.9712,0.019,0.1508,68.21,134.67,,1,0,Simbad,82.64186,-70.07677,20.155,19.106,18.994,,0.160,0.073,0.176,,0
4.751731,82.6385833,-70.0768333,LMC,OGLE-LMC-HB-0295,RG,05 30 33.26,-70 04 36.6,LMC516.13.72606,,16.217,17.349,189.47428504,9065.9712,0.019,0.1508,68.21,134.67,,1,0,Simbad,82.63570,-70.07595,,19.915,19.517,,,0.134,0.160,,0
4.916937,82.6385833,-70.0768333,LMC,OGLE-LMC-HB-0295,RG,05 30 33.26,-70 04 36.6,LMC516.13.72606,,16.217,17.349,189.47428504,9065.9712,0.019,0.1508,68.21,134.67,,1,0,Simbad,82.64113,-70.07578,20.136,20.045,19.733,19.938,0.217,0.152,0.150,0.204,0
4.925379,82.6385833,-70.0768333,LMC,OGLE-LMC-HB-0295,RG,05 30 33.26,-70 04 36.6,LMC516.13.72606,,16.217,17.349,189.47428504,9065.9712,0.019,0.1508,68.21,134.67,,1,0,Simbad,82.63461,-70.07703,,19.898,19.043,18.226,,0.113,0.116,0.057,0
0.190871,82.6393333,-70.295,LMC,OGLE-LMC-HB-0296,RG,05 30 33.44,-70 17 42.0,LMC516.05.79007,2MASS-J05303343-7017419,14.204,15.658,389.74560356,9198.6026,0.043,0.1809,62.9,103.3,,1,0,Simbad,82.63923,-70.29496,17.438,16.494,15.210,13.832,0.055,0.038,0.100,0.075,10
3.671233,82.6393333,-70.295,LMC,OGLE-LMC-HB-0296,RG,05 30 33.44,-70 17 42.0,LMC516.05.79007,2MASS-J05303343-7017419,14.204,15.658,389.74560356,9198.6026,0.043,0.1809,62.9,103.3,,1,0,Simbad,82.63643,-70.29528,,19.827,18.853,18.541,,0.088,0.101,0.157,0
3.809271,82.6393333,-70.295,LMC,OGLE-LMC-HB-0296,RG,05 30 33.44,-70 17 42.0,LMC516.05.79007,2MASS-J05303343-7017419,14.204,15.658,389.74560356,9198.6026,0.043,0.1809,62.9,103.3,,1,0,Simbad,82.64166,-70.29429,20.130,20.195,20.353,,0.195,0.109,0.465,,0
3.914892,82.6393333,-70.295,LMC,OGLE-LMC-HB-0296,RG,05 30 33.44,-70 17 42.0,LMC516.05.79007,2MASS-J05303343-7017419,14.204,15.658,389.74560356,9198.6026,0.043,0.1809,62.9,103.3,,1,0,Simbad,82.63677,-70.29434,19.957,19.750,18.834,18.118,0.167,0.100,0.139,0.126,10
4.649254,82.6393333,-70.295,LMC,OGLE-LMC-HB-0296,RG,05 30 33.44,-70 17 42.0,LMC516.05.79007,2MASS-J05303343-7017419,14.204,15.658,389.74560356,9198.6026,0.043,0.1809,62.9,103.3,,1,0,Simbad,82.63951,-70.29371,20.202,20.012,19.194,18.791,0.247,0.128,0.174,0.161,10
4.881991,82.6393333,-70.295,LMC,OGLE-LMC-HB-0296,RG,05 30 33.44,-70 17 42.0,LMC516.05.79007,2MASS-J05303343-7017419,14.204,15.658,389.74560356,9198.6026,0.043,0.1809,62.9,103.3,,1,0,Simbad,82.63746,-70.29620,16.832,17.156,16.911,17.314,0.051,0.054,0.072,0.064,10
0.061632,82.6437917,-70.9622778,LMC,OGLE-LMC-HB-0297,RG,05 30 34.51,-70 57 44.2,LMC515.23.11798,OGLE-LMC-ECL-17768,16.223,17.444,169.83237138,9022.4808,0.091,0.2976,71.63,33.74,,1,1,Simbad,82.64374,-70.96227,19.074,18.259,17.160,15.962,0.067,0.036,0.028,0.038,10
2.740955,82.6437917,-70.9622778,LMC,OGLE-LMC-HB-0297,RG,05 30 34.51,-70 57 44.2,LMC515.23.11798,OGLE-LMC-ECL-17768,16.223,17.444,169.83237138,9022.4808,0.091,0.2976,71.63,33.74,,1,1,Simbad,82.64457,-70.96156,20.592,19.889,19.641,19.450,0.179,0.050,0.057,0.116,10
3.859188,82.6437917,-70.9622778,LMC,OGLE-LMC-HB-0297,RG,05 30 34.51,-70 57 44.2,LMC515.23.11798,OGLE-LMC-ECL-17768,16.223,17.444,169.83237138,9022.4808,0.091,0.2976,71.63,33.74,,1,1,Simbad,82.64442,-70.96333,,21.586,21.150,20.663,,0.140,0.185,0.270,0
4.942383,82.6437917,-70.9622778,LMC,OGLE-LMC-HB-0297,RG,05 30 34.51,-70 57 44.2,LMC515.23.11798,OGLE-LMC-ECL-17768,16.223,17.444,169.83237138,9022.4808,0.091,0.2976,71.63,33.74,,1,1,Simbad,82.64623,-70.96116,,21.861,21.591,,,0.158,0.175,,0
0.112690,82.655125,-70.7226111,LMC,OGLE-LMC-HB-0298,RG,05 30 37.23,-70 43 21.4,LMC515.31.7597,,15.834,17.178,501.26117781,9402.7263,0.034,0.6349,62.06,146.39,,1,0,Simbad,82.65506,-70.72259,19.879,18.184,16.790,15.494,0.084,0.035,0.028,0.034,10
1.672310,82.655125,-70.7226111,LMC,OGLE-LMC-HB-0298,RG,05 30 37.23,-70 43 21.4,LMC515.31.7597,,15.834,17.178,501.26117781,9402.7263,0.034,0.6349,62.06,146.39,,1,0,Simbad,82.65529,-70.72215,21.294,19.634,18.546,17.445,0.256,0.082,0.100,0.114,10
3.602967,82.655125,-70.7226111,LMC,OGLE-LMC-HB-0298,RG,05 30 37.23,-70 43 21.4,LMC515.31.7597,,15.834,17.178,501.26117781,9402.7263,0.034,0.6349,62.06,146.39,,1,0,Simbad,82.65296,-70.72331,,21.982,21.533,20.790,,0.251,0.217,0.369,0
3.636533,82.655125,-70.7226111,LMC,OGLE-LMC-HB-0298,RG,05 30 37.23,-70 43 21.4,LMC515.31.7597,,15.834,17.178,501.26117781,9402.7263,0.034,0.6349,62.06,146.39,,1,0,Simbad,82.65588,-70.72359,20.694,20.121,19.153,18.172,0.192,0.066,0.060,0.057,10
3.742898,82.655125,-70.7226111,LMC,OGLE-LMC-HB-0298,RG,05 30 37.23,-70 43 21.4,LMC515.31.7597,,15.834,17.178,501.26117781,9402.7263,0.034,0.6349,62.06,146.39,,1,0,Simbad,82.65819,-70.72285,20.214,19.683,19.590,19.400,0.118,0.055,0.079,0.088,10
0.729752,82.7464583,-69.1147222,LMC,OGLE-LMC-HB-0299,MS,05 30 59.15,-69 06 53.0,LMC517.05.18823,,14.958,14.937,14.047368,9006.3711,0.017,0.5074,24.38,39.31,,1,0,Simbad,82.74642,-69.11452,13.944,14.652,14.594,14.724,0.022,0.021,0.192,0.036,10
4.319000,82.7464583,-69.1147222,LMC,OGLE-LMC-HB-0299,MS,05 30 59.15,-69 06 53.0,LMC517.05.18823,,14.958,14.937,14.047368,9006.3711,0.017,0.5074,24.38,39.31,,1,0,Simbad,82.74827,-69.11371,,20.769,20.435,19.613,,0.091,0.170,0.138,0
4.432329,82.7464583,-69.1147222,LMC,OGLE-LMC-HB-0299,MS,05 30 59.15,-69 06 53.0,LMC517.05.18823,,14.958,14.937,14.047368,9006.3711,0.017,0.5074,24.38,39.31,,1,0,Simbad,82.74555,-69.11591,,21.827,21.294,19.532,,0.209,0.338,0.103,0
0.219289,82.7685,-70.3675556,LMC,OGLE-LMC-HB-0300,RG,05 31 04.44,-70 22 03.2,LMC516.05.65568,,16.379,17.853,339.78543692,9116.3475,0.046,0.4751,65.78,33.5,,1,0,Simbad,82.76838,-70.36751,20.296,18.718,17.393,16.022,0.188,0.064,0.089,0.186,10
1.731957,82.7685,-70.3675556,LMC,OGLE-LMC-HB-0300,RG,05 31 04.44,-70 22 03.2,LMC516.05.65568,,16.379,17.853,339.78543692,9116.3475,0.046,0.4751,65.78,33.5,,1,0,Simbad,82.76796,-70.36711,20.516,20.642,20.688,,0.389,0.190,0.536,,0
2.670653,82.7685,-70.3675556,LMC,OGLE-LMC-HB-0300,RG,05 31 04.44,-70 22 03.2,LMC516.05.65568,,16.379,17.853,339.78543692,9116.3475,0.046,0.4751,65.78,33.5,,1,0,Simbad,82.76631,-70.36765,19.389,19.441,19.245,19.206,0.118,0.074,0.146,0.108,10
4.343348,82.7685,-70.3675556,LMC,OGLE-LMC-HB-0300,RG,05 31 04.44,-70 22 03.2,LMC516.05.65568,,16.379,17.853,339.78543692,9116.3475,0.046,0.4751,65.78,33.5,,1,0,Simbad,82.77180,-70.36708,19.650,18.291,17.221,15.927,0.122,0.059,0.089,0.044,10
4.798620,82.7685,-70.3675556,LMC,OGLE-LMC-HB-0300,RG,05 31 04.44,-70 22 03.2,LMC516.05.65568,,16.379,17.853,339.78543692,9116.3475,0.046,0.4751,65.78,33.5,,1,0,Simbad,82.77077,-70.36865,20.342,20.320,18.934,18.534,0.192,0.182,0.136,0.191,20
0.352611,82.7773333,-69.9240556,LMC,OGLE-LMC-HB-0301,RG,05 31 06.56,-69 55 26.6,,,14.242,15.638,444.67624788,9231.3695,0.028,0.3106,51.9,2.91,,1,0,Simbad,82.77740,-69.92396,18.031,16.773,15.627,14.356,0.059,0.043,0.046,0.069,10
1.732833,82.7773333,-69.9240556,LMC,OGLE-LMC-HB-0301,RG,05 31 06.56,-69 55 26.6,,,14.242,15.638,444.67624788,9231.3695,0.028,0.3106,51.9,2.91,,1,0,Simbad,82.77800,-69.92448,20.231,18.688,17.640,16.341,0.232,0.089,0.093,0.153,10
3.501897,82.7773333,-69.9240556,LMC,OGLE-LMC-HB-0301,RG,05 31 06.56,-69 55 26.6,,,14.242,15.638,444.67624788,9231.3695,0.028,0.3106,51.9,2.91,,1,0,Simbad,82.78014,-69.92419,20.350,19.039,18.395,17.160,0.211,0.115,0.055,0.156,10
4.329697,82.7773333,-69.9240556,LMC,OGLE-LMC-HB-0301,RG,05 31 06.56,-69 55 26.6,,,14.242,15.638,444.67624788,9231.3695,0.028,0.3106,51.9,2.91,,1,0,Simbad,82.77400,-69.92368,,21.219,21.026,19.408,,0.214,0.247,0.320,0
4.481526,82.7773333,-69.9240556,LMC,OGLE-LMC-HB-0301,RG,05 31 06.56,-69 55 26.6,,,14.242,15.638,444.67624788,9231.3695,0.028,0.3106,51.9,2.91,,1,0,Simbad,82.77812,-69.92284,,20.487,20.203,19.394,,0.204,0.229,0.237,0
4.801646,82.7773333,-69.9240556,LMC,OGLE-LMC-HB-0301,RG,05 31 06.56,-69 55 26.6,,,14.242,15.638,444.67624788,9231.3695,0.028,0.3106,51.9,2.91,,1,0,Simbad,82.77468,-69.92503,19.180,18.530,18.728,18.115,0.081,0.074,0.085,0.100,10
4.993579,82.7773333,-69.9240556,LMC,OGLE-LMC-HB-0301,RG,05 31 06.56,-69 55 26.6,,,14.242,15.638,444.67624788,9231.3695,0.028,0.3106,51.9,2.91,,1,0,Simbad,82.78133,-69.92384,,19.891,19.902,,,0.134,0.157,,0
0.134418,82.78775,-69.4084167,LMC,OGLE-LMC-HB-0302,MS,05 31 09.06,-69 24 30.3,LMC516.30.19742,OGLE-LMC-ECL-18047,15.002,14.849,4.584898,9002.0438,0.015,0.1499,33.25,101.08,ECL,0,1,Simbad,82.78773,-69.40838,13.974,14.750,14.811,15.132,0.031,0.033,0.035,0.041,10
3.776477,82.78775,-69.4084167,LMC,OGLE-LMC-HB-0302,MS,05 31 09.06,-69 24 30.3,LMC516.30.19742,OGLE-LMC-ECL-18047,15.002,14.849,4.584898,9002.0438,0.015,0.1499,33.25,101.08,ECL,0,1,Simbad,82.78533,-69.40903,,20.283,19.079,18.081,,0.405,0.223,0.116,0
3.915977,82.78775,-69.4084167,LMC,OGLE-LMC-HB-0302,MS,05 31 09.06,-69 24 30.3,LMC516.30.19742,OGLE-LMC-ECL-18047,15.002,14.849,4.584898,9002.0438,0.015,0.1499,33.25,101.08,ECL,0,1,Simbad,82.78506,-69.40788,19.007,19.327,18.774,18.983,0.138,0.127,0.111,0.140,10
4.598213,82.78775,-69.4084167,LMC,OGLE-LMC-HB-0302,MS,05 31 09.06,-69 24 30.3,LMC516.30.19742,OGLE-LMC-ECL-18047,15.002,14.849,4.584898,9002.0438,0.015,0.1499,33.25,101.08,ECL,0,1,Simbad,82.78458,-69.40904,20.239,19.028,17.954,16.825,0.255,0.062,0.282,0.059,0
4.633813,82.78775,-69.4084167,LMC,OGLE-LMC-HB-0302,MS,05 31 09.06,-69 24 30.3,LMC516.30.19742,OGLE-LMC-ECL-18047,15.002,14.849,4.584898,9002.0438,0.015,0.1499,33.25,101.08,ECL,0,1,Simbad,82.78963,-69.40952,,20.303,19.271,18.556,,0.078,0.123,0.064,0
0.645040,82.7884167,-69.4636389,LMC,OGLE-LMC-HB-0303,RG,05 31 09.22,-69 27 49.1,LMC516.30.9061,,15.441,17.081,456.37813636,9216.7204,0.028,0.1442,56.15,171.08,OSARG,1,0,Simbad,82.78839,-69.46346,,17.991,15.764,14.797,,0.074,0.121,0.072,0
2.195120,82.7884167,-69.4636389,LMC,OGLE-LMC-HB-0303,RG,05 31 09.22,-69 27 49.1,LMC516.30.9061,,15.441,17.081,456.37813636,9216.7204,0.028,0.1442,56.15,171.08,OSARG,1,0,Simbad,82.79009,-69.46381,,19.947,19.378,,,0.135,0.207,,0
2.998927,82.7884167,-69.4636389,LMC,OGLE-LMC-HB-0303,RG,05 31 09.22,-69 27 49.1,LMC516.30.9061,,15.441,17.081,456.37813636,9216.7204,0.028,0.1442,56.15,171.08,OSARG,1,0,Simbad,82.79070,-69.46341,19.140,19.092,18.035,16.990,0.120,0.063,0.085,0.086,10
4.247646,82.7884167,-69.4636389,LMC,OGLE-LMC-HB-0303,RG,05 31 09.22,-69 27 49.1,LMC516.30.9061,,15.441,17.081,456.37813636,9216.7204,0.028,0.1442,56.15,171.08,OSARG,1,0,Simbad,82.79178,-69.46365,,20.011,19.333,,,0.112,0.139,,0
4.383799,82.7884167,-69.4636389,LMC,OGLE-LMC-HB-0303,RG,05 31 09.22,-69 27 49.1,LMC516.30.9061,,15.441,17.081,456.37813636,9216.7204,0.028,0.1442,56.15,171.08,OSARG,1,0,Simbad,82.79125,-69.46434,,20.207,19.060,18.019,,0.083,0.087,0.091,0
4.736927,82.7884167,-69.4636389,LMC,OGLE-LMC-HB-0303,RG,05 31 09.22,-69 27 49.1,LMC516.30.9061,,15.441,17.081,456.37813636,9216.7204,0.028,0.1442,56.15,171.08,OSARG,1,0,Simbad,82.79099,-69.46268,19.783,19.699,19.442,19.114,0.148,0.071,0.108,0.131,10
0.109422,82.8515833,-70.32425,LMC,OGLE-LMC-HB-0304,RG,05 31 24.38,-70 19 27.3,LMC516.05.19507,,15.254,16.971,538.10897938,9173.8074,0.049,0.3576,55.05,172.46,OSARG,1,0,Simbad,82.85157,-70.32422,20.131,18.158,16.586,14.898,0.123,0.052,0.086,0.043,10
3.601885,82.8515833,-70.32425,LMC,OGLE-LMC-HB-0304,RG,05 31 24.38,-70 19 27.3,LMC516.05.19507,,15.254,16.971,538.10897938,9173.8074,0.049,0.3576,55.05,172.46,OSARG,1,0,Simbad,82.85099,-70.32327,20.408,20.048,18.941,18.208,0.221,0.092,0.163,0.110,10
3.780116,82.8515833,-70.32425,LMC,OGLE-LMC-HB-0304,RG,05 31 24.38,-70 19 27.3,LMC516.05.19507,,15.254,16.971,538.10897938,9173.8074,0.049,0.3576,55.05,172.46,OSARG,1,0,Simbad,82.85161,-70.32530,18.568,18.657,18.449,18.475,0.074,0.135,0.137,0.078,10
4.514630,82.8515833,-70.32425,LMC,OGLE-LMC-HB-0304,RG,05 31 24.38,-70 19 27.3,LMC516.05.19507,,15.254,16.971,538.10897938,9173.8074,0.049,0.3576,55.05,172.46,OSARG,1,0,Simbad,82.85487,-70.32484,20.079,19.753,19.547,19.456,0.186,0.083,0.217,0.131,0
4.590296,82.8515833,-70.32425,LMC,OGLE-LMC-HB-0304,RG,05 31 24.38,-70 19 27.3,LMC516.05.19507,,15.254,16.971,538.10897938,9173.8074,0.049,0.3576,55.05,172.46,OSARG,1,0,Simbad,82.85389,-70.32324,19.854,19.403,18.622,18.069,0.151,0.100,0.184,0.105,10
0.236681,82.9687083,-69.8653056,LMC,OGLE-LMC-HB-0305,RG,05 31 52.49,-69 51 55.1,LMC516.22.48,,14.923,16.347,224.05344569,9058.835,0.019,0.1891,41.25,51.56,,1,0,Simbad,82.96872,-69.86524,18.789,17.147,15.876,14.324,0.070,0.075,0.101,0.056,10
4.976300,82.9687083,-69.8653056,LMC,OGLE-LMC-HB-0305,RG,05 31 52.49,-69 51 55.1,LMC516.22.48,,14.923,16.347,224.05344569,9058.835,0.019,0.1891,41.25,51.56,,1,0,Simbad,82.97271,-69.86519,20.352,19.172,18.923,18.371,0.167,0.158,0.167,0.147,20
0.124512,82.9992083,-69.5776944,LMC,OGLE-LMC-HB-0306,RG,05 31 59.81,-69 34 39.7,,,14.207,15.865,500.09758754,9120.9539,0.068,0.3475,62.01,71.27,,1,0,Simbad,82.99911,-69.57769,19.052,17.543,15.893,14.222,0.085,0.075,0.039,0.048,10
4.319218,82.9992083,-69.5776944,LMC,OGLE-LMC-HB-0306,RG,05 31 59.81,-69 34 39.7,,,14.207,15.865,500.09758754,9120.9539,0.068,0.3475,62.01,71.27,,1,0,Simbad,83.00061,-69.57879,,19.586,18.681,17.488,,0.152,0.075,0.098,0
4.357872,82.9992083,-69.5776944,LMC,OGLE-LMC-HB-0306,RG,05 31 59.81,-69 34 39.7,,,14.207,15.865,500.09758754,9120.9539,0.068,0.3475,62.01,71.27,,1,0,Simbad,83.00205,-69.57700,20.452,19.989,19.022,18.206,0.245,0.096,0.083,0.079,10
0.233076,83.0095833,-69.5359444,LMC,OGLE-LMC-HB-0307,RG,05 32 02.30,-69 32 09.4,LMC516.29.34554,,15.844,17.357,427.74703213,9157.4882,0.025,0.1584,70.62,38.57,,1,0,Simbad,83.00957,-69.53588,19.991,18.507,16.909,15.561,0.167,0.038,0.074,0.059,10
3.001040,83.0095833,-69.5359444,LMC,OGLE-LMC-HB-0307,RG,05 32 02.30,-69 32 09.4,LMC516.29.34554,,15.844,17.357,427.74703213,9157.4882,0.025,0.1584,70.62,38.57,,1,0,Simbad,83.01039,-69.53516,,21.512,21.098,,,0.202,0.240,,0
3.067752,83.0095833,-69.5359444,LMC,OGLE-LMC-HB-0307,RG,05 32 02.30,-69 32 09.4,LMC516.29.34554,,15.844,17.357,427.74703213,9157.4882,0.025,0.1584,70.62,38.57,,1,0,Simbad,83.01179,-69.53631,,20.327,20.136,,,0.131,0.168,,0
3.153136,83.0095833,-69.5359444,LMC,OGLE-LMC-HB-0307,RG,05 32 02.30,-69 32 09.4,LMC516.29.34554,,15.844,17.357,427.74703213,9157.4882,0.025,0.1584,70.62,38.57,,1,0,Simbad,83.00709,-69.53603,,20.198,19.136,18.452,,0.278,0.077,0.113,0
3.746791,83.0095833,-69.5359444,LMC,OGLE-LMC-HB-0307,RG,05 32 02.30,-69 32 09.4,LMC516.29.34554,,15.844,17.357,427.74703213,9157.4882,0.025,0.1584,70.62,38.57,,1,0,Simbad,83.01054,-69.53693,20.956,21.525,21.153,,0.414,0.256,0.273,,0
4.195806,83.0095833,-69.5359444,LMC,OGLE-LMC-HB-0307,RG,05 32 02.30,-69 32 09.4,LMC516.29.34554,,15.844,17.357,427.74703213,9157.4882,0.025,0.1584,70.62,38.57,,1,0,Simbad,83.00767,-69.53690,19.308,19.191,18.948,19.144,0.102,0.131,0.121,0.086,10
0.364990,83.0157083,-70.4968611,LMC,OGLE-LMC-HB-0308,MS,05 32 03.77,-70 29 48.7,LMC516.04.43402,OGLE-LMC-ECL-18477,16.197,16.762,33.38135263,9012.7549,0.092,0.4871,88.96,135.04,TEO,0,1,Simbad,83.01569,-70.49676,16.780,16.741,16.033,15.946,0.055,0.071,0.063,0.075,10
4.061237,83.0157083,-70.4968611,LMC,OGLE-LMC-HB-0308,MS,05 32 03.77,-70 29 48.7,LMC516.04.43402,OGLE-LMC-ECL-18477,16.197,16.762,33.38135263,9012.7549,0.092,0.4871,88.96,135.04,TEO,0,1,Simbad,83.01313,-70.49613,19.289,19.293,19.077,19.038,0.100,0.062,0.128,0.081,10
0.214723,83.0830833,-70.0120833,LMC,OGLE-LMC-HB-0309,RG,05 32 19.94,-70 00 43.5,LMC516.12.85852,,15.604,17.149,537.84638431,9150.8022,0.032,0.4359,59.06,169.34,,1,0,Simbad,83.08300,-70.01203,,18.181,16.688,15.229,,0.051,0.083,0.040,0
2.433771,83.0830833,-70.0120833,LMC,OGLE-LMC-HB-0309,RG,05 32 19.94,-70 00 43.5,LMC516.12.85852,,15.604,17.149,537.84638431,9150.8022,0.032,0.4359,59.06,169.34,,1,0,Simbad,83.08162,-70.01254,,20.778,19.676,19.021,,0.202,0.233,0.173,0
2.763805,83.0830833,-70.0120833,LMC,OGLE-LMC-HB-0309,RG,05 32 19.94,-70 00 43.5,LMC516.12.85852,,15.604,17.149,537.84638431,9150.8022,0.032,0.4359,59.06,169.34,,1,0,Simbad,83.08233,-70.01136,19.497,19.482,18.698,18.291,0.119,0.096,0.147,0.086,10
2.918979,83.0830833,-70.0120833,LMC,OGLE-LMC-HB-0309,RG,05 32 19.94,-70 00 43.5,LMC516.12.85852,,15.604,17.149,537.84638431,9150.8022,0.032,0.4359,59.06,169.34,,1,0,Simbad,83.08503,-70.01162,18.822,17.640,16.131,14.785,0.081,0.038,0.053,0.037,10
4.380442,83.0830833,-70.0120833,LMC,OGLE-LMC-HB-0309,RG,05 32 19.94,-70 00 43.5,LMC516.12.85852,,15.604,17.149,537.84638431,9150.8022,0.032,0.4359,59.06,169.34,,1,0,Simbad,83.08172,-70.01096,,19.652,18.685,18.010,,0.132,0.107,0.196,0
4.493220,83.0830833,-70.0120833,LMC,OGLE-LMC-HB-0309,RG,05 32 19.94,-70 00 43.5,LMC516.12.85852,,15.604,17.149,537.84638431,9150.8022,0.032,0.4359,59.06,169.34,,1,0,Simbad,83.07984,-70.01151,19.905,19.833,19.224,19.202,0.159,0.140,0.156,0.134,10
4.620197,83.0830833,-70.0120833,LMC,OGLE-LMC-HB-0309,RG,05 32 19.94,-70 00 43.5,LMC516.12.85852,,15.604,17.149,537.84638431,9150.8022,0.032,0.4359,59.06,169.34,,1,0,Simbad,83.08248,-70.01335,20.232,19.719,19.262,19.551,0.183,0.103,0.162,0.157,20
0.161981,83.1035833,-69.1162222,LMC,OGLE-LMC-HB-0310,RG,05 32 24.86,-69 06 58.4,LMC517.04.18137,,16.119,17.384,283.22995667,9265.4828,0.021,0.2425,72.23,13.72,,1,0,Simbad,83.10354,-69.11618,18.805,18.310,17.170,15.962,0.105,0.033,0.030,0.032,10
3.040952,83.1035833,-69.1162222,LMC,OGLE-LMC-HB-0310,RG,05 32 24.86,-69 06 58.4,LMC517.04.18137,,16.119,17.384,283.22995667,9265.4828,0.021,0.2425,72.23,13.72,,1,0,Simbad,83.10460,-69.11546,,19.878,19.025,18.082,,0.062,0.064,0.044,0
3.319111,83.1035833,-69.1162222,LMC,OGLE-LMC-HB-0310,RG,05 32 24.86,-69 06 58.4,LMC517.04.18137,,16.119,17.384,283.22995667,9265.4828,0.021,0.2425,72.23,13.72,,1,0,Simbad,83.10598,-69.11588,19.003,18.014,16.837,15.630,0.104,0.073,0.036,0.027,10
3.677987,83.1035833,-69.1162222,LMC,OGLE-LMC-HB-0310,RG,05 32 24.86,-69 06 58.4,LMC517.04.18137,,16.119,17.384,283.22995667,9265.4828,0.021,0.2425,72.23,13.72,,1,0,Simbad,83.10247,-69.11528,21.418,21.373,20.990,,0.441,0.091,0.126,,0
4.272416,83.1035833,-69.1162222,LMC,OGLE-LMC-HB-0310,RG,05 32 24.86,-69 06 58.4,LMC517.04.18137,,16.119,17.384,283.22995667,9265.4828,0.021,0.2425,72.23,13.72,,1,0,Simbad,83.10462,-69.11735,21.220,21.927,21.421,21.048,0.397,0.226,0.279,0.413,0
0.264460,83.1097083,-70.1013333,LMC,OGLE-LMC-HB-0311,RG,05 32 26.33,-70 06 04.8,LMC516.12.69041,,15.345,17.072,454.46152174,9373.9827,0.07,0.1689,56.47,136.92,OSARG,1,0,Simbad,83.10972,-70.10126,19.230,18.010,16.529,14.969,0.107,0.097,0.069,0.041,10
2.141126,83.1097083,-70.1013333,LMC,OGLE-LMC-HB-0311,RG,05 32 26.33,-70 06 04.8,LMC516.12.69041,,15.345,17.072,454.46152174,9373.9827,0.07,0.1689,56.47,136.92,OSARG,1,0,Simbad,83.10862,-70.10180,17.376,17.589,17.359,17.690,0.056,0.069,0.080,0.120,10
3.136553,83.1097083,-70.1013333,LMC,OGLE-LMC-HB-0311,RG,05 32 26.33,-70 06 04.8,LMC516.12.69041,,15.345,17.072,454.46152174,9373.9827,0.07,0.1689,56.47,136.92,OSARG,1,0,Simbad,83.11218,-70.10156,18.965,19.004,18.909,,0.083,0.062,0.164,,0
3.325082,83.1097083,-70.1013333,LMC,OGLE-LMC-HB-0311,RG,05 32 26.33,-70 06 04.8,LMC516.12.69041,,15.345,17.072,454.46152174,9373.9827,0.07,0.1689,56.47,136.92,OSARG,1,0,Simbad,83.11113,-70.10212,18.973,18.981,18.345,,0.087,0.063,0.148,,0
3.690351,83.1097083,-70.1013333,LMC,OGLE-LMC-HB-0311,RG,05 32 26.33,-70 06 04.8,LMC516.12.69041,,15.345,17.072,454.46152174,9373.9827,0.07,0.1689,56.47,136.92,OSARG,1,0,Simbad,83.10988,-70.10031,19.271,19.521,19.203,,0.100,0.309,0.378,,0
3.929982,83.1097083,-70.1013333,LMC,OGLE-LMC-HB-0311,RG,05 32 26.33,-70 06 04.8,LMC516.12.69041,,15.345,17.072,454.46152174,9373.9827,0.07,0.1689,56.47,136.92,OSARG,1,0,Simbad,83.10887,-70.10028,,19.766,18.742,18.960,,0.397,0.192,0.250,0
4.014506,83.1097083,-70.1013333,LMC,OGLE-LMC-HB-0311,RG,05 32 26.33,-70 06 04.8,LMC516.12.69041,,15.345,17.072,454.46152174,9373.9827,0.07,0.1689,56.47,136.92,OSARG,1,0,Simbad,83.10803,-70.10229,18.483,18.350,17.960,,0.066,0.069,0.127,,0
4.970488,83.1097083,-70.1013333,LMC,OGLE-LMC-HB-0311,RG,05 32 26.33,-70 06 04.8,LMC516.12.69041,,15.345,17.072,454.46152174,9373.9827,0.07,0.1689,56.47,136.92,OSARG,1,0,Simbad,83.11356,-70.10090,20.528,20.252,19.237,19.272,0.279,0.102,0.142,0.195,20
0.263768,83.110625,-69.5225833,LMC,OGLE-LMC-HB-0312,RG,05 32 26.55,-69 31 21.3,LMC516.29.43328,J053226.44-693122.1,12.965,14.781,650.62295309,9412.9835,0.103,0.1801,78.16,132.96,OSARG,0,0,Simbad,83.11062,-69.52251,17.298,16.092,14.440,12.746,0.044,0.053,0.039,0.066,10
4.274736,83.110625,-69.5225833,LMC,OGLE-LMC-HB-0312,RG,05 32 26.55,-69 31 21.3,LMC516.29.43328,J053226.44-693122.1,12.965,14.781,650.62295309,9412.9835,0.103,0.1801,78.16,132.96,OSARG,0,0,Simbad,83.10840,-69.52348,20.044,20.001,19.194,,0.280,0.108,0.225,,0
0.376240,83.138,-69.7279444,LMC,OGLE-LMC-HB-0313,RG,05 32 33.12,-69 43 40.6,LMC516.21.71376,,15.884,17.386,552.05544764,9538.1491,0.028,0.4057,80.85,107.48,ECL,1,0,Simbad,83.13801,-69.72784,19.663,18.254,16.926,15.466,0.109,0.110,0.034,0.054,10
2.834084,83.138,-69.7279444,LMC,OGLE-LMC-HB-0313,RG,05 32 33.12,-69 43 40.6,LMC516.21.71376,,15.884,17.386,552.05544764,9538.1491,0.028,0.4057,80.85,107.48,ECL,1,0,Simbad,83.14021,-69.72812,20.191,19.578,19.384,,0.138,0.198,0.071,,0
3.313051,83.138,-69.7279444,LMC,OGLE-LMC-HB-0313,RG,05 32 33.12,-69 43 40.6,LMC516.21.71376,,15.884,17.386,552.05544764,9538.1491,0.028,0.4057,80.85,107.48,ECL,1,0,Simbad,83.13550,-69.72826,20.719,20.465,20.196,20.020,0.323,0.134,0.125,0.169,10
3.835478,83.138,-69.7279444,LMC,OGLE-LMC-HB-0313,RG,05 32 33.12,-69 43 40.6,LMC516.21.71376,,15.884,17.386,552.05544764,9538.1491,0.028,0.4057,80.85,107.48,ECL,1,0,Simbad,83.13936,-69.72890,18.561,18.295,18.520,,0.070,0.148,0.104,,0
4.823759,83.138,-69.7279444,LMC,OGLE-LMC-HB-0313,RG,05 32 33.12,-69 43 40.6,LMC516.21.71376,,15.884,17.386,552.05544764,9538.1491,0.028,0.4057,80.85,107.48,ECL,1,0,Simbad,83.13936,-69.72669,19.456,19.375,19.220,19.281,0.102,0.084,0.093,0.138,10
0.347265,83.153,-69.4123333,LMC,OGLE-LMC-HB-0314,MS,05 32 36.72,-69 24 44.4,LMC516.29.54441,OGLE-LMC-ECL-18727,14.668,14.731,10.35699801,9002.3813,0.049,0.2824,56.99,24.79,ECL,0,1,Simbad,83.15307,-69.41224,13.384,14.029,13.640,14.391,0.059,0.098,0.190,0.049,20
3.115134,83.153,-69.4123333,LMC,OGLE-LMC-HB-0314,MS,05 32 36.72,-69 24 44.4,LMC516.29.54441,OGLE-LMC-ECL-18727,14.668,14.731,10.35699801,9002.3813,0.049,0.2824,56.99,24.79,ECL,0,1,Simbad,83.15442,-69.41304,14.645,15.529,15.143,16.237,0.108,0.096,0.170,0.101,20
3.391628,83.153,-69.4123333,LMC,OGLE-LMC-HB-0314,MS,05 32 36.72,-69 24 44.4,LMC516.29.54441,OGLE-LMC-ECL-18727,14.668,14.731,10.35699801,9002.3813,0.049,0.2824,56.99,24.79,ECL,0,1,Simbad,83.15264,-69.41140,16.156,15.828,15.639,15.690,0.155,0.213,0.184,0.049,0
4.491381,83.153,-69.4123333,LMC,OGLE-LMC-HB-0314,MS,05 32 36.72,-69 24 44.4,LMC516.29.54441,OGLE-LMC-ECL-18727,14.668,14.731,10.35699801,9002.3813,0.049,0.2824,56.99,24.79,ECL,0,1,Simbad,83.15651,-69.41214,,16.840,16.374,16.691,,0.123,0.226,0.075,0
0.254283,83.1572917,-65.6453889,LMC,OGLE-LMC-HB-0315,RG,05 32 37.75,-65 38 43.4,LMC519.28.9324,OGLE-LMC-ECL-34991,15.217,16.672,685.81366557,9415.472,0.052,0.5987,70.49,72.78,,1,1,Simbad,83.15733,-65.64532,19.311,18.047,16.661,15.281,0.065,0.022,0.024,0.050,10
4.026501,83.1572917,-65.6453889,LMC,OGLE-LMC-HB-0315,RG,05 32 37.75,-65 38 43.4,LMC519.28.9324,OGLE-LMC-ECL-34991,15.217,16.672,685.81366557,9415.472,0.052,0.5987,70.49,72.78,,1,1,Simbad,83.15515,-65.64470,,21.814,21.296,20.660,,0.108,0.104,0.185,0
0.174669,83.1666667,-69.2250278,LMC,OGLE-LMC-HB-0316,RG,05 32 40.00,-69 13 30.1,LMC517.04.8610,EROS2-star-lm002-1k-28820,15.099,16.985,414.49033106,9350.7546,0.138,0.2209,62.19,57.12,OSARG,0,0,Simbad,83.16669,-69.22498,19.362,18.319,16.710,14.971,0.120,0.223,0.061,0.049,0
2.496167,83.1666667,-69.2250278,LMC,OGLE-LMC-HB-0316,RG,05 32 40.00,-69 13 30.1,LMC517.04.8610,EROS2-star-lm002-1k-28820,15.099,16.985,414.49033106,9350.7546,0.138,0.2209,62.19,57.12,OSARG,0,0,Simbad,83.16525,-69.22455,,20.300,19.548,18.823,,0.150,0.090,0.112,0
2.661882,83.1666667,-69.2250278,LMC,OGLE-LMC-HB-0316,RG,05 32 40.00,-69 13 30.1,LMC517.04.8610,EROS2-star-lm002-1k-28820,15.099,16.985,414.49033106,9350.7546,0.138,0.2209,62.19,57.12,OSARG,0,0,Simbad,83.16704,-69.22430,,20.562,20.248,,,0.098,0.110,,0
4.408703,83.1666667,-69.2250278,LMC,OGLE-LMC-HB-0316,RG,05 32 40.00,-69 13 30.1,LMC517.04.8610,EROS2-star-lm002-1k-28820,15.099,16.985,414.49033106,9350.7546,0.138,0.2209,62.19,57.12,OSARG,0,0,Simbad,83.16904,-69.22414,,20.080,19.270,18.293,,0.080,0.117,0.094,0
0.220048,83.2112917,-69.7146111,LMC,OGLE-LMC-HB-0317,RG,05 32 50.71,-69 42 52.6,LMC516.21.71400,,15.912,17.438,239.62989984,9069.4963,0.049,0.15,66.0,52.83,,1,0,Simbad,83.21129,-69.71455,19.927,18.499,17.057,15.567,0.169,0.109,0.038,0.042,10
3.357127,83.2112917,-69.7146111,LMC,OGLE-LMC-HB-0317,RG,05 32 50.71,-69 42 52.6,LMC516.21.71400,,15.912,17.438,239.62989984,9069.4963,0.049,0.15,66.0,52.83,,1,0,Simbad,83.21013,-69.71377,,20.921,20.653,19.951,,0.134,0.176,0.173,0
4.284869,83.2112917,-69.7146111,LMC,OGLE-LMC-HB-0317,RG,05 32 50.71,-69 42 52.6,LMC516.21.71400,,15.912,17.438,239.62989984,9069.4963,0.049,0.15,66.0,52.83,,1,0,Simbad,83.21238,-69.71574,,20.063,18.830,,,0.117,0.099,,0
4.506910,83.2112917,-69.7146111,LMC,OGLE-LMC-HB-0317,RG,05 32 50.71,-69 42 52.6,LMC516.21.71400,,15.912,17.438,239.62989984,9069.4963,0.049,0.15,66.0,52.83,,1,0,Simbad,83.21116,-69.71336,20.602,21.118,20.680,20.309,0.267,0.209,0.157,0.194,0
0.237278,83.2888333,-69.8773056,LMC,OGLE-LMC-HB-0318,RG,05 33 09.32,-69 52 38.3,LMC516.21.43,,15.702,17.121,341.55728383,9077.2304,0.043,0.1729,65.2,30.97,OSARG,1,0,Simbad,83.28885,-69.87724,,18.102,16.753,15.340,,0.046,0.035,0.041,0
3.287113,83.2888333,-69.8773056,LMC,OGLE-LMC-HB-0318,RG,05 33 09.32,-69 52 38.3,LMC516.21.43,,15.702,17.121,341.55728383,9077.2304,0.043,0.1729,65.2,30.97,OSARG,1,0,Simbad,83.28690,-69.87668,,18.846,17.499,16.031,,0.072,0.041,0.050,0
3.840902,83.2888333,-69.8773056,LMC,OGLE-LMC-HB-0318,RG,05 33 09.32,-69 52 38.3,LMC516.21.43,,15.702,17.121,341.55728383,9077.2304,0.043,0.1729,65.2,30.97,OSARG,1,0,Simbad,83.29171,-69.87770,,20.407,19.454,18.307,,0.131,0.090,0.072,0
3.962395,83.2888333,-69.8773056,LMC,OGLE-LMC-HB-0318,RG,05 33 09.32,-69 52 38.3,LMC516.21.43,,15.702,17.121,341.55728383,9077.2304,0.043,0.1729,65.2,30.97,OSARG,1,0,Simbad,83.28774,-69.87834,,21.092,21.367,,,0.174,0.335,,0
4.287734,83.2888333,-69.8773056,LMC,OGLE-LMC-HB-0318,RG,05 33 09.32,-69 52 38.3,LMC516.21.43,,15.702,17.121,341.55728383,9077.2304,0.043,0.1729,65.2,30.97,OSARG,1,0,Simbad,83.29194,-69.87678,20.023,19.374,18.951,18.277,0.143,0.146,0.055,0.096,10
4.811891,83.2888333,-69.8773056,LMC,OGLE-LMC-HB-0318,RG,05 33 09.32,-69 52 38.3,LMC516.21.43,,15.702,17.121,341.55728383,9077.2304,0.043,0.1729,65.2,30.97,OSARG,1,0,Simbad,83.28536,-69.87671,18.702,18.636,18.698,18.732,0.089,0.069,0.075,0.109,10
0.252899,83.29275,-68.53375,LMC,OGLE-LMC-HB-0319,MS,05 33 10.26,-68 32 01.5,LMC517.20.31866,OGLE-LMC-ECL-18972,17.942,18.382,10.76072883,9002.1404,0.058,0.3233,67.56,4.36,ECL,0,1,Simbad,83.29274,-68.53368,18.586,18.601,18.139,17.850,0.056,0.055,0.047,0.034,10
3.940969,83.29275,-68.53375,LMC,OGLE-LMC-HB-0319,MS,05 33 10.26,-68 32 01.5,LMC517.20.31866,OGLE-LMC-ECL-18972,17.942,18.382,10.76072883,9002.1404,0.058,0.3233,67.56,4.36,ECL,0,1,Simbad,83.29571,-68.53358,,21.327,20.780,20.697,,0.119,0.089,0.163,0
4.297142,83.29275,-68.53375,LMC,OGLE-LMC-HB-0319,MS,05 33 10.26,-68 32 01.5,LMC517.20.31866,OGLE-LMC-ECL-18972,17.942,18.382,10.76072883,9002.1404,0.058,0.3233,67.56,4.36,ECL,0,1,Simbad,83.29425,-68.53481,,22.330,21.896,21.416,,0.189,0.223,0.323,0
4.774546,83.29275,-68.53375,LMC,OGLE-LMC-HB-0319,MS,05 33 10.26,-68 32 01.5,LMC517.20.31866,OGLE-LMC-ECL-18972,17.942,18.382,10.76072883,9002.1404,0.058,0.3233,67.56,4.36,ECL,0,1,Simbad,83.28978,-68.53451,,21.765,20.883,20.229,,0.171,0.137,0.139,0
4.784441,83.29275,-68.53375,LMC,OGLE-LMC-HB-0319,MS,05 33 10.26,-68 32 01.5,LMC517.20.31866,OGLE-LMC-ECL-18972,17.942,18.382,10.76072883,9002.1404,0.058,0.3233,67.56,4.36,ECL,0,1,Simbad,83.28927,-68.53413,,23.213,22.451,,,0.440,0.409,,0
4.917319,83.29275,-68.53375,LMC,OGLE-LMC-HB-0319,MS,05 33 10.26,-68 32 01.5,LMC517.20.31866,OGLE-LMC-ECL-18972,17.942,18.382,10.76072883,9002.1404,0.058,0.3233,67.56,4.36,ECL,0,1,Simbad,83.29637,-68.53409,,20.929,20.211,19.205,,0.076,0.133,0.060,0
0.259503,83.3513333,-71.0625,LMC,OGLE-LMC-HB-0320,RG,05 33 24.32,-71 03 45.0,LMC515.21.32681,OGLE-LMC-ECL-35210,16.084,17.608,296.37616161,9202.0085,0.025,0.3,63.78,112.23,,1,1,Simbad,83.35128,-71.06243,20.443,18.868,17.401,15.860,0.223,0.036,0.062,0.054,10
3.526396,83.3513333,-71.0625,LMC,OGLE-LMC-HB-0320,RG,05 33 24.32,-71 03 45.0,LMC515.21.32681,OGLE-LMC-ECL-35210,16.084,17.608,296.37616161,9202.0085,0.025,0.3,63.78,112.23,,1,1,Simbad,83.35369,-71.06189,20.064,20.305,20.156,20.315,0.165,0.058,0.053,0.153,10
4.275170,83.3513333,-71.0625,LMC,OGLE-LMC-HB-0320,RG,05 33 24.32,-71 03 45.0,LMC515.21.32681,OGLE-LMC-ECL-35210,16.084,17.608,296.37616161,9202.0085,0.025,0.3,63.78,112.23,,1,1,Simbad,83.35398,-71.06332,,20.556,20.312,20.333,,0.088,0.073,0.162,0
0.331450,83.3564167,-69.7256944,LMC,OGLE-LMC-HB-0321,RG,05 33 25.54,-69 43 32.5,LMC516.21.24891,,16.722,18.045,148.65681545,9028.9984,0.041,0.2441,71.05,10.52,,1,0,Simbad,83.35626,-69.72562,,18.626,17.406,16.179,,0.095,0.091,0.116,0
1.630386,83.3564167,-69.7256944,LMC,OGLE-LMC-HB-0321,RG,05 33 25.54,-69 43 32.5,LMC516.21.24891,,16.722,18.045,148.65681545,9028.9984,0.041,0.2441,71.05,10.52,,1,0,Simbad,83.35770,-69.72578,,19.145,17.889,16.463,,0.111,0.048,0.064,0
4.382451,83.3564167,-69.7256944,LMC,OGLE-LMC-HB-0321,RG,05 33 25.54,-69 43 32.5,LMC516.21.24891,,16.722,18.045,148.65681545,9028.9984,0.041,0.2441,71.05,10.52,,1,0,Simbad,83.35940,-69.72634,20.801,20.834,20.761,,0.274,0.109,0.107,,0
4.875788,83.3564167,-69.7256944,LMC,OGLE-LMC-HB-0321,RG,05 33 25.54,-69 43 32.5,LMC516.21.24891,,16.722,18.045,148.65681545,9028.9984,0.041,0.2441,71.05,10.52,,1,0,Simbad,83.35976,-69.72499,,20.373,20.072,,,0.122,0.116,,0
4.918109,83.3564167,-69.7256944,LMC,OGLE-LMC-HB-0321,RG,05 33 25.54,-69 43 32.5,LMC516.21.24891,,16.722,18.045,148.65681545,9028.9984,0.041,0.2441,71.05,10.52,,1,0,Simbad,83.35797,-69.72695,,19.879,18.975,18.092,,0.109,0.047,0.075,0
4.997739,83.3564167,-69.7256944,LMC,OGLE-LMC-HB-0321,RG,05 33 25.54,-69 43 32.5,LMC516.21.24891,,16.722,18.045,148.65681545,9028.9984,0.041,0.2441,71.05,10.52,,1,0,Simbad,83.35787,-69.72440,,20.309,19.667,18.734,,0.138,0.123,0.083,0
0.187634,83.3625,-70.1310278,LMC,OGLE-LMC-HB-0322,RG,05 33 27.00,-70 07 51.7,LMC516.12.12322,EROS2-star-lm002-7m-3365,15.555,17.12,342.9003233,9069.6219,0.04,0.1246,61.43,56.72,ECL,1,0,Simbad,83.36241,-70.13107,,18.380,16.946,15.246,,0.083,0.072,0.041,0
2.523930,83.3625,-70.1310278,LMC,OGLE-LMC-HB-0322,RG,05 33 27.00,-70 07 51.7,LMC516.12.12322,EROS2-star-lm002-7m-3365,15.555,17.12,342.9003233,9069.6219,0.04,0.1246,61.43,56.72,ECL,1,0,Simbad,83.36153,-70.13041,,19.692,19.380,19.509,,0.130,0.132,0.169,0
4.003835,83.3625,-70.1310278,LMC,OGLE-LMC-HB-0322,RG,05 33 27.00,-70 07 51.7,LMC516.12.12322,EROS2-star-lm002-7m-3365,15.555,17.12,342.9003233,9069.6219,0.04,0.1246,61.43,56.72,ECL,1,0,Simbad,83.36015,-70.13180,,19.801,18.511,18.252,,0.088,0.332,0.408,0
4.360717,83.3625,-70.1310278,LMC,OGLE-LMC-HB-0322,RG,05 33 27.00,-70 07 51.7,LMC516.12.12322,EROS2-star-lm002-7m-3365,15.555,17.12,342.9003233,9069.6219,0.04,0.1246,61.43,56.72,ECL,1,0,Simbad,83.36553,-70.13039,20.580,19.982,18.988,19.574,0.299,0.113,0.207,0.131,0
4.474901,83.3625,-70.1310278,LMC,OGLE-LMC-HB-0322,RG,05 33 27.00,-70 07 51.7,LMC516.12.12322,EROS2-star-lm002-7m-3365,15.555,17.12,342.9003233,9069.6219,0.04,0.1246,61.43,56.72,ECL,1,0,Simbad,83.35886,-70.13113,19.390,19.491,18.746,19.182,0.127,0.077,0.145,0.132,20
4.653323,83.3625,-70.1310278,LMC,OGLE-LMC-HB-0322,RG,05 33 27.00,-70 07 51.7,LMC516.12.12322,EROS2-star-lm002-7m-3365,15.555,17.12,342.9003233,9069.6219,0.04,0.1246,61.43,56.72,ECL,1,0,Simbad,83.36360,-70.12979,19.649,19.215,18.473,17.608,0.171,0.063,0.080,0.059,10
0.214072,83.3892083,-71.3020278,LMC,OGLE-LMC-HB-0323,MS,05 33 33.41,-71 18 07.3,LMC515.12.37430,,16.379,16.551,24.91618326,9011.502,0.06,0.4727,24.96,72.74,ECL,0,0,Simbad,83.38907,-71.30199,15.913,16.302,16.244,16.152,0.032,0.028,0.023,0.049,10
4.446684,83.3892083,-71.3020278,LMC,OGLE-LMC-HB-0323,MS,05 33 33.41,-71 18 07.3,LMC515.12.37430,,16.379,16.551,24.91618326,9011.502,0.06,0.4727,24.96,72.74,ECL,0,0,Simbad,83.39184,-71.30293,20.356,20.189,19.776,,0.203,0.062,0.063,,0
4.691084,83.3892083,-71.3020278,LMC,OGLE-LMC-HB-0323,MS,05 33 33.41,-71 18 07.3,LMC515.12.37430,,16.379,16.551,24.91618326,9011.502,0.06,0.4727,24.96,72.74,ECL,0,0,Simbad,83.38610,-71.30119,20.682,20.203,20.083,20.580,0.239,0.072,0.066,0.210,0
0.281330,83.4365417,-69.5720556,LMC,OGLE-LMC-HB-0324,RG,05 33 44.77,-69 34 19.4,,OGLE-LMC-ECL-19234,15.87,17.202,205.78946386,9099.6089,0.079,0.2654,54.58,128.03,,1,1,Simbad,83.43642,-69.57199,19.582,18.523,17.263,15.925,0.119,0.040,0.047,0.044,10
1.982063,83.4365417,-69.5720556,LMC,OGLE-LMC-HB-0324,RG,05 33 44.77,-69 34 19.4,,OGLE-LMC-ECL-19234,15.87,17.202,205.78946386,9099.6089,0.079,0.2654,54.58,128.03,,1,1,Simbad,83.43496,-69.57204,,20.692,19.552,18.739,,0.138,0.184,0.150,0
2.774526,83.4365417,-69.5720556,LMC,OGLE-LMC-HB-0324,RG,05 33 44.77,-69 34 19.4,,OGLE-LMC-ECL-19234,15.87,17.202,205.78946386,9099.6089,0.079,0.2654,54.58,128.03,,1,1,Simbad,83.43816,-69.57258,,21.332,20.644,,,0.108,0.116,,0
4.472236,83.4365417,-69.5720556,LMC,OGLE-LMC-HB-0324,RG,05 33 44.77,-69 34 19.4,,OGLE-LMC-ECL-19234,15.87,17.202,205.78946386,9099.6089,0.079,0.2654,54.58,128.03,,1,1,Simbad,83.43875,-69.57108,,22.893,21.417,21.261,,0.437,0.179,0.468,0
4.493816,83.4365417,-69.5720556,LMC,OGLE-LMC-HB-0324,RG,05 33 44.77,-69 34 19.4,,OGLE-LMC-ECL-19234,15.87,17.202,205.78946386,9099.6089,0.079,0.2654,54.58,128.03,,1,1,Simbad,83.44011,-69.57214,20.710,22.414,20.814,,0.451,0.305,0.154,,0
4.920328,83.4365417,-69.5720556,LMC,OGLE-LMC-HB-0324,RG,05 33 44.77,-69 34 19.4,,OGLE-LMC-ECL-19234,15.87,17.202,205.78946386,9099.6089,0.079,0.2654,54.58,128.03,,1,1,Simbad,83.43934,-69.57301,,21.756,20.286,19.009,,0.153,0.108,0.072,0
0.379575,83.4659167,-69.5904722,LMC,OGLE-LMC-HB-0325,RG,05 33 51.82,-69 35 25.7,LMC516.28.32944,OGLE-LMC-ECL-19281,15.918,17.576,264.82490586,9260.9578,0.07,0.2296,72.05,54.28,,1,1,Simbad,83.46563,-69.59050,19.385,18.247,17.026,15.499,0.128,0.041,0.034,0.042,10
2.177065,83.4659167,-69.5904722,LMC,OGLE-LMC-HB-0325,RG,05 33 51.82,-69 35 25.7,LMC516.28.32944,OGLE-LMC-ECL-19281,15.918,17.576,264.82490586,9260.9578,0.07,0.2296,72.05,54.28,,1,1,Simbad,83.46507,-69.59100,,20.213,20.198,,,0.115,0.177,,0
4.020012,83.4659167,-69.5904722,LMC,OGLE-LMC-HB-0325,RG,05 33 51.82,-69 35 25.7,LMC516.28.32944,OGLE-LMC-ECL-19281,15.918,17.576,264.82490586,9260.9578,0.07,0.2296,72.05,54.28,,1,1,Simbad,83.46375,-69.58965,19.997,19.842,19.298,18.730,0.135,0.071,0.070,0.074,10
4.063749,83.4659167,-69.5904722,LMC,OGLE-LMC-HB-0325,RG,05 33 51.82,-69 35 25.7,LMC516.28.32944,OGLE-LMC-ECL-19281,15.918,17.576,264.82490586,9260.9578,0.07,0.2296,72.05,54.28,,1,1,Simbad,83.46842,-69.59119,20.160,19.291,18.200,17.172,0.133,0.055,0.054,0.067,10
0.130367,83.486,-70.3221389,LMC,OGLE-LMC-HB-0326,RG,05 33 56.64,-70 19 19.7,LMC516.03.62029,,16.634,18.005,205.41839172,9153.6204,0.03,0.1428,59.5,126.27,,1,0,Simbad,83.48593,-70.32211,19.955,18.838,17.394,16.384,0.141,0.053,0.159,0.052,10
1.769882,83.486,-70.3221389,LMC,OGLE-LMC-HB-0326,RG,05 33 56.64,-70 19 19.7,LMC516.03.62029,,16.634,18.005,205.41839172,9153.6204,0.03,0.1428,59.5,126.27,,1,0,Simbad,83.48454,-70.32214,20.123,19.873,18.699,18.086,0.146,0.115,0.176,0.110,10
3.311817,83.486,-70.3221389,LMC,OGLE-LMC-HB-0326,RG,05 33 56.64,-70 19 19.7,LMC516.03.62029,,16.634,18.005,205.41839172,9153.6204,0.03,0.1428,59.5,126.27,,1,0,Simbad,83.48655,-70.32304,21.127,20.779,19.286,18.751,0.287,0.119,0.148,0.102,20
4.167640,83.486,-70.3221389,LMC,OGLE-LMC-HB-0326,RG,05 33 56.64,-70 19 19.7,LMC516.03.62029,,16.634,18.005,205.41839172,9153.6204,0.03,0.1428,59.5,126.27,,1,0,Simbad,83.48937,-70.32191,19.430,19.309,17.764,,0.142,0.095,0.256,,0
4.910084,83.486,-70.3221389,LMC,OGLE-LMC-HB-0326,RG,05 33 56.64,-70 19 19.7,LMC516.03.62029,,16.634,18.005,205.41839172,9153.6204,0.03,0.1428,59.5,126.27,,1,0,Simbad,83.48216,-70.32171,18.123,18.309,18.012,18.312,0.068,0.057,0.117,0.068,10
0.156908,83.5190833,-70.5641667,LMC,OGLE-LMC-HB-0327,RG,05 34 04.58,-70 33 51.0,LMC515.29.25500,2MASS-J05340458-7033510,15.199,16.894,401.83971944,9060.4334,0.048,0.1729,78.48,61.51,OSARG,1,0,Simbad,83.51907,-70.56421,20.091,18.185,16.516,14.986,0.177,0.049,0.093,0.042,10
3.155525,83.5190833,-70.5641667,LMC,OGLE-LMC-HB-0327,RG,05 34 04.58,-70 33 51.0,LMC515.29.25500,2MASS-J05340458-7033510,15.199,16.894,401.83971944,9060.4334,0.048,0.1729,78.48,61.51,OSARG,1,0,Simbad,83.51683,-70.56371,19.947,19.231,18.124,17.309,0.140,0.058,0.054,0.054,10
3.431513,83.5190833,-70.5641667,LMC,OGLE-LMC-HB-0327,RG,05 34 04.58,-70 33 51.0,LMC515.29.25500,2MASS-J05340458-7033510,15.199,16.894,401.83971944,9060.4334,0.048,0.1729,78.48,61.51,OSARG,1,0,Simbad,83.51820,-70.56326,,20.102,18.950,18.234,,0.071,0.060,0.062,0
4.170411,83.5190833,-70.5641667,LMC,OGLE-LMC-HB-0327,RG,05 34 04.58,-70 33 51.0,LMC515.29.25500,2MASS-J05340458-7033510,15.199,16.894,401.83971944,9060.4334,0.048,0.1729,78.48,61.51,OSARG,1,0,Simbad,83.52051,-70.56311,,19.132,18.170,17.486,,0.068,0.059,0.067,0
0.312560,83.5294167,-69.1204167,LMC,OGLE-LMC-HB-0328,RG,05 34 07.06,-69 07 13.5,LMC517.03.14176,,16.359,17.745,319.99804872,9059.8759,0.046,0.3244,52.73,106.25,,1,0,Simbad,83.52941,-69.12033,20.036,18.542,17.408,16.033,0.178,0.054,0.045,0.064,10
2.278592,83.5294167,-69.1204167,LMC,OGLE-LMC-HB-0328,RG,05 34 07.06,-69 07 13.5,LMC517.03.14176,,16.359,17.745,319.99804872,9059.8759,0.046,0.3244,52.73,106.25,,1,0,Simbad,83.53083,-69.12080,,21.096,20.097,18.756,,0.078,0.076,0.058,0
3.167298,83.5294167,-69.1204167,LMC,OGLE-LMC-HB-0328,RG,05 34 07.06,-69 07 13.5,LMC517.03.14176,,16.359,17.745,319.99804872,9059.8759,0.046,0.3244,52.73,106.25,,1,0,Simbad,83.52863,-69.12125,,21.144,20.504,20.126,,0.128,0.115,0.152,0
3.796721,83.5294167,-69.1204167,LMC,OGLE-LMC-HB-0328,RG,05 34 07.06,-69 07 13.5,LMC517.03.14176,,16.359,17.745,319.99804872,9059.8759,0.046,0.3244,52.73,106.25,,1,0,Simbad,83.53238,-69.12044,,21.595,20.773,20.050,,0.163,0.116,0.139,0
4.341434,83.5294167,-69.1204167,LMC,OGLE-LMC-HB-0328,RG,05 34 07.06,-69 07 13.5,LMC517.03.14176,,16.359,17.745,319.99804872,9059.8759,0.046,0.3244,52.73,106.25,,1,0,Simbad,83.52846,-69.11926,,21.506,20.915,,,0.148,0.131,,0
0.229737,83.5326667,-69.0865833,LMC,OGLE-LMC-HB-0329,MS,05 34 07.84,-69 05 11.7,LMC517.03.14571,OGLE-LMC-ECL-19401,17.857,18.556,11.35835549,9004.9876,0.097,0.2687,76.97,120.22,,1,1,Simbad,83.53264,-69.08652,19.147,18.891,18.356,17.678,0.083,0.030,0.046,0.033,10
2.248447,83.5326667,-69.0865833,LMC,OGLE-LMC-HB-0329,MS,05 34 07.84,-69 05 11.7,LMC517.03.14571,OGLE-LMC-ECL-19401,17.857,18.556,11.35835549,9004.9876,0.097,0.2687,76.97,120.22,,1,1,Simbad,83.53215,-69.08718,,21.599,20.988,19.862,,0.144,0.151,0.113,0
0.243754,83.54475,-67.4459444,LMC,OGLE-LMC-HB-0330,MS,05 34 10.74,-67 26 45.4,LMC518.19.11621,OGLE-LMC-ECL-35417,14.499,14.361,9.46689097,9003.0631,0.019,0.364,56.98,32.45,ECL,0,1,Simbad,83.54465,-67.44589,12.464,16.189,14.217,14.557,0.028,0.075,0.018,0.025,20
3.819739,83.54475,-67.4459444,LMC,OGLE-LMC-HB-0330,MS,05 34 10.74,-67 26 45.4,LMC518.19.11621,OGLE-LMC-ECL-35417,14.499,14.361,9.46689097,9003.0631,0.019,0.364,56.98,32.45,ECL,0,1,Simbad,83.54345,-67.44688,19.332,19.294,19.308,18.981,0.124,0.055,0.091,0.071,10
0.261758,83.5469167,-66.9490278,LMC,OGLE-LMC-HB-0331,MS,05 34 11.26,-66 56 56.5,LMC518.27.21627,,14.741,14.582,5.87278428,9003.7255,0.024,0.2037,30.95,168.97,,0,0,Simbad,83.54685,-66.94896,13.649,14.257,14.486,14.721,0.025,0.029,0.021,0.023,10
4.289948,83.5469167,-66.9490278,LMC,OGLE-LMC-HB-0331,MS,05 34 11.26,-66 56 56.5,LMC518.27.21627,,14.741,14.582,5.87278428,9003.7255,0.024,0.2037,30.95,168.97,,0,0,Simbad,83.54773,-66.94788,,21.044,21.631,,,0.153,0.276,,0
0.290753,83.5619167,-69.8431111,LMC,OGLE-LMC-HB-0332,MS,05 34 14.86,-69 50 35.2,LMC516.20.51233,OGLE-LMC-ECL-19456,16.275,16.389,7.10781561,9004.9914,0.028,0.3365,44.88,19.74,ECL,0,1,Simbad,83.56171,-69.84307,15.880,16.355,16.207,16.167,0.046,0.047,0.057,0.117,10
2.046856,83.5619167,-69.8431111,LMC,OGLE-LMC-HB-0332,MS,05 34 14.86,-69 50 35.2,LMC516.20.51233,OGLE-LMC-ECL-19456,16.275,16.389,7.10781561,9004.9914,0.028,0.3365,44.88,19.74,ECL,0,1,Simbad,83.56356,-69.84306,18.506,18.299,17.975,,0.069,0.116,0.089,,0
4.020247,83.5619167,-69.8431111,LMC,OGLE-LMC-HB-0332,MS,05 34 14.86,-69 50 35.2,LMC516.20.51233,OGLE-LMC-ECL-19456,16.275,16.389,7.10781561,9004.9914,0.028,0.3365,44.88,19.74,ECL,0,1,Simbad,83.56031,-69.84408,,20.116,19.251,17.721,,0.051,0.087,0.078,0
4.365873,83.5619167,-69.8431111,LMC,OGLE-LMC-HB-0332,MS,05 34 14.86,-69 50 35.2,LMC516.20.51233,OGLE-LMC-ECL-19456,16.275,16.389,7.10781561,9004.9914,0.028,0.3365,44.88,19.74,ECL,0,1,Simbad,83.56443,-69.84396,20.883,20.385,20.176,19.689,0.259,0.145,0.113,0.192,10
4.682282,83.5619167,-69.8431111,LMC,OGLE-LMC-HB-0332,MS,05 34 14.86,-69 50 35.2,LMC516.20.51233,OGLE-LMC-ECL-19456,16.275,16.389,7.10781561,9004.9914,0.028,0.3365,44.88,19.74,ECL,0,1,Simbad,83.55826,-69.84344,,19.210,16.935,15.641,,0.284,0.059,0.076,0
0.304283,83.636625,-69.7566944,LMC,OGLE-LMC-HB-0333,MS,05 34 32.79,-69 45 24.1,LMC516.20.63068,OGLE-LMC-ECL-19581,14.971,14.815,4.12294673,9002.5545,0.018,0.2365,88.21,124.69,ECL,0,1,Simbad,83.63661,-69.75661,13.759,14.607,14.738,15.065,0.023,0.025,0.040,0.064,10
3.296165,83.636625,-69.7566944,LMC,OGLE-LMC-HB-0333,MS,05 34 32.79,-69 45 24.1,LMC516.20.63068,OGLE-LMC-ECL-19581,14.971,14.815,4.12294673,9002.5545,0.018,0.2365,88.21,124.69,ECL,0,1,Simbad,83.63925,-69.75681,18.511,17.744,16.268,14.681,0.082,0.054,0.054,0.058,10
4.820346,83.636625,-69.7566944,LMC,OGLE-LMC-HB-0333,MS,05 34 32.79,-69 45 24.1,LMC516.20.63068,OGLE-LMC-ECL-19581,14.971,14.815,4.12294673,9002.5545,0.018,0.2365,88.21,124.69,ECL,0,1,Simbad,83.63605,-69.75537,,20.539,19.145,18.011,,0.253,0.141,0.089,0
0.262859,83.6814583,-71.2756667,LMC,OGLE-LMC-HB-0334,RG,05 34 43.55,-71 16 32.4,,2MASS-J05344354-7116323,14.39,15.787,322.01585813,9148.7293,0.042,0.2303,80.63,76.72,,1,1,Simbad,83.68165,-71.27563,18.171,17.144,15.793,14.452,0.060,0.033,0.023,0.029,10
2.066345,83.6814583,-71.2756667,LMC,OGLE-LMC-HB-0334,RG,05 34 43.55,-71 16 32.4,,2MASS-J05344354-7116323,14.39,15.787,322.01585813,9148.7293,0.042,0.2303,80.63,76.72,,1,1,Simbad,83.68068,-71.27515,,19.864,18.964,17.978,,0.065,0.135,0.157,0
2.982350,83.6814583,-71.2756667,LMC,OGLE-LMC-HB-0334,RG,05 34 43.55,-71 16 32.4,,2MASS-J05344354-7116323,14.39,15.787,322.01585813,9148.7293,0.042,0.2303,80.63,76.72,,1,1,Simbad,83.67924,-71.27609,20.386,20.566,20.519,,0.221,0.117,0.119,,0
0.092392,83.693625,-70.5014444,LMC,OGLE-LMC-HB-0335,RG,05 34 46.47,-70 30 05.2,LMC516.03.41429,,16.347,17.777,276.57924984,9096.2213,0.026,0.1693,58.37,15.97,,1,0,Simbad,83.69370,-70.50145,20.040,18.709,17.359,15.989,0.145,0.055,0.049,0.049,10
3.592440,83.693625,-70.5014444,LMC,OGLE-LMC-HB-0335,RG,05 34 46.47,-70 30 05.2,LMC516.03.41429,,16.347,17.777,276.57924984,9096.2213,0.026,0.1693,58.37,15.97,,1,0,Simbad,83.69659,-70.50133,,21.052,20.461,20.908,,0.130,0.302,0.474,0
3.990108,83.693625,-70.5014444,LMC,OGLE-LMC-HB-0335,RG,05 34 46.47,-70 30 05.2,LMC516.03.41429,,16.347,17.777,276.57924984,9096.2213,0.026,0.1693,58.37,15.97,,1,0,Simbad,83.69067,-70.50195,,21.661,21.198,,,0.227,0.308,,0
4.253798,83.693625,-70.5014444,LMC,OGLE-LMC-HB-0335,RG,05 34 46.47,-70 30 05.2,LMC516.03.41429,,16.347,17.777,276.57924984,9096.2213,0.026,0.1693,58.37,15.97,,1,0,Simbad,83.69106,-70.50063,,21.786,21.294,21.239,,0.318,0.234,0.364,0
0.252083,83.7230833,-69.49075,LMC,OGLE-LMC-HB-0336,RG,05 34 53.54,-69 29 26.7,LMC516.28.7203,,15.889,17.458,433.4939955,9220.4117,0.041,0.3494,57.36,41.09,,1,0,Simbad,83.72308,-69.49068,,18.578,17.111,15.553,,0.063,0.044,0.040,0
2.041571,83.7230833,-69.49075,LMC,OGLE-LMC-HB-0336,RG,05 34 53.54,-69 29 26.7,LMC516.28.7203,,15.889,17.458,433.4939955,9220.4117,0.041,0.3494,57.36,41.09,,1,0,Simbad,83.72428,-69.49037,,22.520,21.508,,,0.343,0.231,,0
2.266994,83.7230833,-69.49075,LMC,OGLE-LMC-HB-0336,RG,05 34 53.54,-69 29 26.7,LMC516.28.7203,,15.889,17.458,433.4939955,9220.4117,0.041,0.3494,57.36,41.09,,1,0,Simbad,83.72134,-69.49059,,21.057,20.442,,,0.113,0.134,,0
3.498474,83.7230833,-69.49075,LMC,OGLE-LMC-HB-0336,RG,05 34 53.54,-69 29 26.7,LMC516.28.7203,,15.889,17.458,433.4939955,9220.4117,0.041,0.3494,57.36,41.09,,1,0,Simbad,83.72579,-69.49097,18.335,18.515,18.391,18.615,0.068,0.043,0.077,0.055,10
3.886062,83.7230833,-69.49075,LMC,OGLE-LMC-HB-0336,RG,05 34 53.54,-69 29 26.7,LMC516.28.7203,,15.889,17.458,433.4939955,9220.4117,0.041,0.3494,57.36,41.09,,1,0,Simbad,83.72101,-69.48995,,19.792,19.631,19.687,,0.290,0.092,0.116,0
4.075101,83.7230833,-69.49075,LMC,OGLE-LMC-HB-0336,RG,05 34 53.54,-69 29 26.7,LMC516.28.7203,,15.889,17.458,433.4939955,9220.4117,0.041,0.3494,57.36,41.09,,1,0,Simbad,83.72484,-69.49170,,20.662,20.201,,,0.109,0.117,,0
4.197662,83.7230833,-69.49075,LMC,OGLE-LMC-HB-0336,RG,05 34 53.54,-69 29 26.7,LMC516.28.7203,,15.889,17.458,433.4939955,9220.4117,0.041,0.3494,57.36,41.09,,1,0,Simbad,83.71982,-69.49053,,20.862,20.092,19.952,,0.096,0.119,0.143,0
4.340200,83.7230833,-69.49075,LMC,OGLE-LMC-HB-0336,RG,05 34 53.54,-69 29 26.7,LMC516.28.7203,,15.889,17.458,433.4939955,9220.4117,0.041,0.3494,57.36,41.09,,1,0,Simbad,83.72610,-69.49017,,19.944,18.704,17.695,,0.203,0.094,0.047,0
4.776084,83.7230833,-69.49075,LMC,OGLE-LMC-HB-0336,RG,05 34 53.54,-69 29 26.7,LMC516.28.7203,,15.889,17.458,433.4939955,9220.4117,0.041,0.3494,57.36,41.09,,1,0,Simbad,83.72502,-69.48961,,20.692,20.526,,,0.108,0.127,,0
0.264247,83.7764167,-70.2740278,LMC,OGLE-LMC-HB-0337,MS,05 35 06.34,-70 16 26.5,LMC516.03.30711,,16.465,17.078,18.35047833,9003.9157,0.196,0.221,89.87,45.35,ECL,0,1,Simbad,83.77650,-70.27396,17.308,16.998,16.548,16.112,0.047,0.066,0.050,0.041,10
2.659935,83.7764167,-70.2740278,LMC,OGLE-LMC-HB-0337,MS,05 35 06.34,-70 16 26.5,LMC516.03.30711,,16.465,17.078,18.35047833,9003.9157,0.196,0.221,89.87,45.35,ECL,0,1,Simbad,83.77671,-70.27476,,21.489,20.247,,,0.281,0.146,,0
4.164772,83.7764167,-70.2740278,LMC,OGLE-LMC-HB-0337,MS,05 35 06.34,-70 16 26.5,LMC516.03.30711,,16.465,17.078,18.35047833,9003.9157,0.196,0.221,89.87,45.35,ECL,0,1,Simbad,83.77887,-70.27322,18.625,18.083,17.004,16.141,0.075,0.040,0.145,0.064,10
0.216154,83.7780833,-70.2755833,LMC,OGLE-LMC-HB-0338,RG,05 35 06.74,-70 16 32.1,LMC516.03.30647,MACHO--11.8873.36,15.263,17.054,858.65378606,9001.3418,0.042,0.4126,58.22,22.79,OSARG,1,0,Simbad,83.77817,-70.27553,20.294,18.206,16.641,14.987,0.217,0.045,0.046,0.046,10
3.401239,83.7780833,-70.2755833,LMC,OGLE-LMC-HB-0338,RG,05 35 06.74,-70 16 32.1,LMC516.03.30647,MACHO--11.8873.36,15.263,17.054,858.65378606,9001.3418,0.042,0.4126,58.22,22.79,OSARG,1,0,Simbad,83.77671,-70.27476,,21.489,20.247,,,0.281,0.146,,0
3.786740,83.7780833,-70.2755833,LMC,OGLE-LMC-HB-0338,RG,05 35 06.74,-70 16 32.1,LMC516.03.30647,MACHO--11.8873.36,15.263,17.054,858.65378606,9001.3418,0.042,0.4126,58.22,22.79,OSARG,1,0,Simbad,83.78112,-70.27582,20.092,20.173,19.984,20.554,0.232,0.104,0.179,0.368,0
4.944354,83.7780833,-70.2755833,LMC,OGLE-LMC-HB-0338,RG,05 35 06.74,-70 16 32.1,LMC516.03.30647,MACHO--11.8873.36,15.263,17.054,858.65378606,9001.3418,0.042,0.4126,58.22,22.79,OSARG,1,0,Simbad,83.77614,-70.27679,,21.508,20.985,,,0.286,0.171,,0
0.256032,83.7792083,-69.6996111,LMC,OGLE-LMC-HB-0339,RG,05 35 07.01,-69 41 58.6,LMC516.20.21248,,16.141,18.027,405.65810802,9100.408,0.029,0.1804,61.77,32.03,,1,0,Simbad,83.77922,-69.69954,,19.410,17.618,15.818,,0.067,0.039,0.049,0
3.094925,83.7792083,-69.6996111,LMC,OGLE-LMC-HB-0339,RG,05 35 07.01,-69 41 58.6,LMC516.20.21248,,16.141,18.027,405.65810802,9100.408,0.029,0.1804,61.77,32.03,,1,0,Simbad,83.77676,-69.69949,19.768,19.113,17.683,16.568,0.143,0.069,0.032,0.054,10
4.458397,83.7792083,-69.6996111,LMC,OGLE-LMC-HB-0339,RG,05 35 07.01,-69 41 58.6,LMC516.20.21248,,16.141,18.027,405.65810802,9100.408,0.029,0.1804,61.77,32.03,,1,0,Simbad,83.78196,-69.70040,20.756,20.527,20.249,20.059,0.232,0.072,0.108,0.162,10
4.610922,83.7792083,-69.6996111,LMC,OGLE-LMC-HB-0339,RG,05 35 07.01,-69 41 58.6,LMC516.20.21248,,16.141,18.027,405.65810802,9100.408,0.029,0.1804,61.77,32.03,,1,0,Simbad,83.77594,-69.70021,,21.380,21.122,,,0.150,0.210,,0
4.972879,83.7792083,-69.6996111,LMC,OGLE-LMC-HB-0339,RG,05 35 07.01,-69 41 58.6,LMC516.20.21248,,16.141,18.027,405.65810802,9100.408,0.029,0.1804,61.77,32.03,,1,0,Simbad,83.78241,-69.69879,,20.035,19.215,18.353,,0.072,0.050,0.080,0
0.177126,83.8203333,-69.0482778,LMC,OGLE-LMC-HB-0340,MS,05 35 16.88,-69 02 53.8,LMC517.02.37346,OGLE-LMC-ECL-19871,15.029,15.132,15.48356209,9000.5884,0.007,0.5631,33.16,169.58,ECL,0,1,Simbad,83.82030,-69.04823,14.128,15.164,14.877,14.811,0.022,0.015,0.022,0.025,10
3.639935,83.8203333,-69.0482778,LMC,OGLE-LMC-HB-0340,MS,05 35 16.88,-69 02 53.8,LMC517.02.37346,OGLE-LMC-ECL-19871,15.029,15.132,15.48356209,9000.5884,0.007,0.5631,33.16,169.58,ECL,0,1,Simbad,83.81798,-69.04772,20.564,20.253,19.702,19.856,0.244,0.072,0.077,0.113,10
0.208363,83.830125,-67.2671667,LMC,OGLE-LMC-HB-0341,MS,05 35 19.23,-67 16 01.8,LMC518.19.5811,OGLE-LMC-ECL-35756,14.092,13.938,16.15973426,9003.5143,0.097,0.6667,88.24,88.07,ECL,0,1,Simbad,83.83010,-67.26711,13.020,13.742,13.856,14.115,0.021,0.073,0.018,0.021,10
0.320616,83.8481667,-68.8171944,LMC,OGLE-LMC-HB-0342,MS,05 35 23.56,-68 49 01.9,LMC517.10.33992,,15.527,15.425,6.66142638,9005.8772,0.027,0.2195,35.64,4.11,,1,0,Simbad,83.84824,-68.81711,14.340,15.028,15.165,15.320,0.032,0.017,0.030,0.153,10
3.163113,83.8481667,-68.8171944,LMC,OGLE-LMC-HB-0342,MS,05 35 23.56,-68 49 01.9,LMC517.10.33992,,15.527,15.425,6.66142638,9005.8772,0.027,0.2195,35.64,4.11,,1,0,Simbad,83.84606,-68.81763,19.336,19.268,19.148,19.136,0.098,0.058,0.110,0.101,10
3.711870,83.8481667,-68.8171944,LMC,OGLE-LMC-HB-0342,MS,05 35 23.56,-68 49 01.9,LMC517.10.33992,,15.527,15.425,6.66142638,9005.8772,0.027,0.2195,35.64,4.11,,1,0,Simbad,83.85044,-68.81782,,22.669,21.331,20.696,,0.330,0.242,0.210,0
0.218764,83.863375,-67.9620278,LMC,OGLE-LMC-HB-0343,MS,05 35 27.21,-67 57 43.3,LMC518.02.2736,OGLE-LMC-ECL-35797,16.577,16.634,5.17029561,9001.2147,0.029,0.1669,89.02,103.19,,1,1,Simbad,83.86328,-67.96198,16.116,16.625,16.647,16.678,0.069,0.015,0.016,0.041,10
3.817692,83.863375,-67.9620278,LMC,OGLE-LMC-HB-0343,MS,05 35 27.21,-67 57 43.3,LMC518.02.2736,OGLE-LMC-ECL-35797,16.577,16.634,5.17029561,9001.2147,0.029,0.1669,89.02,103.19,,1,1,Simbad,83.86541,-67.96129,,22.215,22.112,,,0.203,0.268,,0
0.086497,83.9060833,-69.2647778,LMC,OGLE-LMC-HB-0344,RG,05 35 37.46,-69 15 53.2,LMC517.02.22143,MACHO--82.9009.83,16.1,17.857,418.17095394,9359.5037,0.033,0.2816,70.03,33.59,,1,0,Simbad,83.90602,-69.26479,,19.170,17.401,15.691,,0.051,0.070,0.050,0
2.277649,83.9060833,-69.2647778,LMC,OGLE-LMC-HB-0344,RG,05 35 37.46,-69 15 53.2,LMC517.02.22143,MACHO--82.9009.83,16.1,17.857,418.17095394,9359.5037,0.033,0.2816,70.03,33.59,,1,0,Simbad,83.90601,-69.26541,19.567,19.353,19.252,18.676,0.364,0.074,0.161,0.127,10
2.724097,83.9060833,-69.2647778,LMC,OGLE-LMC-HB-0344,RG,05 35 37.46,-69 15 53.2,LMC517.02.22143,MACHO--82.9009.83,16.1,17.857,418.17095394,9359.5037,0.033,0.2816,70.03,33.59,,1,0,Simbad,83.90763,-69.26530,,20.839,20.188,,,0.136,0.116,,0
3.437296,83.9060833,-69.2647778,LMC,OGLE-LMC-HB-0344,RG,05 35 37.46,-69 15 53.2,LMC517.02.22143,MACHO--82.9009.83,16.1,17.857,418.17095394,9359.5037,0.033,0.2816,70.03,33.59,,1,0,Simbad,83.90652,-69.26572,19.523,19.688,19.613,,0.139,0.097,0.132,,0
0.164967,83.9805,-70.4798056,LMC,OGLE-LMC-HB-0345,RG,05 35 55.32,-70 28 47.3,LMC516.02.39017,,15.649,17.472,324.90058429,9139.5854,0.042,0.1254,57.85,150.55,,1,0,Simbad,83.98052,-70.47976,19.919,18.671,16.569,15.177,0.164,0.067,0.063,0.055,20
3.009729,83.9805,-70.4798056,LMC,OGLE-LMC-HB-0345,RG,05 35 55.32,-70 28 47.3,LMC516.02.39017,,15.649,17.472,324.90058429,9139.5854,0.042,0.1254,57.85,150.55,,1,0,Simbad,83.97828,-70.47942,,19.904,19.671,,,0.086,0.161,,0
4.057888,83.9805,-70.4798056,LMC,OGLE-LMC-HB-0345,RG,05 35 55.32,-70 28 47.3,LMC516.02.39017,,15.649,17.472,324.90058429,9139.5854,0.042,0.1254,57.85,150.55,,1,0,Simbad,83.98068,-70.47868,20.155,18.665,17.298,16.028,0.205,0.053,0.059,0.227,0
4.102059,83.9805,-70.4798056,LMC,OGLE-LMC-HB-0345,RG,05 35 55.32,-70 28 47.3,LMC516.02.39017,,15.649,17.472,324.90058429,9139.5854,0.042,0.1254,57.85,150.55,,1,0,Simbad,83.98383,-70.47956,,22.498,21.448,,,0.415,0.247,,0
4.216662,83.9805,-70.4798056,LMC,OGLE-LMC-HB-0345,RG,05 35 55.32,-70 28 47.3,LMC516.02.39017,,15.649,17.472,324.90058429,9139.5854,0.042,0.1254,57.85,150.55,,1,0,Simbad,83.98296,-70.48064,19.535,20.009,19.871,19.128,0.136,0.072,0.206,0.121,0
4.873817,83.9805,-70.4798056,LMC,OGLE-LMC-HB-0345,RG,05 35 55.32,-70 28 47.3,LMC516.02.39017,,15.649,17.472,324.90058429,9139.5854,0.042,0.1254,57.85,150.55,,1,0,Simbad,83.98352,-70.48071,,20.424,19.918,19.255,,0.243,0.207,0.118,0
0.272424,84.002,-69.4905556,LMC,OGLE-LMC-HB-0346,MS,05 36 00.48,-69 29 26.0,LMC516.27.38569,MACHO--81.9006.10,14.548,14.561,20.40130101,9013.5908,0.026,0.4711,56.38,64.19,,1,0,Simbad,84.00200,-69.49048,13.529,14.188,14.137,14.241,0.034,0.030,0.044,0.039,10
4.707329,84.002,-69.4905556,LMC,OGLE-LMC-HB-0346,MS,05 36 00.48,-69 29 26.0,LMC516.27.38569,MACHO--81.9006.10,14.548,14.561,20.40130101,9013.5908,0.026,0.4711,56.38,64.19,,1,0,Simbad,84.00492,-69.49137,19.685,20.182,19.261,17.875,0.188,0.074,0.162,0.046,20
0.362271,84.0040417,-69.7075278,LMC,OGLE-LMC-HB-0347,MS,05 36 00.97,-69 42 27.1,LMC516.19.56963,OGLE-LMC-ECL-20218,14.637,14.467,7.657656,9000.6905,0.064,0.6786,89.14,95.43,ECL,0,1,Simbad,84.00411,-69.70743,13.114,13.988,14.086,14.288,0.023,0.036,0.040,0.046,10
4.188378,84.0040417,-69.7075278,LMC,OGLE-LMC-HB-0347,MS,05 36 00.97,-69 42 27.1,LMC516.19.56963,OGLE-LMC-ECL-20218,14.637,14.467,7.657656,9000.6905,0.064,0.6786,89.14,95.43,ECL,0,1,Simbad,84.00459,-69.70638,,21.017,20.227,,,0.276,0.332,,0
0.152147,84.0559583,-68.9289722,LMC,OGLE-LMC-HB-0348,MS,05 36 13.43,-68 55 44.3,LMC517.10.23,MCPS-084.05595-68.92893,14.412,14.338,8.67916557,9000.5284,0.015,0.338,24.76,40.25,,1,0,Simbad,84.05595,-68.92893,13.092,13.894,13.990,14.204,0.022,0.075,0.023,0.038,10
0.283599,84.065875,-69.5627778,LMC,OGLE-LMC-HB-0349,RG,05 36 15.81,-69 33 46.0,LMC516.27.31496,,16.288,17.928,594.318849,9381.392,0.034,0.5269,62.8,24.15,,1,0,Simbad,84.06576,-69.56271,,18.951,17.382,15.901,,0.043,0.051,0.042,0
2.244774,84.065875,-69.5627778,LMC,OGLE-LMC-HB-0349,RG,05 36 15.81,-69 33 46.0,LMC516.27.31496,,16.288,17.928,594.318849,9381.392,0.034,0.5269,62.8,24.15,,1,0,Simbad,84.06721,-69.56319,20.063,19.472,18.696,17.931,0.204,0.058,0.062,0.085,20
4.255796,84.065875,-69.5627778,LMC,OGLE-LMC-HB-0349,RG,05 36 15.81,-69 33 46.0,LMC516.27.31496,,16.288,17.928,594.318849,9381.392,0.034,0.5269,62.8,24.15,,1,0,Simbad,84.06631,-69.56395,20.340,20.201,19.379,18.731,0.253,0.099,0.074,0.066,10
0.456377,84.1075417,-69.4867222,LMC,OGLE-LMC-HB-0350,MS,05 36 25.81,-69 29 12.2,LMC516.27.38572,,14.713,14.645,4.95038812,9001.2363,0.019,0.3054,40.21,117.99,TEO,1,0,Simbad,84.10745,-69.48660,13.352,14.179,14.093,14.457,0.036,0.030,0.050,0.042,10
3.807669,84.1075417,-69.4867222,LMC,OGLE-LMC-HB-0350,MS,05 36 25.81,-69 29 12.2,LMC516.27.38572,,14.713,14.645,4.95038812,9001.2363,0.019,0.3054,40.21,117.99,TEO,1,0,Simbad,84.10683,-69.48775,11.923,12.944,13.016,13.456,0.010,0.010,0.010,0.042,11
4.300171,84.1075417,-69.4867222,LMC,OGLE-LMC-HB-0350,MS,05 36 25.81,-69 29 12.2,LMC516.27.38572,,14.713,14.645,4.95038812,9001.2363,0.019,0.3054,40.21,117.99,TEO,1,0,Simbad,84.10803,-69.48554,,19.340,19.750,,,0.128,0.303,,0
4.918735,84.1075417,-69.4867222,LMC,OGLE-LMC-HB-0350,MS,05 36 25.81,-69 29 12.2,LMC516.27.38572,,14.713,14.645,4.95038812,9001.2363,0.019,0.3054,40.21,117.99,TEO,1,0,Simbad,84.11107,-69.48730,20.004,19.476,18.699,17.498,0.179,0.090,0.163,0.051,10
0.277720,84.190125,-70.0283889,LMC,OGLE-LMC-HB-0351,RG,05 36 45.63,-70 01 42.2,LMC516.10.24687,,15.613,17.273,316.55436033,9290.9309,0.054,0.3264,55.31,162.39,TEO,1,0,Simbad,84.18993,-70.02835,20.719,18.483,16.802,15.277,0.256,0.040,0.046,0.038,10
3.172168,84.190125,-70.0283889,LMC,OGLE-LMC-HB-0351,RG,05 36 45.63,-70 01 42.2,LMC516.10.24687,,15.613,17.273,316.55436033,9290.9309,0.054,0.3264,55.31,162.39,TEO,1,0,Simbad,84.18788,-70.02882,20.686,20.802,19.631,,0.353,0.084,0.375,,0
3.278303,84.190125,-70.0283889,LMC,OGLE-LMC-HB-0351,RG,05 36 45.63,-70 01 42.2,LMC516.10.24687,,15.613,17.273,316.55436033,9290.9309,0.054,0.3264,55.31,162.39,TEO,1,0,Simbad,84.19258,-70.02874,20.433,20.660,20.038,20.580,0.180,0.095,0.134,0.303,0
4.539663,84.190125,-70.0283889,LMC,OGLE-LMC-HB-0351,RG,05 36 45.63,-70 01 42.2,LMC516.10.24687,,15.613,17.273,316.55436033,9290.9309,0.054,0.3264,55.31,162.39,TEO,1,0,Simbad,84.19117,-70.02718,20.293,20.104,19.585,19.491,0.181,0.063,0.095,0.130,10
0.289125,84.213375,-69.9439444,LMC,OGLE-LMC-HB-0352,RG,05 36 51.21,-69 56 38.2,LMC516.10.35566,,16.509,18.362,330.21060583,9328.668,0.045,0.221,58.84,59.03,,1,0,Simbad,84.21317,-69.94398,,19.582,17.916,16.155,,0.068,0.068,0.055,0
2.206889,84.213375,-69.9439444,LMC,OGLE-LMC-HB-0352,RG,05 36 51.21,-69 56 38.2,LMC516.10.35566,,16.509,18.362,330.21060583,9328.668,0.045,0.221,58.84,59.03,,1,0,Simbad,84.21251,-69.94448,,19.970,19.237,18.562,,0.089,0.133,0.109,0
3.663770,84.213375,-69.9439444,LMC,OGLE-LMC-HB-0352,RG,05 36 51.21,-69 56 38.2,LMC516.10.35566,,16.509,18.362,330.21060583,9328.668,0.045,0.221,58.84,59.03,,1,0,Simbad,84.21512,-69.94312,20.545,20.157,19.024,18.104,0.228,0.074,0.186,0.076,10
4.116295,84.213375,-69.9439444,LMC,OGLE-LMC-HB-0352,RG,05 36 51.21,-69 56 38.2,LMC516.10.35566,,16.509,18.362,330.21060583,9328.668,0.045,0.221,58.84,59.03,,1,0,Simbad,84.21133,-69.94304,,21.579,20.920,20.413,,0.166,0.196,0.192,0
4.485499,84.213375,-69.9439444,LMC,OGLE-LMC-HB-0352,RG,05 36 51.21,-69 56 38.2,LMC516.10.35566,,16.509,18.362,330.21060583,9328.668,0.045,0.221,58.84,59.03,,1,0,Simbad,84.20976,-69.94382,,21.874,21.606,20.237,,0.218,0.289,0.187,0
4.824040,84.213375,-69.9439444,LMC,OGLE-LMC-HB-0352,RG,05 36 51.21,-69 56 38.2,LMC516.10.35566,,16.509,18.362,330.21060583,9328.668,0.045,0.221,58.84,59.03,,1,0,Simbad,84.21708,-69.94437,20.680,20.001,19.694,19.655,0.176,0.077,0.076,0.135,10
0.164646,84.2134167,-69.9935278,LMC,OGLE-LMC-HB-0353,RG,05 36 51.22,-69 59 36.7,LMC516.10.24792,,16.021,17.877,663.71029203,9396.6682,0.059,0.5066,61.51,84.97,,1,0,Simbad,84.21328,-69.99352,20.467,19.019,17.343,15.635,0.221,0.056,0.038,0.036,10
3.009684,84.2134167,-69.9935278,LMC,OGLE-LMC-HB-0353,RG,05 36 51.22,-69 59 36.7,LMC516.10.24792,,16.021,17.877,663.71029203,9396.6682,0.059,0.5066,61.51,84.97,,1,0,Simbad,84.21238,-69.99277,,21.762,20.918,,,0.187,0.207,,0
3.343881,84.2134167,-69.9935278,LMC,OGLE-LMC-HB-0353,RG,05 36 51.22,-69 59 36.7,LMC516.10.24792,,16.021,17.877,663.71029203,9396.6682,0.059,0.5066,61.51,84.97,,1,0,Simbad,84.21479,-69.99433,,21.094,19.852,19.317,,0.157,0.078,0.110,0
3.577198,84.2134167,-69.9935278,LMC,OGLE-LMC-HB-0353,RG,05 36 51.22,-69 59 36.7,LMC516.10.24792,,16.021,17.877,663.71029203,9396.6682,0.059,0.5066,61.51,84.97,,1,0,Simbad,84.21060,-69.99377,20.240,20.512,20.074,,0.187,0.100,0.095,,0
3.769867,84.2134167,-69.9935278,LMC,OGLE-LMC-HB-0353,RG,05 36 51.22,-69 59 36.7,LMC516.10.24792,,16.021,17.877,663.71029203,9396.6682,0.059,0.5066,61.51,84.97,,1,0,Simbad,84.21504,-69.99264,19.623,19.390,18.337,17.644,0.106,0.079,0.070,0.066,10
3.982714,84.2134167,-69.9935278,LMC,OGLE-LMC-HB-0353,RG,05 36 51.22,-69 59 36.7,LMC516.10.24792,,16.021,17.877,663.71029203,9396.6682,0.059,0.5066,61.51,84.97,,1,0,Simbad,84.21023,-69.99335,,20.336,19.878,19.563,,0.093,0.085,0.110,0
0.451618,84.2552083,-68.4344167,LMC,OGLE-LMC-HB-0354,RG,05 37 01.25,-68 26 03.9,LMC517.18.33377,EROS2-star-lm022-4k-12751,15.493,17.033,418.90159704,9184.2913,0.032,0.2848,73.74,38.05,,1,0,Simbad,84.25553,-68.43437,19.786,18.266,16.773,15.236,0.087,0.038,0.031,0.042,10
3.028565,84.2552083,-68.4344167,LMC,OGLE-LMC-HB-0354,RG,05 37 01.25,-68 26 03.9,LMC517.18.33377,EROS2-star-lm022-4k-12751,15.493,17.033,418.90159704,9184.2913,0.032,0.2848,73.74,38.05,,1,0,Simbad,84.25747,-68.43430,19.867,19.473,18.576,17.689,0.094,0.046,0.060,0.058,10
4.244867,84.2552083,-68.4344167,LMC,OGLE-LMC-HB-0354,RG,05 37 01.25,-68 26 03.9,LMC517.18.33377,EROS2-star-lm022-4k-12751,15.493,17.033,418.90159704,9184.2913,0.032,0.2848,73.74,38.05,,1,0,Simbad,84.25500,-68.43324,,20.776,20.847,20.350,,0.113,0.145,0.176,0
0.177568,84.2555,-71.3566389,LMC,OGLE-LMC-HB-0355,RG,05 37 01.32,-71 21 23.9,LMC515.10.32701,OGLE-LMC-ECL-20686,15.898,17.613,364.88131046,9246.8072,0.047,0.2835,88.57,100.85,,1,1,Simbad,84.25540,-71.35660,,18.906,17.291,15.681,,0.033,0.024,0.028,0
3.143774,84.2555,-71.3566389,LMC,OGLE-LMC-HB-0355,RG,05 37 01.32,-71 21 23.9,LMC515.10.32701,OGLE-LMC-ECL-20686,15.898,17.613,364.88131046,9246.8072,0.047,0.2835,88.57,100.85,,1,1,Simbad,84.25782,-71.35710,,20.742,19.600,19.430,,0.301,0.061,0.081,0
4.912035,84.2555,-71.3566389,LMC,OGLE-LMC-HB-0355,RG,05 37 01.32,-71 21 23.9,LMC515.10.32701,OGLE-LMC-ECL-20686,15.898,17.613,364.88131046,9246.8072,0.047,0.2835,88.57,100.85,,1,1,Simbad,84.25934,-71.35604,,20.816,19.980,19.163,,0.121,0.126,0.102,0
0.148795,84.3538333,-69.3348611,LMC,OGLE-LMC-HB-0356,MS,05 37 24.92,-69 20 05.5,LMC516.26.41372,OGLE-LMC-ECL-20866,15.999,15.993,9.4977813,9008.466,0.009,0.5436,28.53,60.26,ECL,0,1,Simbad,84.35382,-69.33482,14.826,15.685,15.656,15.873,0.034,0.030,0.025,0.042,10
4.933312,84.3538333,-69.3348611,LMC,OGLE-LMC-HB-0356,MS,05 37 24.92,-69 20 05.5,LMC516.26.41372,OGLE-LMC-ECL-20866,15.999,15.993,9.4977813,9008.466,0.009,0.5436,28.53,60.26,ECL,0,1,Simbad,84.35614,-69.33376,,22.135,20.505,,,0.257,0.201,,0
0.202782,84.3880833,-69.8327778,LMC,OGLE-LMC-HB-0357,RG,05 37 33.14,-69 49 58.0,LMC516.18.37071,2MASS-J05373315-6949580,15.969,17.426,297.98203798,9072.5517,0.063,0.3071,67.39,157.77,,1,1,Simbad,84.38825,-69.83277,19.563,18.437,16.957,15.449,0.120,0.070,0.041,0.051,10
1.290208,84.3880833,-69.8327778,LMC,OGLE-LMC-HB-0357,RG,05 37 33.14,-69 49 58.0,LMC516.18.37071,2MASS-J05373315-6949580,15.969,17.426,297.98203798,9072.5517,0.063,0.3071,67.39,157.77,,1,1,Simbad,84.38895,-69.83258,,20.451,19.723,,,0.172,0.400,,0
2.855230,84.3880833,-69.8327778,LMC,OGLE-LMC-HB-0357,RG,05 37 33.14,-69 49 58.0,LMC516.18.37071,2MASS-J05373315-6949580,15.969,17.426,297.98203798,9072.5517,0.063,0.3071,67.39,157.77,,1,1,Simbad,84.38649,-69.83335,21.083,20.172,19.382,18.265,0.303,0.042,0.054,0.089,10
4.026626,84.3880833,-69.8327778,LMC,OGLE-LMC-HB-0357,RG,05 37 33.14,-69 49 58.0,LMC516.18.37071,2MASS-J05373315-6949580,15.969,17.426,297.98203798,9072.5517,0.063,0.3071,67.39,157.77,,1,1,Simbad,84.38484,-69.83275,19.788,19.512,18.763,17.967,0.135,0.047,0.040,0.065,10
4.178808,84.3880833,-69.8327778,LMC,OGLE-LMC-HB-0357,RG,05 37 33.14,-69 49 58.0,LMC516.18.37071,2MASS-J05373315-6949580,15.969,17.426,297.98203798,9072.5517,0.063,0.3071,67.39,157.77,,1,1,Simbad,84.38768,-69.83393,,21.197,20.806,20.137,,0.094,0.116,0.126,0
0.328690,84.3991667,-70.1211111,LMC,OGLE-LMC-HB-0358,RG,05 37 35.80,-70 07 16.0,LMC516.09.42864,,16.018,17.504,285.61169374,9160.3652,0.031,0.145,82.36,59.02,OSARG,1,0,Simbad,84.39911,-70.12120,20.054,18.467,16.993,15.681,0.200,0.050,0.083,0.036,10
3.727903,84.3991667,-70.1211111,LMC,OGLE-LMC-HB-0358,RG,05 37 35.80,-70 07 16.0,LMC516.09.42864,,16.018,17.504,285.61169374,9160.3652,0.031,0.145,82.36,59.02,OSARG,1,0,Simbad,84.40193,-70.12155,,20.053,19.471,18.452,,0.079,0.231,0.065,0
3.775440,84.3991667,-70.1211111,LMC,OGLE-LMC-HB-0358,RG,05 37 35.80,-70 07 16.0,LMC516.09.42864,,16.018,17.504,285.61169374,9160.3652,0.031,0.145,82.36,59.02,OSARG,1,0,Simbad,84.39832,-70.12212,,20.289,19.333,18.520,,0.097,0.099,0.465,0
4.668110,84.3991667,-70.1211111,LMC,OGLE-LMC-HB-0358,RG,05 37 35.80,-70 07 16.0,LMC516.09.42864,,16.018,17.504,285.61169374,9160.3652,0.031,0.145,82.36,59.02,OSARG,1,0,Simbad,84.39555,-70.12070,19.637,20.401,19.808,19.703,0.178,0.107,0.170,0.145,10
4.998367,84.3991667,-70.1211111,LMC,OGLE-LMC-HB-0358,RG,05 37 35.80,-70 07 16.0,LMC516.09.42864,,16.018,17.504,285.61169374,9160.3652,0.031,0.145,82.36,59.02,OSARG,1,0,Simbad,84.39981,-70.11974,20.401,20.145,19.697,20.145,0.227,0.106,0.120,0.254,0
0.116293,84.431,-70.7331667,LMC,OGLE-LMC-HB-0359,RG,05 37 43.44,-70 43 59.4,LMC515.27.7405,,16.011,17.578,348.21898749,9020.4473,0.022,0.2123,57.1,117.7,,1,0,Simbad,84.43106,-70.73314,,18.847,17.285,15.721,,0.045,0.036,0.031,0
2.095889,84.431,-70.7331667,LMC,OGLE-LMC-HB-0359,RG,05 37 43.44,-70 43 59.4,LMC515.27.7405,,16.011,17.578,348.21898749,9020.4473,0.022,0.2123,57.1,117.7,,1,0,Simbad,84.42937,-70.73294,20.368,18.883,17.642,16.315,0.155,0.042,0.073,0.041,10
2.833198,84.431,-70.7331667,LMC,OGLE-LMC-HB-0359,RG,05 37 43.44,-70 43 59.4,LMC515.27.7405,,16.011,17.578,348.21898749,9020.4473,0.022,0.2123,57.1,117.7,,1,0,Simbad,84.43165,-70.73241,20.253,20.146,20.024,20.626,0.165,0.065,0.087,0.291,0
3.221321,84.431,-70.7331667,LMC,OGLE-LMC-HB-0359,RG,05 37 43.44,-70 43 59.4,LMC515.27.7405,,16.011,17.578,348.21898749,9020.4473,0.022,0.2123,57.1,117.7,,1,0,Simbad,84.43085,-70.73406,19.047,19.213,19.198,19.230,0.069,0.044,0.077,0.081,10
4.055635,84.431,-70.7331667,LMC,OGLE-LMC-HB-0359,RG,05 37 43.44,-70 43 59.4,LMC515.27.7405,,16.011,17.578,348.21898749,9020.4473,0.022,0.2123,57.1,117.7,,1,0,Simbad,84.43439,-70.73302,21.514,20.387,19.249,18.296,0.363,0.074,0.038,0.053,10
4.386164,84.431,-70.7331667,LMC,OGLE-LMC-HB-0359,RG,05 37 43.44,-70 43 59.4,LMC515.27.7405,,16.011,17.578,348.21898749,9020.4473,0.022,0.2123,57.1,117.7,,1,0,Simbad,84.42906,-70.73213,,20.487,19.474,18.453,,0.436,0.063,0.068,0
0.280720,84.435375,-68.0332778,LMC,OGLE-LMC-HB-0360,RG,05 37 44.49,-68 01 59.8,LMC554.25.15,EROS2-star-lm022-2k-4629,14.614,16.399,694.27523509,9371.9587,0.129,0.4005,58.53,36.13,,0,0,Simbad,84.43536,-68.03320,19.502,17.740,16.084,14.352,0.226,0.033,0.018,0.039,10
4.761083,84.435375,-68.0332778,LMC,OGLE-LMC-HB-0360,RG,05 37 44.49,-68 01 59.8,LMC554.25.15,EROS2-star-lm022-2k-4629,14.614,16.399,694.27523509,9371.9587,0.129,0.4005,58.53,36.13,,0,0,Simbad,84.43413,-68.03204,,22.483,21.383,,,0.233,0.129,,0
0.142861,84.4630417,-69.5406389,LMC,OGLE-LMC-HB-0361,MS,05 37 51.13,-69 32 26.3,LMC516.26.20393,,16.987,17.545,62.61625729,9006.4099,0.058,0.4127,33.39,47.69,,1,0,Simbad,84.46302,-69.54060,17.465,17.624,17.119,16.732,0.062,0.035,0.046,0.042,10
4.703638,84.4630417,-69.5406389,LMC,OGLE-LMC-HB-0361,MS,05 37 51.13,-69 32 26.3,LMC516.26.20393,,16.987,17.545,62.61625729,9006.4099,0.058,0.4127,33.39,47.69,,1,0,Simbad,84.46150,-69.54183,,21.555,20.858,,,0.187,0.267,,0
0.104624,84.4837917,-69.60125,LMC,OGLE-LMC-HB-0362,RG,05 37 56.11,-69 36 04.5,,2MASS-J05375610-6936045,15.092,16.696,303.25043243,9011.2075,0.114,0.2573,63.35,175.62,,1,1,Simbad,84.48387,-69.60124,19.981,18.123,16.644,15.070,0.142,0.050,0.068,0.051,10
1.945048,84.4837917,-69.60125,LMC,OGLE-LMC-HB-0362,RG,05 37 56.11,-69 36 04.5,,2MASS-J05375610-6936045,15.092,16.696,303.25043243,9011.2075,0.114,0.2573,63.35,175.62,,1,1,Simbad,84.48522,-69.60146,20.980,21.847,20.750,,0.304,0.384,0.237,,0
2.097843,84.4837917,-69.60125,LMC,OGLE-LMC-HB-0362,RG,05 37 56.11,-69 36 04.5,,2MASS-J05375610-6936045,15.092,16.696,303.25043243,9011.2075,0.114,0.2573,63.35,175.62,,1,1,Simbad,84.48231,-69.60098,20.528,20.111,18.466,16.822,0.358,0.074,0.041,0.056,20
0.211941,84.5317083,-71.7481111,LMC,OGLE-LMC-HB-0363,RG,05 38 07.61,-71 44 53.2,LMC515.02.32,,16.203,17.716,284.51860102,9073.5025,0.045,0.3339,77.6,71.7,,1,0,Simbad,84.53162,-71.74806,20.209,18.758,17.457,15.941,0.219,0.039,0.028,0.035,10
3.012941,84.5317083,-71.7481111,LMC,OGLE-LMC-HB-0363,RG,05 38 07.61,-71 44 53.2,LMC515.02.32,,16.203,17.716,284.51860102,9073.5025,0.045,0.3339,77.6,71.7,,1,0,Simbad,84.53295,-71.74737,,20.410,19.598,18.806,,0.088,0.063,0.070,0
3.827878,84.5317083,-71.7481111,LMC,OGLE-LMC-HB-0363,RG,05 38 07.61,-71 44 53.2,LMC515.02.32,,16.203,17.716,284.51860102,9073.5025,0.045,0.3339,77.6,71.7,,1,0,Simbad,84.52984,-71.74900,20.887,21.847,21.222,,0.441,0.243,0.141,,0
4.467245,84.5317083,-71.7481111,LMC,OGLE-LMC-HB-0363,RG,05 38 07.61,-71 44 53.2,LMC515.02.32,,16.203,17.716,284.51860102,9073.5025,0.045,0.3339,77.6,71.7,,1,0,Simbad,84.53121,-71.74688,20.180,19.392,18.300,17.169,0.202,0.045,0.040,0.039,10
0.590556,84.547,-68.1756389,LMC,OGLE-LMC-HB-0364,RG,05 38 11.28,-68 10 32.3,LMC554.16.16216,,15.527,16.914,499.38185473,9458.5384,0.049,0.4484,63.93,169.67,OSARG,1,0,Simbad,84.54677,-68.17550,19.001,18.119,16.813,15.322,0.064,0.098,0.035,0.049,10
4.258456,84.547,-68.1756389,LMC,OGLE-LMC-HB-0364,RG,05 38 11.28,-68 10 32.3,LMC554.16.16216,,15.527,16.914,499.38185473,9458.5384,0.049,0.4484,63.93,169.67,OSARG,1,0,Simbad,84.54948,-68.17638,16.995,17.471,17.399,17.457,0.140,0.063,0.039,0.066,10
0.200912,84.6714583,-67.9685556,LMC,OGLE-LMC-HB-0366,RG,05 38 41.15,-67 58 06.8,LMC554.24.23,,13.991,15.295,657.84568968,9521.9243,0.017,0.229,61.73,155.97,ECL,0,0,Simbad,84.67144,-67.96850,16.339,16.150,14.977,13.806,0.059,0.015,0.083,0.140,10
3.005902,84.6714583,-67.9685556,LMC,OGLE-LMC-HB-0366,RG,05 38 41.15,-67 58 06.8,LMC554.24.23,,13.991,15.295,657.84568968,9521.9243,0.017,0.229,61.73,155.97,ECL,0,0,Simbad,84.67329,-67.96903,17.301,17.900,17.915,17.930,0.054,0.041,0.057,0.097,10
3.325528,84.6714583,-67.9685556,LMC,OGLE-LMC-HB-0366,RG,05 38 41.15,-67 58 06.8,LMC554.24.23,,13.991,15.295,657.84568968,9521.9243,0.017,0.229,61.73,155.97,ECL,0,0,Simbad,84.67389,-67.96841,,20.434,19.750,,,0.094,0.073,,0
3.879732,84.6714583,-67.9685556,LMC,OGLE-LMC-HB-0366,RG,05 38 41.15,-67 58 06.8,LMC554.24.23,,13.991,15.295,657.84568968,9521.9243,0.017,0.229,61.73,155.97,ECL,0,0,Simbad,84.67331,-67.96773,20.090,20.077,20.157,,0.128,0.062,0.074,,0
0.558416,84.6935417,-66.3718333,LMC,OGLE-LMC-HB-0367,MS,05 38 46.45,-66 22 18.6,LMC555.32.1920,,16.91,17.218,19.7310999,9000.0452,0.1,0.2056,57.0,56.08,ECL,0,0,Simbad,84.69369,-66.37169,16.482,16.851,16.797,16.510,0.040,0.046,0.029,0.027,10
3.390430,84.6935417,-66.3718333,LMC,OGLE-LMC-HB-0367,MS,05 38 46.45,-66 22 18.6,LMC555.32.1920,,16.91,17.218,19.7310999,9000.0452,0.1,0.2056,57.0,56.08,ECL,0,0,Simbad,84.69532,-66.37122,18.511,18.750,18.853,18.986,0.074,0.032,0.045,0.055,10
3.531294,84.6935417,-66.3718333,LMC,OGLE-LMC-HB-0367,MS,05 38 46.45,-66 22 18.6,LMC555.32.1920,,16.91,17.218,19.7310999,9000.0452,0.1,0.2056,57.0,56.08,ECL,0,0,Simbad,84.69168,-66.37247,,22.574,22.680,,,0.269,0.267,,0
4.840173,84.6935417,-66.3718333,LMC,OGLE-LMC-HB-0367,MS,05 38 46.45,-66 22 18.6,LMC555.32.1920,,16.91,17.218,19.7310999,9000.0452,0.1,0.2056,57.0,56.08,ECL,0,0,Simbad,84.69197,-66.37302,20.788,20.805,20.720,20.630,0.193,0.078,0.111,0.160,10
0.134813,84.8091667,-70.4312778,LMC,OGLE-LMC-HB-0368,RG,05 39 14.20,-70 25 52.6,LMC516.01.6188,,15.139,16.746,416.14526128,9024.8802,0.035,0.2621,42.16,0.56,OSARG,1,0,Simbad,84.80906,-70.43128,19.091,17.843,16.211,14.857,0.142,0.061,0.227,0.051,0
4.065339,84.8091667,-70.4312778,LMC,OGLE-LMC-HB-0368,RG,05 39 14.20,-70 25 52.6,LMC516.01.6188,,15.139,16.746,416.14526128,9024.8802,0.035,0.2621,42.16,0.56,OSARG,1,0,Simbad,84.80934,-70.43015,20.940,20.314,19.336,18.407,0.272,0.093,0.176,0.074,10
4.580659,84.8091667,-70.4312778,LMC,OGLE-LMC-HB-0368,RG,05 39 14.20,-70 25 52.6,LMC516.01.6188,,15.139,16.746,416.14526128,9024.8802,0.035,0.2621,42.16,0.56,OSARG,1,0,Simbad,84.81154,-70.43227,20.733,20.722,20.556,20.111,0.230,0.102,0.175,0.204,0
0.129007,84.8970833,-69.8099167,LMC,OGLE-LMC-HB-0369,RG,05 39 35.30,-69 48 35.7,LMC516.17.31929,,16.778,18.889,345.76868765,9283.6894,0.026,0.2036,64.6,46.95,,0,0,Simbad,84.89704,-69.80995,,19.817,18.491,16.056,,0.115,0.131,0.124,0
0.488948,84.9005,-71.0805278,LMC,OGLE-LMC-HB-0370,MS,05 39 36.12,-71 04 49.9,LMC515.18.80,OGLE-LMC-ECL-36738,15.865,15.861,3.90127226,9002.4217,0.018,0.3322,34.77,32.54,ECL,0,1,Simbad,84.90009,-71.08050,15.039,15.757,15.755,15.856,0.030,0.028,0.070,0.033,10
0.342189,84.92625,-69.7577778,LMC,OGLE-LMC-HB-0371,RG,05 39 42.30,-69 45 28.0,LMC553.07.44522,,13.99,15.536,616.42493806,9075.0379,0.036,0.1949,89.41,71.75,,1,0,Simbad,84.92615,-69.75769,16.508,16.476,15.343,13.683,0.053,0.031,0.036,0.051,20
4.754526,84.92625,-69.7577778,LMC,OGLE-LMC-HB-0371,RG,05 39 42.30,-69 45 28.0,LMC553.07.44522,,13.99,15.536,616.42493806,9075.0379,0.036,0.1949,89.41,71.75,,1,0,Simbad,84.92776,-69.75899,19.240,20.413,20.283,18.853,0.215,0.087,0.160,0.122,20
0.053433,84.9515,-70.4062778,LMC,OGLE-LMC-HB-0372,RG,05 39 48.36,-70 24 22.6,LMC552.25.7715,,15.79,17.493,338.78376275,9093.3451,0.057,0.1763,62.04,137.78,,1,0,Simbad,84.95152,-70.40629,,18.762,17.069,15.614,,0.073,0.080,0.046,0
1.259615,84.9515,-70.4062778,LMC,OGLE-LMC-HB-0372,RG,05 39 48.36,-70 24 22.6,LMC552.25.7715,,15.79,17.493,338.78376275,9093.3451,0.057,0.1763,62.04,137.78,,1,0,Simbad,84.95162,-70.40593,18.262,18.750,18.568,18.977,0.090,0.063,0.311,0.475,0
2.659825,84.9515,-70.4062778,LMC,OGLE-LMC-HB-0372,RG,05 39 48.36,-70 24 22.6,LMC552.25.7715,,15.79,17.493,338.78376275,9093.3451,0.057,0.1763,62.04,137.78,,1,0,Simbad,84.95326,-70.40672,20.047,20.298,20.343,,0.167,0.077,0.196,,0
3.121763,84.9515,-70.4062778,LMC,OGLE-LMC-HB-0372,RG,05 39 48.36,-70 24 22.6,LMC552.25.7715,,15.79,17.493,338.78376275,9093.3451,0.057,0.1763,62.04,137.78,,1,0,Simbad,84.94892,-70.40630,18.631,18.795,17.886,18.809,0.171,0.074,0.213,0.091,0
4.307628,84.9515,-70.4062778,LMC,OGLE-LMC-HB-0372,RG,05 39 48.36,-70 24 22.6,LMC552.25.7715,,15.79,17.493,338.78376275,9093.3451,0.057,0.1763,62.04,137.78,,1,0,Simbad,84.95392,-70.40540,20.063,20.272,20.183,,0.154,0.090,0.152,,0
0.028098,84.9860833,-70.8021944,LMC,OGLE-LMC-HB-0373,RG,05 39 56.66,-70 48 07.9,LMC552.16.64,,15.928,17.396,295.02734448,9034.2276,0.026,0.2511,58.3,25.29,,1,0,Simbad,84.98610,-70.80220,,18.366,17.209,15.767,,0.033,0.144,0.033,0
4.541677,84.9860833,-70.8021944,LMC,OGLE-LMC-HB-0373,RG,05 39 56.66,-70 48 07.9,LMC552.16.64,,15.928,17.396,295.02734448,9034.2276,0.026,0.2511,58.3,25.29,,1,0,Simbad,84.98278,-70.80155,,20.658,19.684,18.637,,0.078,0.046,0.049,0
4.479225,85.0127083,-70.3333333,LMC,OGLE-LMC-HB-0374,RG,05 40 03.05,-70 20 00.0,LMC552.25.18058,EROS2-star-lm003-7l-10520,15.269,16.955,326.95506312,9180.158,0.044,0.2423,60.78,134.47,,1,0,Simbad,85.01608,-70.33384,20.654,20.502,19.522,20.047,0.213,0.103,0.186,0.146,20
0.141906,85.0263333,-70.47225,LMC,OGLE-LMC-HB-0375,RG,05 40 06.32,-70 28 20.1,LMC552.25.43,,15.542,17.228,360.68484907,9108.7847,0.058,0.1364,62.52,61.82,,1,0,Simbad,85.02643,-70.47227,21.307,18.528,16.838,15.317,0.292,0.112,0.052,0.044,20
3.258511,85.0263333,-70.47225,LMC,OGLE-LMC-HB-0375,RG,05 40 06.32,-70 28 20.1,LMC552.25.43,,15.542,17.228,360.68484907,9108.7847,0.058,0.1364,62.52,61.82,,1,0,Simbad,85.02861,-70.47274,20.123,19.076,17.820,16.806,0.134,0.060,0.075,0.056,10
3.307261,85.0263333,-70.47225,LMC,OGLE-LMC-HB-0375,RG,05 40 06.32,-70 28 20.1,LMC552.25.43,,15.542,17.228,360.68484907,9108.7847,0.058,0.1364,62.52,61.82,,1,0,Simbad,85.02449,-70.47293,,19.820,18.555,18.093,,0.109,0.129,0.077,0
4.274423,85.0263333,-70.47225,LMC,OGLE-LMC-HB-0375,RG,05 40 06.32,-70 28 20.1,LMC552.25.43,,15.542,17.228,360.68484907,9108.7847,0.058,0.1364,62.52,61.82,,1,0,Simbad,85.02594,-70.47343,,21.050,20.386,19.903,,0.138,0.170,0.157,0
4.364230,85.0263333,-70.47225,LMC,OGLE-LMC-HB-0375,RG,05 40 06.32,-70 28 20.1,LMC552.25.43,,15.542,17.228,360.68484907,9108.7847,0.058,0.1364,62.52,61.82,,1,0,Simbad,85.02996,-70.47226,20.104,20.060,19.202,19.651,0.210,0.245,0.137,0.119,0
4.544590,85.0263333,-70.47225,LMC,OGLE-LMC-HB-0375,RG,05 40 06.32,-70 28 20.1,LMC552.25.43,,15.542,17.228,360.68484907,9108.7847,0.058,0.1364,62.52,61.82,,1,0,Simbad,85.02741,-70.47104,,19.986,19.014,18.609,,0.142,0.222,0.103,0
4.698341,85.0263333,-70.47225,LMC,OGLE-LMC-HB-0375,RG,05 40 06.32,-70 28 20.1,LMC552.25.43,,15.542,17.228,360.68484907,9108.7847,0.058,0.1364,62.52,61.82,,1,0,Simbad,85.02249,-70.47202,17.529,17.759,17.674,17.861,0.061,0.062,0.076,0.058,10
4.784960,85.0263333,-70.47225,LMC,OGLE-LMC-HB-0375,RG,05 40 06.32,-70 28 20.1,LMC552.25.43,,15.542,17.228,360.68484907,9108.7847,0.058,0.1364,62.52,61.82,,1,0,Simbad,85.03020,-70.47256,20.839,19.885,20.154,,0.253,0.106,0.131,,0
0.178852,85.0573333,-71.2975,LMC,OGLE-LMC-HB-0376,RG,05 40 13.76,-71 17 51.0,LMC515.09.5999,,15.264,16.673,588.07251821,9102.8008,0.049,0.5881,60.16,52.41,,1,0,Simbad,85.05743,-71.29746,18.890,17.764,16.402,15.046,0.070,0.033,0.022,0.028,10
0.420396,85.07125,-68.4026667,LMC,OGLE-LMC-HB-0377,RG,05 40 17.10,-68 24 09.6,LMC554.06.18905,OGLE-LMC-ECL-22065,16.013,17.405,508.80624446,9294.1749,0.058,0.4752,65.1,97.77,,1,1,Simbad,85.07124,-68.40255,20.132,18.576,17.192,15.763,0.108,0.038,0.023,0.048,10
2.376306,85.07125,-68.4026667,LMC,OGLE-LMC-HB-0377,RG,05 40 17.10,-68 24 09.6,LMC554.06.18905,OGLE-LMC-ECL-22065,16.013,17.405,508.80624446,9294.1749,0.058,0.4752,65.1,97.77,,1,1,Simbad,85.06948,-68.40255,17.779,18.252,18.286,18.303,0.049,0.034,0.038,0.059,10
3.578625,85.07125,-68.4026667,LMC,OGLE-LMC-HB-0377,RG,05 40 17.10,-68 24 09.6,LMC554.06.18905,OGLE-LMC-ECL-22065,16.013,17.405,508.80624446,9294.1749,0.058,0.4752,65.1,97.77,,1,1,Simbad,85.07361,-68.40315,,20.945,20.448,,,0.101,0.121,,0
0.128339,85.277125,-70.8805556,LMC,OGLE-LMC-HB-0378,RG,05 41 06.51,-70 52 50.0,LMC552.07.56476,OGLE-LMC-ECL-22398,15.825,17.219,309.21772555,9254.8152,0.062,0.4299,87.21,86.92,,1,1,Simbad,85.27713,-70.88052,19.706,18.329,16.945,15.608,0.090,0.038,0.027,0.030,10
2.267350,85.277125,-70.8805556,LMC,OGLE-LMC-HB-0378,RG,05 41 06.51,-70 52 50.0,LMC552.07.56476,OGLE-LMC-ECL-22398,15.825,17.219,309.21772555,9254.8152,0.062,0.4299,87.21,86.92,,1,1,Simbad,85.27839,-70.88103,20.657,21.026,20.635,20.475,0.301,0.183,0.120,0.213,0
3.174428,85.277125,-70.8805556,LMC,OGLE-LMC-HB-0378,RG,05 41 06.51,-70 52 50.0,LMC552.07.56476,OGLE-LMC-ECL-22398,15.825,17.219,309.21772555,9254.8152,0.062,0.4299,87.21,86.92,,1,1,Simbad,85.27981,-70.88052,,22.471,21.292,20.620,,0.341,0.157,0.149,0
3.566321,85.277125,-70.8805556,LMC,OGLE-LMC-HB-0378,RG,05 41 06.51,-70 52 50.0,LMC552.07.56476,OGLE-LMC-ECL-22398,15.825,17.219,309.21772555,9254.8152,0.062,0.4299,87.21,86.92,,1,1,Simbad,85.27743,-70.87957,,20.220,18.639,17.144,,0.082,0.038,0.060,0
4.610038,85.277125,-70.8805556,LMC,OGLE-LMC-HB-0378,RG,05 41 06.51,-70 52 50.0,LMC552.07.56476,OGLE-LMC-ECL-22398,15.825,17.219,309.21772555,9254.8152,0.062,0.4299,87.21,86.92,,1,1,Simbad,85.27868,-70.87938,20.542,20.947,20.567,20.457,0.204,0.110,0.154,0.263,0
0.090010,85.2875417,-70.95025,LMC,OGLE-LMC-HB-0379,RG,05 41 09.01,-70 57 00.9,LMC515.17.43858,,15.524,17.179,356.28369982,9059.1942,0.025,0.3315,42.38,22.12,,1,0,Simbad,85.28747,-70.95025,,18.497,16.886,15.365,,0.044,0.024,0.031,0
3.544607,85.2875417,-70.95025,LMC,OGLE-LMC-HB-0379,RG,05 41 09.01,-70 57 00.9,LMC515.17.43858,,15.524,17.179,356.28369982,9059.1942,0.025,0.3315,42.38,22.12,,1,0,Simbad,85.28834,-70.94930,21.170,20.994,20.728,,0.253,0.126,0.105,,0
3.987532,85.2875417,-70.95025,LMC,OGLE-LMC-HB-0379,RG,05 41 09.01,-70 57 00.9,LMC515.17.43858,,15.524,17.179,356.28369982,9059.1942,0.025,0.3315,42.38,22.12,,1,0,Simbad,85.29060,-70.94977,20.580,19.799,19.507,19.270,0.145,0.048,0.062,0.089,10
4.153765,85.2875417,-70.95025,LMC,OGLE-LMC-HB-0379,RG,05 41 09.01,-70 57 00.9,LMC515.17.43858,,15.524,17.179,356.28369982,9059.1942,0.025,0.3315,42.38,22.12,,1,0,Simbad,85.28647,-70.94915,,20.999,20.917,20.642,,0.121,0.103,0.229,0
4.334259,85.2875417,-70.95025,LMC,OGLE-LMC-HB-0379,RG,05 41 09.01,-70 57 00.9,LMC515.17.43858,,15.524,17.179,356.28369982,9059.1942,0.025,0.3315,42.38,22.12,,1,0,Simbad,85.28940,-70.95129,,19.441,18.821,18.472,,0.069,0.076,0.054,0
4.398315,85.2875417,-70.95025,LMC,OGLE-LMC-HB-0379,RG,05 41 09.01,-70 57 00.9,LMC515.17.43858,,15.524,17.179,356.28369982,9059.1942,0.025,0.3315,42.38,22.12,,1,0,Simbad,85.28454,-70.95098,,20.775,19.537,18.571,,0.081,0.050,0.053,0
0.160896,85.3570833,-70.5420278,LMC,OGLE-LMC-HB-0380,RG,05 41 25.70,-70 32 31.3,LMC552.15.56026,,15.733,17.398,460.59954214,9196.5427,0.037,0.3008,65.39,142.14,,1,0,Simbad,85.35716,-70.54199,19.627,18.473,17.035,15.428,0.118,0.076,0.041,0.076,10
2.537328,85.3570833,-70.5420278,LMC,OGLE-LMC-HB-0380,RG,05 41 25.70,-70 32 31.3,LMC552.15.56026,,15.733,17.398,460.59954214,9196.5427,0.037,0.3008,65.39,142.14,,1,0,Simbad,85.35911,-70.54182,,21.538,20.546,19.095,,0.190,0.172,0.101,0
3.087585,85.3570833,-70.5420278,LMC,OGLE-LMC-HB-0380,RG,05 41 25.70,-70 32 31.3,LMC552.15.56026,,15.733,17.398,460.59954214,9196.5427,0.037,0.3008,65.39,142.14,,1,0,Simbad,85.35525,-70.54263,,22.546,21.736,,,0.299,0.247,,0
3.669941,85.3570833,-70.5420278,LMC,OGLE-LMC-HB-0380,RG,05 41 25.70,-70 32 31.3,LMC552.15.56026,,15.733,17.398,460.59954214,9196.5427,0.037,0.3008,65.39,142.14,,1,0,Simbad,85.35964,-70.54147,18.150,18.461,18.256,18.273,0.067,0.099,0.073,0.398,0
4.223797,85.3570833,-70.5420278,LMC,OGLE-LMC-HB-0380,RG,05 41 25.70,-70 32 31.3,LMC552.15.56026,,15.733,17.398,460.59954214,9196.5427,0.037,0.3008,65.39,142.14,,1,0,Simbad,85.35742,-70.54086,20.290,19.111,17.813,16.693,0.139,0.064,0.057,0.439,0
4.596937,85.3570833,-70.5420278,LMC,OGLE-LMC-HB-0380,RG,05 41 25.70,-70 32 31.3,LMC552.15.56026,,15.733,17.398,460.59954214,9196.5427,0.037,0.3008,65.39,142.14,,1,0,Simbad,85.35351,-70.54249,,20.820,19.764,19.105,,0.076,0.161,0.062,0
0.175535,85.4155833,-68.5396111,LMC,OGLE-LMC-HB-0381,RG,05 41 39.74,-68 32 22.6,LMC554.06.18700,,15.887,17.364,284.19851506,9198.5905,0.024,0.277,57.1,177.4,,1,0,Simbad,85.41565,-68.53957,19.838,18.496,17.092,15.624,0.092,0.036,0.034,0.023,10
1.111969,85.4155833,-68.5396111,LMC,OGLE-LMC-HB-0381,RG,05 41 39.74,-68 32 22.6,LMC554.06.18700,,15.887,17.364,284.19851506,9198.5905,0.024,0.277,57.1,177.4,,1,0,Simbad,85.41537,-68.53991,,21.010,20.314,,,0.221,0.304,,0
3.499527,85.4155833,-68.5396111,LMC,OGLE-LMC-HB-0381,RG,05 41 39.74,-68 32 22.6,LMC554.06.18700,,15.887,17.364,284.19851506,9198.5905,0.024,0.277,57.1,177.4,,1,0,Simbad,85.41411,-68.54042,,21.323,20.861,20.764,,0.086,0.073,0.193,0
3.831380,85.4155833,-68.5396111,LMC,OGLE-LMC-HB-0381,RG,05 41 39.74,-68 32 22.6,LMC554.06.18700,,15.887,17.364,284.19851506,9198.5905,0.024,0.277,57.1,177.4,,1,0,Simbad,85.41408,-68.53870,,21.407,20.964,,,0.097,0.076,,0
4.519267,85.4155833,-68.5396111,LMC,OGLE-LMC-HB-0381,RG,05 41 39.74,-68 32 22.6,LMC554.06.18700,,15.887,17.364,284.19851506,9198.5905,0.024,0.277,57.1,177.4,,1,0,Simbad,85.41842,-68.54032,19.683,19.590,19.155,18.834,0.118,0.044,0.044,0.048,10
0.407105,85.4214167,-71.0958333,LMC,OGLE-LMC-HB-0382,RG,05 41 41.14,-71 05 45.0,LMC515.17.63,MACHO--15.9949.27,15.733,17.551,362.20735972,9159.0246,0.063,0.2925,74.05,153.25,,1,0,Simbad,85.42107,-71.09582,20.357,18.972,17.229,15.535,0.232,0.048,0.033,0.035,10
2.713169,85.4214167,-71.0958333,LMC,OGLE-LMC-HB-0382,RG,05 41 41.14,-71 05 45.0,LMC515.17.63,MACHO--15.9949.27,15.733,17.551,362.20735972,9159.0246,0.063,0.2925,74.05,153.25,,1,0,Simbad,85.41919,-71.09561,,19.659,19.350,19.077,,0.055,0.063,0.091,0
4.131428,85.4214167,-71.0958333,LMC,OGLE-LMC-HB-0382,RG,05 41 41.14,-71 05 45.0,LMC515.17.63,MACHO--15.9949.27,15.733,17.551,362.20735972,9159.0246,0.063,0.2925,74.05,153.25,,1,0,Simbad,85.42461,-71.09633,20.622,20.222,19.835,19.381,0.265,0.142,0.102,0.122,10
4.553374,85.4214167,-71.0958333,LMC,OGLE-LMC-HB-0382,RG,05 41 41.14,-71 05 45.0,LMC515.17.63,MACHO--15.9949.27,15.733,17.551,362.20735972,9159.0246,0.063,0.2925,74.05,153.25,,1,0,Simbad,85.41752,-71.09579,18.303,18.619,17.926,16.913,0.070,0.039,0.032,0.157,20
4.843632,85.4214167,-71.0958333,LMC,OGLE-LMC-HB-0382,RG,05 41 41.14,-71 05 45.0,LMC515.17.63,MACHO--15.9949.27,15.733,17.551,362.20735972,9159.0246,0.063,0.2925,74.05,153.25,,1,0,Simbad,85.42334,-71.09464,19.116,20.656,20.480,20.334,0.183,0.114,0.077,0.303,0
0.219512,85.4577083,-68.7443333,LMC,OGLE-LMC-HB-0383,RG,05 41 49.85,-68 44 39.6,LMC553.31.34154,,16.932,18.351,184.73695002,9004.5844,0.019,0.2196,68.04,26.16,ECL,0,0,Simbad,85.45779,-68.74428,20.212,19.222,18.028,16.610,0.136,0.077,0.032,0.027,10
4.952968,85.4577083,-68.7443333,LMC,OGLE-LMC-HB-0383,RG,05 41 49.85,-68 44 39.6,LMC553.31.34154,,16.932,18.351,184.73695002,9004.5844,0.019,0.2196,68.04,26.16,ECL,0,0,Simbad,85.46134,-68.74394,,22.257,21.510,,,0.193,0.111,,0
0.047365,85.4921667,-70.0170833,LMC,OGLE-LMC-HB-0384,RG,05 41 58.12,-70 01 01.5,LMC552.32.15098,,16.794,18.234,218.75381747,9059.5547,0.066,0.296,67.02,160.35,,1,0,Simbad,85.49220,-70.01709,20.219,19.035,17.593,16.335,0.167,0.063,0.058,0.042,10
3.419755,85.4921667,-70.0170833,LMC,OGLE-LMC-HB-0384,RG,05 41 58.12,-70 01 01.5,LMC552.32.15098,,16.794,18.234,218.75381747,9059.5547,0.066,0.296,67.02,160.35,,1,0,Simbad,85.49170,-70.01802,,20.820,20.292,20.096,,0.097,0.112,0.151,0
3.879233,85.4921667,-70.0170833,LMC,OGLE-LMC-HB-0384,RG,05 41 58.12,-70 01 01.5,LMC552.32.15098,,16.794,18.234,218.75381747,9059.5547,0.066,0.296,67.02,160.35,,1,0,Simbad,85.49188,-70.01601,,21.354,20.089,19.185,,0.129,0.109,0.110,0
4.289712,85.4921667,-70.0170833,LMC,OGLE-LMC-HB-0384,RG,05 41 58.12,-70 01 01.5,LMC552.32.15098,,16.794,18.234,218.75381747,9059.5547,0.066,0.296,67.02,160.35,,1,0,Simbad,85.48911,-70.01651,,20.802,20.325,20.677,,0.106,0.113,0.272,0
4.299991,85.4921667,-70.0170833,LMC,OGLE-LMC-HB-0384,RG,05 41 58.12,-70 01 01.5,LMC552.32.15098,,16.794,18.234,218.75381747,9059.5547,0.066,0.296,67.02,160.35,,1,0,Simbad,85.48887,-70.01748,,22.801,21.637,,,0.530,0.259,,0
4.637598,85.4921667,-70.0170833,LMC,OGLE-LMC-HB-0384,RG,05 41 58.12,-70 01 01.5,LMC552.32.15098,,16.794,18.234,218.75381747,9059.5547,0.066,0.296,67.02,160.35,,1,0,Simbad,85.49455,-70.01808,19.979,19.964,19.743,,0.156,0.080,0.082,,0
0.254039,85.6200833,-67.5145833,LMC,OGLE-LMC-HB-0385,RG,05 42 28.82,-67 30 52.5,LMC554.30.12938,,14.618,16.215,698.60144372,9156.8138,0.094,0.4942,72.71,40.59,TEO,1,0,Simbad,85.62017,-67.51452,19.132,17.418,15.888,14.356,0.120,0.025,0.018,0.029,10
3.572800,85.6200833,-67.5145833,LMC,OGLE-LMC-HB-0385,RG,05 42 28.82,-67 30 52.5,LMC554.30.12938,,14.618,16.215,698.60144372,9156.8138,0.094,0.4942,72.71,40.59,TEO,1,0,Simbad,85.61755,-67.51436,20.950,21.572,21.242,,0.267,0.113,0.120,,0
4.124070,85.6200833,-67.5145833,LMC,OGLE-LMC-HB-0385,RG,05 42 28.82,-67 30 52.5,LMC554.30.12938,,14.618,16.215,698.60144372,9156.8138,0.094,0.4942,72.71,40.59,TEO,1,0,Simbad,85.62308,-67.51464,,19.688,19.660,19.647,,0.032,0.038,0.315,0
4.342927,85.6200833,-67.5145833,LMC,OGLE-LMC-HB-0385,RG,05 42 28.82,-67 30 52.5,LMC554.30.12938,,14.618,16.215,698.60144372,9156.8138,0.094,0.4942,72.71,40.59,TEO,1,0,Simbad,85.61852,-67.51563,20.449,20.389,20.202,19.917,0.143,0.051,0.064,0.096,10
0.164406,85.6405833,-68.2805556,LMC,OGLE-LMC-HB-0386,MS,05 42 33.74,-68 16 50.0,LMC554.13.168,OGLE-LMC-ECL-37269,16.446,16.361,2.78740707,9000.1131,0.03,0.1008,89.38,45.64,ECL,1,1,Simbad,85.64058,-68.28051,15.610,16.276,16.381,16.442,0.038,0.032,0.024,0.047,10
3.454051,85.6405833,-68.2805556,LMC,OGLE-LMC-HB-0386,MS,05 42 33.74,-68 16 50.0,LMC554.13.168,OGLE-LMC-ECL-37269,16.446,16.361,2.78740707,9000.1131,0.03,0.1008,89.38,45.64,ECL,1,1,Simbad,85.63805,-68.28036,20.220,19.918,19.098,18.126,0.171,0.061,0.333,0.053,0
0.443590,85.69425,-67.5606944,LMC,OGLE-LMC-HB-0387,RG,05 42 46.62,-67 33 38.5,LMC554.30.13039,,16.331,17.559,164.36595884,9044.3431,0.052,0.3222,64.52,117.33,,1,0,Simbad,85.69437,-67.56058,18.694,18.286,17.184,16.106,0.145,0.033,0.059,0.032,10
1.890453,85.69425,-67.5606944,LMC,OGLE-LMC-HB-0387,RG,05 42 46.62,-67 33 38.5,LMC554.30.13039,,16.331,17.559,164.36595884,9044.3431,0.052,0.3222,64.52,117.33,,1,0,Simbad,85.69432,-67.56017,19.567,19.355,19.061,18.357,0.125,0.065,0.070,0.097,10
4.613950,85.69425,-67.5606944,LMC,OGLE-LMC-HB-0387,RG,05 42 46.62,-67 33 38.5,LMC554.30.13039,,16.331,17.559,164.36595884,9044.3431,0.052,0.3222,64.52,117.33,,1,0,Simbad,85.69603,-67.56178,20.409,21.110,20.652,,0.246,0.099,0.107,,0
4.636002,85.69425,-67.5606944,LMC,OGLE-LMC-HB-0387,RG,05 42 46.62,-67 33 38.5,LMC554.30.13039,,16.331,17.559,164.36595884,9044.3431,0.052,0.3222,64.52,117.33,,1,0,Simbad,85.69611,-67.55962,20.949,20.409,19.976,19.840,0.272,0.071,0.103,0.094,10
4.640502,85.69425,-67.5606944,LMC,OGLE-LMC-HB-0387,RG,05 42 46.62,-67 33 38.5,LMC554.30.13039,,16.331,17.559,164.36595884,9044.3431,0.052,0.3222,64.52,117.33,,1,0,Simbad,85.69762,-67.56074,20.969,20.405,19.504,18.551,0.454,0.070,0.045,0.052,0
0.229359,85.6992917,-68.36675,LMC,OGLE-LMC-HB-0388,RG,05 42 47.83,-68 22 00.3,LMC554.13.40,OGLE-LMC-ECL-23069,15.303,16.944,429.26272559,9240.5194,0.074,0.3081,89.33,110.59,,1,1,Simbad,85.69935,-68.36669,20.121,18.370,16.828,15.142,0.104,0.032,0.024,0.044,10
0.461472,85.7797083,-68.15625,LMC,OGLE-LMC-HB-0389,MS,05 43 07.13,-68 09 22.5,LMC554.13.13473,,15.563,15.706,36.01955461,9025.226,0.164,0.1159,14.65,24.58,ECL,0,0,Simbad,85.77989,-68.15614,14.937,15.472,15.449,15.321,0.032,0.028,0.042,0.042,10
3.030284,85.7797083,-68.15625,LMC,OGLE-LMC-HB-0389,MS,05 43 07.13,-68 09 22.5,LMC554.13.13473,,15.563,15.706,36.01955461,9025.226,0.164,0.1159,14.65,24.58,ECL,0,0,Simbad,85.78130,-68.15685,,21.504,21.122,20.113,,0.164,0.200,0.162,0
3.681316,85.7797083,-68.15625,LMC,OGLE-LMC-HB-0389,MS,05 43 07.13,-68 09 22.5,LMC554.13.13473,,15.563,15.706,36.01955461,9025.226,0.164,0.1159,14.65,24.58,ECL,0,0,Simbad,85.77768,-68.15556,20.658,20.246,20.059,19.639,0.183,0.106,0.146,0.115,10
4.840453,85.7797083,-68.15625,LMC,OGLE-LMC-HB-0389,MS,05 43 07.13,-68 09 22.5,LMC554.13.13473,,15.563,15.706,36.01955461,9025.226,0.164,0.1159,14.65,24.58,ECL,0,0,Simbad,85.78000,-68.15759,,22.103,22.571,,,0.340,0.319,,0
0.184125,85.7872917,-70.8281389,LMC,OGLE-LMC-HB-0390,RG,05 43 08.95,-70 49 41.3,LMC552.14.36166,2MASS-J05430894-7049413,15.015,16.937,583.45275589,9327.9074,0.076,0.3499,64.81,116.83,OSARG,1,0,Simbad,85.78745,-70.82813,,18.463,16.610,14.851,,0.035,0.027,0.032,0
3.000596,85.7872917,-70.8281389,LMC,OGLE-LMC-HB-0390,RG,05 43 08.95,-70 49 41.3,LMC552.14.36166,2MASS-J05430894-7049413,15.015,16.937,583.45275589,9327.9074,0.076,0.3499,64.81,116.83,OSARG,1,0,Simbad,85.78476,-70.82808,,18.849,18.952,18.623,,0.049,0.082,0.069,0
4.856170,85.7872917,-70.8281389,LMC,OGLE-LMC-HB-0390,RG,05 43 08.95,-70 49 41.3,LMC552.14.36166,2MASS-J05430894-7049413,15.015,16.937,583.45275589,9327.9074,0.076,0.3499,64.81,116.83,OSARG,1,0,Simbad,85.79117,-70.82769,,21.878,21.500,,,0.230,0.242,,0
4.876635,85.7872917,-70.8281389,LMC,OGLE-LMC-HB-0390,RG,05 43 08.95,-70 49 41.3,LMC552.14.36166,2MASS-J05430894-7049413,15.015,16.937,583.45275589,9327.9074,0.076,0.3499,64.81,116.83,OSARG,1,0,Simbad,85.78638,-70.82946,21.666,20.653,20.355,19.825,0.436,0.080,0.165,0.123,0
0.449594,85.78925,-70.0955278,LMC,OGLE-LMC-HB-0391,RG,05 43 09.42,-70 05 43.9,LMC552.31.39707,2MASS-J05430942-7005439,15.182,16.884,530.57707804,9003.0018,0.105,0.3272,67.86,143.64,OSARG,1,0,Simbad,85.78958,-70.09547,19.666,18.109,16.501,14.777,0.132,0.054,0.070,0.043,10
1.128460,85.78925,-70.0955278,LMC,OGLE-LMC-HB-0391,RG,05 43 09.42,-70 05 43.9,LMC552.31.39707,2MASS-J05430942-7005439,15.182,16.884,530.57707804,9003.0018,0.105,0.3272,67.86,143.64,OSARG,1,0,Simbad,85.78901,-70.09583,18.521,18.921,18.475,,0.071,0.055,0.078,,0
3.518760,85.78925,-70.0955278,LMC,OGLE-LMC-HB-0391,RG,05 43 09.42,-70 05 43.9,LMC552.31.39707,2MASS-J05430942-7005439,15.182,16.884,530.57707804,9003.0018,0.105,0.3272,67.86,143.64,OSARG,1,0,Simbad,85.79035,-70.09643,19.011,19.013,18.538,18.276,0.091,0.039,0.089,0.069,10
4.937965,85.78925,-70.0955278,LMC,OGLE-LMC-HB-0391,RG,05 43 09.42,-70 05 43.9,LMC552.31.39707,2MASS-J05430942-7005439,15.182,16.884,530.57707804,9003.0018,0.105,0.3272,67.86,143.64,OSARG,1,0,Simbad,85.78635,-70.09648,,20.921,20.272,19.653,,0.128,0.165,0.156,0
0.363927,85.8307083,-69.1660833,LMC,OGLE-LMC-HB-0392,MS,05 43 19.37,-69 09 57.9,LMC553.22.22853,OGLE-LMC-ECL-23256,14.797,15.075,20.83300193,9016.6117,0.151,0.1282,88.46,79.28,,0,1,Simbad,85.83093,-69.16602,14.663,15.024,15.001,14.652,0.024,0.020,0.025,0.082,10
2.185486,85.8307083,-69.1660833,LMC,OGLE-LMC-HB-0392,MS,05 43 19.37,-69 09 57.9,LMC553.22.22853,OGLE-LMC-ECL-23256,14.797,15.075,20.83300193,9016.6117,0.151,0.1282,88.46,79.28,,0,1,Simbad,85.83242,-69.16609,17.048,16.257,15.091,13.899,0.064,0.036,0.027,0.050,10
0.140347,85.9709167,-68.8206389,LMC,OGLE-LMC-HB-0393,RG,05 43 53.02,-68 49 14.3,LMC553.30.22842,EROS2-star-lm022-7m-8797,15.318,16.97,463.23633971,9082.8006,0.067,0.3155,85.07,68.78,,1,0,Simbad,85.97093,-68.82060,19.698,18.145,16.633,15.022,0.096,0.060,0.038,0.030,10
1.165468,85.9709167,-68.8206389,LMC,OGLE-LMC-HB-0393,RG,05 43 53.02,-68 49 14.3,LMC553.30.22842,EROS2-star-lm022-7m-8797,15.318,16.97,463.23633971,9082.8006,0.067,0.3155,85.07,68.78,,1,0,Simbad,85.97006,-68.82055,,21.830,19.729,19.421,,0.328,0.183,0.438,0
3.975485,85.9709167,-68.8206389,LMC,OGLE-LMC-HB-0393,RG,05 43 53.02,-68 49 14.3,LMC553.30.22842,EROS2-star-lm022-7m-8797,15.318,16.97,463.23633971,9082.8006,0.067,0.3155,85.07,68.78,,1,0,Simbad,85.97007,-68.82170,,22.752,22.423,,,0.295,0.360,,0
4.180349,85.9709167,-68.8206389,LMC,OGLE-LMC-HB-0393,RG,05 43 53.02,-68 49 14.3,LMC553.30.22842,EROS2-star-lm022-7m-8797,15.318,16.97,463.23633971,9082.8006,0.067,0.3155,85.07,68.78,,1,0,Simbad,85.96980,-68.81955,,21.553,20.940,20.929,,0.139,0.134,0.269,0
0.144659,86.0431667,-67.8101667,LMC,OGLE-LMC-HB-0394,RG,05 44 10.36,-67 48 36.6,LMC554.21.11015,,13.736,15.124,841.19393376,9586.4151,0.019,0.3843,88.89,117.38,,1,0,Simbad,86.04321,-67.81013,17.522,16.299,14.924,13.566,0.104,0.023,0.077,0.037,10
3.095946,86.0431667,-67.8101667,LMC,OGLE-LMC-HB-0394,RG,05 44 10.36,-67 48 36.6,LMC554.21.11015,,13.736,15.124,841.19393376,9586.4151,0.019,0.3843,88.89,117.38,,1,0,Simbad,86.04102,-67.80988,19.063,19.017,18.881,18.695,0.070,0.037,0.072,0.139,10
0.240405,86.0505417,-68.8154167,LMC,OGLE-LMC-HB-0395,RG,05 44 12.13,-68 48 55.5,LMC553.30.7438,,16.175,17.851,292.03807609,9228.1754,0.035,0.2832,60.11,39.81,,1,0,Simbad,86.05053,-68.81535,20.733,19.237,17.647,15.960,0.271,0.048,0.071,0.096,10
2.465740,86.0505417,-68.8154167,LMC,OGLE-LMC-HB-0395,RG,05 44 12.13,-68 48 55.5,LMC553.30.7438,,16.175,17.851,292.03807609,9228.1754,0.035,0.2832,60.11,39.81,,1,0,Simbad,86.04933,-68.81489,,22.454,22.085,,,0.197,0.297,,0
4.049850,86.0505417,-68.8154167,LMC,OGLE-LMC-HB-0395,RG,05 44 12.13,-68 48 55.5,LMC553.30.7438,,16.175,17.851,292.03807609,9228.1754,0.035,0.2832,60.11,39.81,,1,0,Simbad,86.05351,-68.81575,20.899,20.869,20.363,20.026,0.295,0.088,0.090,0.111,10
4.507473,86.0505417,-68.8154167,LMC,OGLE-LMC-HB-0395,RG,05 44 12.13,-68 48 55.5,LMC553.30.7438,,16.175,17.851,292.03807609,9228.1754,0.035,0.2832,60.11,39.81,,1,0,Simbad,86.05128,-68.81664,,23.120,22.137,,,0.382,0.241,,0
4.604852,86.0505417,-68.8154167,LMC,OGLE-LMC-HB-0395,RG,05 44 12.13,-68 48 55.5,LMC553.30.7438,,16.175,17.851,292.03807609,9228.1754,0.035,0.2832,60.11,39.81,,1,0,Simbad,86.05005,-68.81415,20.800,21.661,21.184,20.667,0.197,0.156,0.137,0.240,0
0.119600,86.0857917,-70.9411389,LMC,OGLE-LMC-HB-0396,RG,05 44 20.59,-70 56 28.1,,,16.036,17.712,208.67614159,9081.5139,0.037,0.123,46.86,5.21,,1,0,Simbad,86.08569,-70.94114,,19.244,17.724,16.080,,0.071,0.051,0.037,0
2.893582,86.0857917,-70.9411389,LMC,OGLE-LMC-HB-0396,RG,05 44 20.59,-70 56 28.1,,,16.036,17.712,208.67614159,9081.5139,0.037,0.123,46.86,5.21,,1,0,Simbad,86.08507,-70.94037,20.056,19.449,19.458,19.297,0.128,0.057,0.052,0.111,10
4.158085,86.0857917,-70.9411389,LMC,OGLE-LMC-HB-0396,RG,05 44 20.59,-70 56 28.1,,,16.036,17.712,208.67614159,9081.5139,0.037,0.123,46.86,5.21,,1,0,Simbad,86.08228,-70.94129,,19.868,19.743,19.391,,0.104,0.154,0.095,0
0.481937,86.0873333,-67.06875,LMC,OGLE-LMC-HB-0397,MS,05 44 20.96,-67 04 07.5,LMC555.11.14764,OGLE-LMC-ECL-37569,15.409,15.497,28.7852619,9007.2587,0.028,0.1901,84.39,0.46,ECL,1,1,Simbad,86.08741,-67.06862,15.226,15.271,15.216,15.134,0.033,0.030,0.028,0.042,10
0.168080,86.1860833,-68.5155556,LMC,OGLE-LMC-HB-0398,RG,05 44 44.66,-68 30 56.0,LMC554.04.14860,EROS2-star-lm023-4k-24922,15.43,17.247,699.71718174,9029.9697,0.048,0.3491,53.66,76.48,OSARG,1,0,Simbad,86.18619,-68.51553,21.789,18.847,17.103,15.264,0.395,0.034,0.166,0.033,20
3.490657,86.1860833,-68.5155556,LMC,OGLE-LMC-HB-0398,RG,05 44 44.66,-68 30 56.0,LMC554.04.14860,EROS2-star-lm023-4k-24922,15.43,17.247,699.71718174,9029.9697,0.048,0.3491,53.66,76.48,OSARG,1,0,Simbad,86.18633,-68.51459,,21.616,21.261,20.780,,0.145,0.116,0.191,0
4.203532,86.1860833,-68.5155556,LMC,OGLE-LMC-HB-0398,RG,05 44 44.66,-68 30 56.0,LMC554.04.14860,EROS2-star-lm023-4k-24922,15.43,17.247,699.71718174,9029.9697,0.048,0.3491,53.66,76.48,OSARG,1,0,Simbad,86.18295,-68.51534,,20.354,19.362,18.337,,0.066,0.042,0.107,0
0.112210,86.201875,-70.1685,LMC,OGLE-LMC-HB-0399,RG,05 44 48.45,-70 10 06.6,LMC552.30.29333,,16.131,17.678,262.94803298,9084.6291,0.032,0.1363,60.88,16.52,,1,0,Simbad,86.20185,-70.16853,21.038,18.834,17.309,15.932,0.372,0.038,0.045,0.042,10
3.737994,86.201875,-70.1685,LMC,OGLE-LMC-HB-0399,RG,05 44 48.45,-70 10 06.6,LMC552.30.29333,,16.131,17.678,262.94803298,9084.6291,0.032,0.1363,60.88,16.52,,1,0,Simbad,86.19996,-70.16769,20.128,20.795,19.922,19.034,0.194,0.086,0.280,0.080,0
4.637830,86.201875,-70.1685,LMC,OGLE-LMC-HB-0399,RG,05 44 48.45,-70 10 06.6,LMC552.30.29333,,16.131,17.678,262.94803298,9084.6291,0.032,0.1363,60.88,16.52,,1,0,Simbad,86.20145,-70.16722,20.348,20.095,19.282,18.599,0.246,0.062,0.053,0.071,10
4.846430,86.201875,-70.1685,LMC,OGLE-LMC-HB-0399,RG,05 44 48.45,-70 10 06.6,LMC552.30.29333,,16.131,17.678,262.94803298,9084.6291,0.032,0.1363,60.88,16.52,,1,0,Simbad,86.19840,-70.16785,,22.137,21.132,,,0.482,0.191,,0
0.239401,86.2447083,-69.3638333,LMC,OGLE-LMC-HB-0400,RG,05 44 58.73,-69 21 49.8,LMC553.12.28519,,16.743,19.455,423.43634265,9345.9791,0.074,0.1864,53.0,15.68,OSARG,1,0,Simbad,86.24488,-69.36381,,21.562,19.286,16.533,,0.116,0.065,0.048,0
2.419946,86.2447083,-69.3638333,LMC,OGLE-LMC-HB-0400,RG,05 44 58.73,-69 21 49.8,LMC553.12.28519,,16.743,19.455,423.43634265,9345.9791,0.074,0.1864,53.0,15.68,OSARG,1,0,Simbad,86.24621,-69.36425,20.160,20.478,19.931,19.375,0.191,0.065,0.084,0.084,10
3.146392,86.2447083,-69.3638333,LMC,OGLE-LMC-HB-0400,RG,05 44 58.73,-69 21 49.8,LMC553.12.28519,,16.743,19.455,423.43634265,9345.9791,0.074,0.1864,53.0,15.68,OSARG,1,0,Simbad,86.24510,-69.36297,,21.571,20.849,19.606,,0.133,0.090,0.089,0
3.309126,86.2447083,-69.3638333,LMC,OGLE-LMC-HB-0400,RG,05 44 58.73,-69 21 49.8,LMC553.12.28519,,16.743,19.455,423.43634265,9345.9791,0.074,0.1864,53.0,15.68,OSARG,1,0,Simbad,86.24213,-69.36396,,22.346,21.654,21.373,,0.201,0.174,0.267,0
4.184925,86.2447083,-69.3638333,LMC,OGLE-LMC-HB-0400,RG,05 44 58.73,-69 21 49.8,LMC553.12.28519,,16.743,19.455,423.43634265,9345.9791,0.074,0.1864,53.0,15.68,OSARG,1,0,Simbad,86.24290,-69.36286,,21.743,21.459,20.748,,0.158,0.139,0.179,0
0.164889,86.259375,-70.7943333,LMC,OGLE-LMC-HB-0401,RG,05 45 02.25,-70 47 39.6,LMC552.13.35311,OGLE-LMC-ECL-23706,15.666,17.425,458.06741793,9169.0948,0.046,0.3383,67.86,103.95,,1,1,Simbad,86.25942,-70.79429,,18.396,16.988,15.405,,0.045,0.036,0.033,0
2.642960,86.259375,-70.7943333,LMC,OGLE-LMC-HB-0401,RG,05 45 02.25,-70 47 39.6,LMC552.13.35311,OGLE-LMC-ECL-23706,15.666,17.425,458.06741793,9169.0948,0.046,0.3383,67.86,103.95,,1,1,Simbad,86.26158,-70.79422,19.447,18.997,18.832,18.922,0.096,0.059,0.083,0.085,10
4.220378,86.259375,-70.7943333,LMC,OGLE-LMC-HB-0401,RG,05 45 02.25,-70 47 39.6,LMC552.13.35311,OGLE-LMC-ECL-23706,15.666,17.425,458.06741793,9169.0948,0.046,0.3383,67.86,103.95,,1,1,Simbad,86.25835,-70.79321,,21.710,21.163,20.718,,0.341,0.194,0.331,0
0.294933,86.30575,-69.5000556,LMC,OGLE-LMC-HB-0402,RG,05 45 13.38,-69 30 00.2,LMC553.12.19741,,15.739,17.331,473.69491199,9147.3192,0.073,0.4035,89.62,34.87,,1,0,Simbad,86.30589,-69.49999,20.390,18.660,17.088,15.538,0.182,0.055,0.035,0.037,10
1.771180,86.30575,-69.5000556,LMC,OGLE-LMC-HB-0402,RG,05 45 13.38,-69 30 00.2,LMC553.12.19741,,15.739,17.331,473.69491199,9147.3192,0.073,0.4035,89.62,34.87,,1,0,Simbad,86.30655,-69.50046,,22.623,21.746,,,0.286,0.315,,0
4.962135,86.30575,-69.5000556,LMC,OGLE-LMC-HB-0402,RG,05 45 13.38,-69 30 00.2,LMC553.12.19741,,15.739,17.331,473.69491199,9147.3192,0.073,0.4035,89.62,34.87,,1,0,Simbad,86.30276,-69.50095,,21.857,21.320,,,0.160,0.128,,0
0.286132,86.4705833,-69.1861944,LMC,OGLE-LMC-HB-0403,RG,05 45 52.94,-69 11 10.3,LMC553.21.3672,EROS2-star-lm004-0m-21495,15.213,16.968,610.81983021,9231.0289,0.047,0.3942,59.84,58.61,,1,0,Simbad,86.47078,-69.18616,,18.455,16.692,14.952,,0.053,0.045,0.041,0
3.881214,86.4705833,-69.1861944,LMC,OGLE-LMC-HB-0403,RG,05 45 52.94,-69 11 10.3,LMC553.21.3672,EROS2-star-lm004-0m-21495,15.213,16.968,610.81983021,9231.0289,0.047,0.3942,59.84,58.61,,1,0,Simbad,86.46795,-69.18673,,22.446,22.548,,,0.223,0.409,,0
4.837053,86.4705833,-69.1861944,LMC,OGLE-LMC-HB-0403,RG,05 45 52.94,-69 11 10.3,LMC553.21.3672,EROS2-star-lm004-0m-21495,15.213,16.968,610.81983021,9231.0289,0.047,0.3942,59.84,58.61,,1,0,Simbad,86.47099,-69.18753,20.806,22.209,21.525,20.499,0.446,0.215,0.178,0.201,0
0.217039,86.5067083,-67.5985,LMC,OGLE-LMC-HB-0404,MS,05 46 01.61,-67 35 54.6,LMC554.28.12723,"WISE_J054601.5-673554",14.291,14.538,17.27239709,9004.4555,0.132,0.2955,56.21,102.84,,1,0,Simbad,86.50673,-67.59844,13.620,14.439,14.336,14.234,0.021,0.029,0.017,0.034,10
2.451384,86.5067083,-67.5985,LMC,OGLE-LMC-HB-0404,MS,05 46 01.61,-67 35 54.6,LMC554.28.12723,"WISE_J054601.5-673554",14.291,14.538,17.27239709,9004.4555,0.132,0.2955,56.21,102.84,,1,0,Simbad,86.50822,-67.59814,,20.176,19.212,18.254,,0.184,0.173,0.090,0
0.304675,86.5112917,-70.6744722,LMC,OGLE-LMC-HB-0405,RG,05 46 02.71,-70 40 28.1,LMC552.13.18106,,16.039,17.689,512.27847417,9224.6652,0.049,0.483,69.19,150.16,,1,0,Simbad,86.51147,-70.67441,20.951,18.867,17.232,15.689,0.215,0.037,0.030,0.038,10
3.173546,86.5112917,-70.6744722,LMC,OGLE-LMC-HB-0405,RG,05 46 02.71,-70 40 28.1,LMC552.13.18106,,16.039,17.689,512.27847417,9224.6652,0.049,0.483,69.19,150.16,,1,0,Simbad,86.51380,-70.67418,,21.364,21.606,21.020,,0.141,0.180,0.278,0
3.278353,86.5112917,-70.6744722,LMC,OGLE-LMC-HB-0405,RG,05 46 02.71,-70 40 28.1,LMC552.13.18106,,16.039,17.689,512.27847417,9224.6652,0.049,0.483,69.19,150.16,,1,0,Simbad,86.50956,-70.67518,,21.674,21.305,20.914,,0.159,0.160,0.221,0
4.487286,86.5112917,-70.6744722,LMC,OGLE-LMC-HB-0405,RG,05 46 02.71,-70 40 28.1,LMC552.13.18106,,16.039,17.689,512.27847417,9224.6652,0.049,0.483,69.19,150.16,,1,0,Simbad,86.50818,-70.67377,19.904,19.823,19.530,19.496,0.120,0.150,0.053,0.082,10
0.152881,86.5204167,-67.6307222,LMC,OGLE-LMC-HB-0406,RG,05 46 04.90,-67 37 50.6,LMC554.28.105,,15.765,17.139,400.33522781,9154.7945,0.022,0.4105,49.52,11.18,,1,0,Simbad,86.52041,-67.63068,19.568,18.239,16.870,15.657,0.127,0.038,0.019,0.040,10
4.396894,86.5204167,-67.6307222,LMC,OGLE-LMC-HB-0406,RG,05 46 04.90,-67 37 50.6,LMC554.28.105,,15.765,17.139,400.33522781,9154.7945,0.022,0.4105,49.52,11.18,,1,0,Simbad,86.51817,-67.62985,,21.037,20.758,20.604,,0.110,0.095,0.212,0
0.272061,86.53675,-70.7121944,LMC,OGLE-LMC-HB-0407,RG,05 46 08.82,-70 42 43.9,LMC552.13.8359,MACHO--12.10681.24,15.343,17.079,609.38633822,9568.32,0.025,0.2833,52.87,81.31,,1,0,Simbad,86.53694,-70.71215,20.426,18.337,16.654,14.997,0.135,0.037,0.067,0.034,10
1.950653,86.53675,-70.7121944,LMC,OGLE-LMC-HB-0407,RG,05 46 08.82,-70 42 43.9,LMC552.13.8359,MACHO--12.10681.24,15.343,17.079,609.38633822,9568.32,0.025,0.2833,52.87,81.31,,1,0,Simbad,86.53538,-70.71249,,20.720,19.758,18.462,,0.087,0.105,0.227,0
2.809658,86.53675,-70.7121944,LMC,OGLE-LMC-HB-0407,RG,05 46 08.82,-70 42 43.9,LMC552.13.8359,MACHO--12.10681.24,15.343,17.079,609.38633822,9568.32,0.025,0.2833,52.87,81.31,,1,0,Simbad,86.53875,-70.71261,,20.100,20.106,20.599,,0.090,0.104,0.259,0
3.322295,86.53675,-70.7121944,LMC,OGLE-LMC-HB-0407,RG,05 46 08.82,-70 42 43.9,LMC552.13.8359,MACHO--12.10681.24,15.343,17.079,609.38633822,9568.32,0.025,0.2833,52.87,81.31,,1,0,Simbad,86.53929,-70.71181,18.377,18.486,18.413,18.591,0.053,0.108,0.144,0.071,10
4.176108,86.53675,-70.7121944,LMC,OGLE-LMC-HB-0407,RG,05 46 08.82,-70 42 43.9,LMC552.13.8359,MACHO--12.10681.24,15.343,17.079,609.38633822,9568.32,0.025,0.2833,52.87,81.31,,1,0,Simbad,86.53894,-70.71310,,19.535,18.276,17.015,,0.070,0.054,0.043,0
4.532015,86.53675,-70.7121944,LMC,OGLE-LMC-HB-0407,RG,05 46 08.82,-70 42 43.9,LMC552.13.8359,MACHO--12.10681.24,15.343,17.079,609.38633822,9568.32,0.025,0.2833,52.87,81.31,,1,0,Simbad,86.54050,-70.71241,,21.016,21.045,,,0.159,0.176,,0
4.573430,86.53675,-70.7121944,LMC,OGLE-LMC-HB-0407,RG,05 46 08.82,-70 42 43.9,LMC552.13.8359,MACHO--12.10681.24,15.343,17.079,609.38633822,9568.32,0.025,0.2833,52.87,81.31,,1,0,Simbad,86.53806,-70.71100,21.151,21.052,20.215,19.076,0.340,0.123,0.489,0.081,0
4.794921,86.53675,-70.7121944,LMC,OGLE-LMC-HB-0407,RG,05 46 08.82,-70 42 43.9,LMC552.13.8359,MACHO--12.10681.24,15.343,17.079,609.38633822,9568.32,0.025,0.2833,52.87,81.31,,1,0,Simbad,86.53284,-70.71252,20.935,22.100,20.772,,0.503,0.222,0.112,,0
0.301625,86.56425,-69.4478611,LMC,OGLE-LMC-HB-0408,MS,05 46 15.42,-69 26 52.3,LMC553.12.7753,OGLE-LMC-ECL-23999,15.24,15.894,114.025578,9032.2069,0.443,0.6753,75.08,64.61,ECL/MISC,0,1,Simbad,86.56431,-69.44778,16.269,16.304,15.792,15.136,0.041,0.032,0.028,0.045,10
3.135699,86.56425,-69.4478611,LMC,OGLE-LMC-HB-0408,MS,05 46 15.42,-69 26 52.3,LMC553.12.7753,OGLE-LMC-ECL-23999,15.24,15.894,114.025578,9032.2069,0.443,0.6753,75.08,64.61,ECL/MISC,0,1,Simbad,86.56177,-69.44780,,21.441,21.408,,,0.122,0.216,,0
4.158004,86.56425,-69.4478611,LMC,OGLE-LMC-HB-0408,MS,05 46 15.42,-69 26 52.3,LMC553.12.7753,OGLE-LMC-ECL-23999,15.24,15.894,114.025578,9032.2069,0.443,0.6753,75.08,64.61,ECL/MISC,0,1,Simbad,86.56584,-69.44685,,21.134,20.157,18.897,,0.102,0.083,0.065,0
0.341688,86.60125,-69.4776389,LMC,OGLE-LMC-HB-0409,RG,05 46 24.30,-69 28 39.5,LMC553.12.3693,,16.402,18.261,316.37339231,9001.5388,0.039,0.2628,57.35,105.08,,1,0,Simbad,86.60135,-69.47755,21.120,19.724,18.027,16.136,0.285,0.047,0.030,0.040,10
0.195979,86.6999167,-70.5849444,LMC,OGLE-LMC-HB-0410,MS,05 46 47.98,-70 35 05.8,LMC552.12.63744,OGLE-LMC-ECL-37938,16.959,17.453,34.05499353,9000.8452,0.171,0.1763,56.31,38.05,ECL,0,1,Simbad,86.69991,-70.58489,17.449,17.544,17.213,16.780,0.059,0.049,0.046,0.042,10
4.068142,86.6999167,-70.5849444,LMC,OGLE-LMC-HB-0410,MS,05 46 47.98,-70 35 05.8,LMC552.12.63744,OGLE-LMC-ECL-37938,16.959,17.453,34.05499353,9000.8452,0.171,0.1763,56.31,38.05,ECL,0,1,Simbad,86.70207,-70.58407,20.774,20.660,20.057,19.636,0.255,0.097,0.095,0.113,10
4.605711,86.6999167,-70.5849444,LMC,OGLE-LMC-HB-0410,MS,05 46 47.98,-70 35 05.8,LMC552.12.63744,OGLE-LMC-ECL-37938,16.959,17.453,34.05499353,9000.8452,0.171,0.1763,56.31,38.05,ECL,0,1,Simbad,86.70092,-70.58618,,21.167,20.619,19.632,,0.158,0.085,0.143,0
4.682049,86.6999167,-70.5849444,LMC,OGLE-LMC-HB-0410,MS,05 46 47.98,-70 35 05.8,LMC552.12.63744,OGLE-LMC-ECL-37938,16.959,17.453,34.05499353,9000.8452,0.171,0.1763,56.31,38.05,ECL,0,1,Simbad,86.69710,-70.58404,20.722,20.356,20.146,,0.200,0.116,0.148,,0
4.689252,86.6999167,-70.5849444,LMC,OGLE-LMC-HB-0410,MS,05 46 47.98,-70 35 05.8,LMC552.12.63744,OGLE-LMC-ECL-37938,16.959,17.453,34.05499353,9000.8452,0.171,0.1763,56.31,38.05,ECL,0,1,Simbad,86.69754,-70.58598,20.067,20.187,19.559,19.430,0.170,0.096,0.165,0.122,10
4.698453,86.6999167,-70.5849444,LMC,OGLE-LMC-HB-0410,MS,05 46 47.98,-70 35 05.8,LMC552.12.63744,OGLE-LMC-ECL-37938,16.959,17.453,34.05499353,9000.8452,0.171,0.1763,56.31,38.05,ECL,0,1,Simbad,86.70353,-70.58443,,21.431,21.183,20.703,,0.118,0.174,0.181,0
4.967904,86.6999167,-70.5849444,LMC,OGLE-LMC-HB-0410,MS,05 46 47.98,-70 35 05.8,LMC552.12.63744,OGLE-LMC-ECL-37938,16.959,17.453,34.05499353,9000.8452,0.171,0.1763,56.31,38.05,ECL,0,1,Simbad,86.69612,-70.58439,19.819,20.039,19.832,19.437,0.149,0.087,0.130,0.102,10
0.421976,86.81125,-71.1616111,LMC,OGLE-LMC-HB-0411,RG,05 47 14.70,-71 09 41.8,LMC551.30.18233,,15.472,17.226,413.8231623,9293.7678,0.032,0.199,74.66,162.53,,1,0,Simbad,86.81160,-71.16158,20.750,18.596,16.899,15.235,0.378,0.043,0.027,0.032,10
1.964977,86.81125,-71.1616111,LMC,OGLE-LMC-HB-0411,RG,05 47 14.70,-71 09 41.8,LMC551.30.18233,,15.472,17.226,413.8231623,9293.7678,0.032,0.199,74.66,162.53,,1,0,Simbad,86.81038,-71.16208,19.652,19.631,19.529,19.622,0.144,0.065,0.074,0.244,0
4.199297,86.81125,-71.1616111,LMC,OGLE-LMC-HB-0411,RG,05 47 14.70,-71 09 41.8,LMC551.30.18233,,15.472,17.226,413.8231623,9293.7678,0.032,0.199,74.66,162.53,,1,0,Simbad,86.81166,-71.16277,,21.223,21.156,21.114,,0.117,0.145,0.337,0
4.583120,86.81125,-71.1616111,LMC,OGLE-LMC-HB-0411,RG,05 47 14.70,-71 09 41.8,LMC551.30.18233,,15.472,17.226,413.8231623,9293.7678,0.032,0.199,74.66,162.53,,1,0,Simbad,86.80847,-71.16071,,22.772,22.318,,,0.339,0.347,,0
4.711404,86.81125,-71.1616111,LMC,OGLE-LMC-HB-0411,RG,05 47 14.70,-71 09 41.8,LMC551.30.18233,,15.472,17.226,413.8231623,9293.7678,0.032,0.199,74.66,162.53,,1,0,Simbad,86.80724,-71.16179,19.818,20.403,19.841,18.942,0.150,0.076,0.069,0.062,20
0.216060,86.9203333,-70.8046944,LMC,OGLE-LMC-HB-0412,RG,05 47 40.88,-70 48 16.9,LMC552.12.5,J054741.02-704815.4,14.218,15.9,625.77752775,9559.6111,0.088,0.294,55.09,169.95,ECL,0,0,Simbad,86.92050,-70.80467,18.034,17.123,15.655,13.995,0.052,0.034,0.021,0.040,10
4.250607,86.9203333,-70.8046944,LMC,OGLE-LMC-HB-0412,RG,05 47 40.88,-70 48 16.9,LMC552.12.5,J054741.02-704815.4,14.218,15.9,625.77752775,9559.6111,0.088,0.294,55.09,169.95,ECL,0,0,Simbad,86.91792,-70.80382,20.728,20.635,21.210,20.420,0.239,0.079,0.191,0.237,0
0.473028,86.9602083,-68.0065,LMC,OGLE-LMC-HB-0413,MS,05 47 50.45,-68 00 23.4,LMC554.19.17,OGLE-LMC-ECL-38101,14.116,14.021,9.17463663,9006.9397,0.045,0.2075,63.35,118.11,ECL,0,1,Simbad,86.96040,-68.00639,12.944,13.658,13.744,14.069,0.031,0.029,0.030,0.035,10
0.088005,87.058125,-71.3214444,LMC,OGLE-LMC-HB-0414,RG,05 48 13.95,-71 19 17.2,LMC551.29.26756,,15.471,17.038,326.81823294,9306.997,0.045,0.2342,63.98,8.88,,1,0,Simbad,87.05813,-71.32142,19.956,18.380,16.806,15.139,0.128,0.035,0.024,0.035,10
3.860848,87.058125,-71.3214444,LMC,OGLE-LMC-HB-0414,RG,05 48 13.95,-71 19 17.2,LMC551.29.26756,,15.471,17.038,326.81823294,9306.997,0.045,0.2342,63.98,8.88,,1,0,Simbad,87.05680,-71.32243,,22.037,20.034,19.100,,0.325,0.067,0.176,0
0.179322,87.41975,-69.7667778,LMC,OGLE-LMC-HB-0415,RG,05 49 40.74,-69 46 00.4,LMC553.02.10487,EROS2-star-lm004-5m-1120,14.576,15.901,199.79147325,9184.8865,0.032,0.3096,58.21,106.01,,1,0,Simbad,87.41979,-69.76673,17.713,16.944,15.710,14.437,0.077,0.026,0.023,0.039,10
2.334824,87.41975,-69.7667778,LMC,OGLE-LMC-HB-0415,RG,05 49 40.74,-69 46 00.4,LMC553.02.10487,EROS2-star-lm004-5m-1120,14.576,15.901,199.79147325,9184.8865,0.032,0.3096,58.21,106.01,,1,0,Simbad,87.42009,-69.76614,19.957,20.291,20.136,,0.148,0.101,0.119,,0
2.786313,87.41975,-69.7667778,LMC,OGLE-LMC-HB-0415,RG,05 49 40.74,-69 46 00.4,LMC553.02.10487,EROS2-star-lm004-5m-1120,14.576,15.901,199.79147325,9184.8865,0.032,0.3096,58.21,106.01,,1,0,Simbad,87.42184,-69.76705,20.382,20.696,20.733,,0.173,0.114,0.132,,0
3.407502,87.41975,-69.7667778,LMC,OGLE-LMC-HB-0415,RG,05 49 40.74,-69 46 00.4,LMC553.02.10487,EROS2-star-lm004-5m-1120,14.576,15.901,199.79147325,9184.8865,0.032,0.3096,58.21,106.01,,1,0,Simbad,87.42022,-69.76771,,20.818,19.947,18.795,,0.080,0.089,0.078,0
3.815767,87.41975,-69.7667778,LMC,OGLE-LMC-HB-0415,RG,05 49 40.74,-69 46 00.4,LMC553.02.10487,EROS2-star-lm004-5m-1120,14.576,15.901,199.79147325,9184.8865,0.032,0.3096,58.21,106.01,,1,0,Simbad,87.41750,-69.76606,,21.397,21.582,,,0.123,0.135,,0
0.369503,87.4242083,-69.9493611,LMC,OGLE-LMC-HB-0416,RG,05 49 41.81,-69 56 57.7,LMC552.28.19013,,15.256,17.006,588.1302439,9184.8712,0.06,0.4,58.84,100.37,TEO,1,0,Simbad,87.42426,-69.94926,,18.468,17.307,15.022,,0.033,0.351,0.036,0
2.479361,87.4242083,-69.9493611,LMC,OGLE-LMC-HB-0416,RG,05 49 41.81,-69 56 57.7,LMC552.28.19013,,15.256,17.006,588.1302439,9184.8712,0.06,0.4,58.84,100.37,TEO,1,0,Simbad,87.42268,-69.94981,19.979,20.030,19.244,18.279,0.143,0.061,0.055,0.067,10
3.942413,87.4242083,-69.9493611,LMC,OGLE-LMC-HB-0416,RG,05 49 41.81,-69 56 57.7,LMC552.28.19013,,15.256,17.006,588.1302439,9184.8712,0.06,0.4,58.84,100.37,TEO,1,0,Simbad,87.42564,-69.95034,20.602,20.787,20.324,,0.190,0.095,0.049,,0
4.175616,87.4242083,-69.9493611,LMC,OGLE-LMC-HB-0416,RG,05 49 41.81,-69 56 57.7,LMC552.28.19013,,15.256,17.006,588.1302439,9184.8712,0.06,0.4,58.84,100.37,TEO,1,0,Simbad,87.42714,-69.94994,20.574,20.223,19.188,18.122,0.189,0.065,0.034,0.058,10
0.412713,87.7129583,-69.9383611,LMC,OGLE-LMC-HB-0417,RG,05 50 51.11,-69 56 18.1,LMC552.27.14869,,15.706,17.321,598.88281822,9410.8223,0.043,0.4481,80.85,128.97,,1,0,Simbad,87.71304,-69.93825,20.223,18.675,17.092,15.492,0.175,0.034,0.022,0.036,10
4.150656,87.7129583,-69.9383611,LMC,OGLE-LMC-HB-0417,RG,05 50 51.11,-69 56 18.1,LMC552.27.14869,,15.706,17.321,598.88281822,9410.8223,0.043,0.4481,80.85,128.97,,1,0,Simbad,87.71490,-69.93742,,21.000,20.666,20.659,,0.089,0.102,0.198,0
4.498540,87.7129583,-69.9383611,LMC,OGLE-LMC-HB-0417,RG,05 50 51.11,-69 56 18.1,LMC552.27.14869,,15.706,17.321,598.88281822,9410.8223,0.043,0.4481,80.85,128.97,,1,0,Simbad,87.71011,-69.93758,20.240,20.541,20.158,19.656,0.175,0.105,0.064,0.125,10
0.116958,87.766875,-72.2615278,LMC,OGLE-LMC-HB-0418,RG,05 51 04.05,-72 15 41.5,LMC551.03.46,,15.681,17.22,351.98796161,9157.6155,0.05,0.2087,89.01,99.56,,1,0,Simbad,87.76689,-72.26156,,18.552,16.944,17.653,,0.033,0.023,0.092,0
2.811043,87.766875,-72.2615278,LMC,OGLE-LMC-HB-0418,RG,05 51 04.05,-72 15 41.5,LMC551.03.46,,15.681,17.22,351.98796161,9157.6155,0.05,0.2087,89.01,99.56,,1,0,Simbad,87.76435,-72.26167,,18.495,16.706,14.705,,0.033,0.187,0.030,0
0.215416,87.8114583,-69.2345278,LMC,OGLE-LMC-HB-0419,RG,05 51 14.75,-69 14 04.3,LMC553.18.123,,16.093,17.498,210.85309313,9038.8334,0.068,0.2987,50.69,21.2,,1,0,Simbad,87.81156,-69.23448,19.315,18.531,17.261,15.812,0.081,0.034,0.031,0.040,10
3.557052,87.8114583,-69.2345278,LMC,OGLE-LMC-HB-0419,RG,05 51 14.75,-69 14 04.3,LMC553.18.123,,16.093,17.498,210.85309313,9038.8334,0.068,0.2987,50.69,21.2,,1,0,Simbad,87.81153,-69.23354,,20.825,20.484,20.199,,0.067,0.094,0.119,0
3.952068,87.8114583,-69.2345278,LMC,OGLE-LMC-HB-0419,RG,05 51 14.75,-69 14 04.3,LMC553.18.123,,16.093,17.498,210.85309313,9038.8334,0.068,0.2987,50.69,21.2,,1,0,Simbad,87.81177,-69.23562,,23.054,22.364,21.344,,0.406,0.336,0.285,0
4.153759,87.8114583,-69.2345278,LMC,OGLE-LMC-HB-0419,RG,05 51 14.75,-69 14 04.3,LMC553.18.123,,16.093,17.498,210.85309313,9038.8334,0.068,0.2987,50.69,21.2,,1,0,Simbad,87.81457,-69.23486,,22.072,21.589,21.381,,0.176,0.159,0.285,0
0.200240,88.0520833,-68.1688889,LMC,OGLE-LMC-HB-0420,MS,05 52 12.50,-68 10 08.0,LMC561.32.7630,,14.658,14.489,12.20702374,9008.386,0.012,0.4009,36.46,91.54,,1,0,Simbad,88.05219,-68.16885,13.188,13.927,14.047,14.317,0.030,0.029,0.025,0.037,10
4.581243,88.0520833,-68.1688889,LMC,OGLE-LMC-HB-0420,MS,05 52 12.50,-68 10 08.0,LMC561.32.7630,,14.658,14.489,12.20702374,9008.386,0.012,0.4009,36.46,91.54,,1,0,Simbad,88.05505,-68.16952,17.926,18.318,18.165,18.569,0.064,0.053,0.122,0.101,10
0.191034,88.0851667,-71.4141111,LMC,OGLE-LMC-HB-0421,RG,05 52 20.44,-71 24 50.8,LMC551.27.11769,,15.445,17.096,547.09650708,9230.7646,0.022,0.2645,89.69,32.76,,1,0,Simbad,88.08528,-71.41415,20.448,18.505,16.873,15.215,0.151,0.045,0.027,0.037,10
3.513409,88.0851667,-71.4141111,LMC,OGLE-LMC-HB-0421,RG,05 52 20.44,-71 24 50.8,LMC551.27.11769,,15.445,17.096,547.09650708,9230.7646,0.022,0.2645,89.69,32.76,,1,0,Simbad,88.08486,-71.41314,21.239,20.740,19.696,18.662,0.316,0.076,0.049,0.085,10
4.811581,88.0851667,-71.4141111,LMC,OGLE-LMC-HB-0421,RG,05 52 20.44,-71 24 50.8,LMC551.27.11769,,15.445,17.096,547.09650708,9230.7646,0.022,0.2645,89.69,32.76,,1,0,Simbad,88.08098,-71.41415,19.943,19.537,19.322,19.031,0.092,0.063,0.070,0.084,10
0.216568,88.1349167,-69.4316944,LMC,OGLE-LMC-HB-0422,RG,05 52 32.38,-69 25 54.1,LMC553.08.20563,,14.718,16.163,386.72193657,9075.1871,0.053,0.2399,58.61,9.68,,0,0,Simbad,88.13499,-69.43164,18.297,17.325,16.101,14.630,0.068,0.038,0.032,0.044,10
2.853635,88.1349167,-69.4316944,LMC,OGLE-LMC-HB-0422,RG,05 52 32.38,-69 25 54.1,LMC553.08.20563,,14.718,16.163,386.72193657,9075.1871,0.053,0.2399,58.61,9.68,,0,0,Simbad,88.13443,-69.43092,,23.002,21.518,20.889,,0.471,0.192,0.296,0
4.924633,88.1349167,-69.4316944,LMC,OGLE-LMC-HB-0422,RG,05 52 32.38,-69 25 54.1,LMC553.08.20563,,14.718,16.163,386.72193657,9075.1871,0.053,0.2399,58.61,9.68,,0,0,Simbad,88.13302,-69.43289,,21.385,21.080,20.235,,0.116,0.378,0.118,0
0.367064,88.2587083,-68.1489444,LMC,OGLE-LMC-HB-0423,RG,05 53 02.09,-68 08 56.2,LMC561.32.7658,EROS2-star-lm024-2k-17748,15.645,17.375,419.60179438,9045.1447,0.019,0.2642,64.34,93.44,,1,0,Simbad,88.25861,-68.14885,20.479,18.589,16.942,15.201,0.243,0.052,0.020,0.034,10
0.251174,88.3065417,-70.8734167,LMC,OGLE-LMC-HB-0424,RG,05 53 13.57,-70 52 24.3,LMC552.01.11631,,15.559,17.152,444.55093973,9342.9689,0.052,0.3176,88.61,97.31,,1,0,Simbad,88.30633,-70.87340,,18.572,17.010,15.482,,0.036,0.025,0.041,0
3.892912,88.3065417,-70.8734167,LMC,OGLE-LMC-HB-0424,RG,05 53 13.57,-70 52 24.3,LMC552.01.11631,,15.559,17.152,444.55093973,9342.9689,0.052,0.3176,88.61,97.31,,1,0,Simbad,88.30614,-70.87449,,23.154,22.701,,,0.526,0.535,,0
0.344061,88.4125417,-68.2818889,LMC,OGLE-LMC-HB-0425,RG,05 53 39.01,-68 16 54.8,LMC561.31.101,OGLE-LMC-ECL-38869,15.615,16.904,246.94882424,9075.7581,0.066,0.3104,89.43,127.74,OSARG,1,1,Simbad,88.41274,-68.28183,18.860,17.988,16.777,15.533,0.079,0.058,0.025,0.036,10
3.367863,88.4125417,-68.2818889,LMC,OGLE-LMC-HB-0425,RG,05 53 39.01,-68 16 54.8,LMC561.31.101,OGLE-LMC-ECL-38869,15.615,16.904,246.94882424,9075.7581,0.066,0.3104,89.43,127.74,OSARG,1,1,Simbad,88.41025,-68.28149,,20.617,20.676,20.539,,0.083,0.082,0.192,0
4.173335,88.4125417,-68.2818889,LMC,OGLE-LMC-HB-0425,RG,05 53 39.01,-68 16 54.8,LMC561.31.101,OGLE-LMC-ECL-38869,15.615,16.904,246.94882424,9075.7581,0.066,0.3104,89.43,127.74,OSARG,1,1,Simbad,88.41033,-68.28271,,21.174,20.920,20.452,,0.119,0.093,0.172,0
0.256667,88.487625,-68.3327778,LMC,OGLE-LMC-HB-0426,RG,05 53 57.03,-68 19 58.0,LMC561.31.34,,15.339,16.933,471.13939627,9059.4278,0.034,0.3405,53.67,67.0,,1,0,Simbad,88.48757,-68.33271,19.667,18.295,16.745,15.242,0.147,0.055,0.021,0.036,10
3.769092,88.487625,-68.3327778,LMC,OGLE-LMC-HB-0426,RG,05 53 57.03,-68 19 58.0,LMC561.31.34,,15.339,16.933,471.13939627,9059.4278,0.034,0.3405,53.67,67.0,,1,0,Simbad,88.48800,-68.33174,20.218,20.129,20.290,20.243,0.209,0.048,0.087,0.189,10
0.100632,89.14625,-70.2065278,LMC,OGLE-LMC-HB-0428,RG,05 56 35.10,-70 12 23.5,LMC560.14.24,,15.805,17.247,402.38915626,9133.7157,0.022,0.141,53.82,168.33,,1,0,Simbad,89.14626,-70.20650,19.631,18.285,16.892,15.492,0.104,0.033,0.023,0.158,10
0.613971,90.6953333,-68.8968889,LMC,OGLE-LMC-HB-0429,RG,06 02 46.88,-68 53 48.8,LMC561.09.28,,15.433,17.028,281.04758447,9029.8626,0.022,0.3058,19.72,138.72,,0,0,Simbad,90.69540,-68.89672,20.231,18.397,16.846,15.239,0.163,0.100,0.049,0.041,10
4.891210,90.6953333,-68.8968889,LMC,OGLE-LMC-HB-0429,RG,06 02 46.88,-68 53 48.8,LMC561.09.28,,15.433,17.028,281.04758447,9029.8626,0.022,0.3058,19.72,138.72,,0,0,Simbad,90.69642,-68.89819,20.171,20.716,20.529,20.279,0.163,0.064,0.062,0.132,10
4.997188,90.6953333,-68.8968889,LMC,OGLE-LMC-HB-0429,RG,06 02 46.88,-68 53 48.8,LMC561.09.28,,15.433,17.028,281.04758447,9029.8626,0.022,0.3058,19.72,138.72,,0,0,Simbad,90.69184,-68.89748,,21.927,21.811,,,0.151,0.247,,0
0.115770,90.7029583,-70.3392778,LMC,OGLE-LMC-HB-0430,RG,06 02 48.71,-70 20 21.4,LMC560.02.5674,,15.784,17.307,282.9431988,9274.533,0.043,0.2543,43.97,125.96,,1,0,Simbad,90.70287,-70.33929,19.917,18.439,16.945,15.448,0.125,0.052,0.025,0.068,10
3.280304,90.7029583,-70.3392778,LMC,OGLE-LMC-HB-0430,RG,06 02 48.71,-70 20 21.4,LMC560.02.5674,,15.784,17.307,282.9431988,9274.533,0.043,0.2543,43.97,125.96,,1,0,Simbad,90.70026,-70.33920,,22.123,21.917,,,0.175,0.175,,0
0.157726,90.76375,-70.0224167,LMC,OGLE-LMC-HB-0431,RG,06 03 03.30,-70 01 20.7,LMC560.10.5035,OGLE-LMC-ECL-25690,15.563,17.156,300.54503323,9190.6397,0.076,0.2898,51.18,53.41,,1,1,Simbad,90.76368,-70.02238,19.853,18.384,16.849,15.275,0.125,0.041,0.021,0.036,10
4.272571,90.76375,-70.0224167,LMC,OGLE-LMC-HB-0431,RG,06 03 03.30,-70 01 20.7,LMC560.10.5035,OGLE-LMC-ECL-25690,15.563,17.156,300.54503323,9190.6397,0.076,0.2898,51.18,53.41,,1,1,Simbad,90.76720,-70.02254,,22.907,22.009,,,0.540,0.181,,0
4.797237,90.76375,-70.0224167,LMC,OGLE-LMC-HB-0431,RG,06 03 03.30,-70 01 20.7,LMC560.10.5035,OGLE-LMC-ECL-25690,15.563,17.156,300.54503323,9190.6397,0.076,0.2898,51.18,53.41,,1,1,Simbad,90.76050,-70.02168,,22.344,22.632,,,0.338,0.265,,0
0.026436,91.0846667,-69.2560556,LMC,OGLE-LMC-HB-0433,RG,06 04 20.32,-69 15 21.8,LMC568.25.32,,15.337,16.827,375.69606668,9028.5908,0.038,0.1677,58.65,119.14,ECL,0,0,Simbad,91.08468,-69.25605,19.605,18.295,16.862,15.303,0.114,0.032,0.055,0.057,10
2.742812,91.0846667,-69.2560556,LMC,OGLE-LMC-HB-0433,RG,06 04 20.32,-69 15 21.8,LMC568.25.32,,15.337,16.827,375.69606668,9028.5908,0.038,0.1677,58.65,119.14,ECL,0,0,Simbad,91.08294,-69.25651,20.920,20.767,20.409,19.775,0.285,0.057,0.066,0.089,10
4.057827,91.0846667,-69.2560556,LMC,OGLE-LMC-HB-0433,RG,06 04 20.32,-69 15 21.8,LMC568.25.32,,15.337,16.827,375.69606668,9028.5908,0.038,0.1677,58.65,119.14,ECL,0,0,Simbad,91.08228,-69.25531,21.128,21.652,21.418,21.176,0.310,0.127,0.151,0.250,0
4.666648,91.0846667,-69.2560556,LMC,OGLE-LMC-HB-0433,RG,06 04 20.32,-69 15 21.8,LMC568.25.32,,15.337,16.827,375.69606668,9028.5908,0.038,0.1677,58.65,119.14,ECL,0,0,Simbad,91.08454,-69.25476,,21.931,21.464,,,0.178,0.150,,0
0.195820,92.2535833,-72.3505,LMC,OGLE-LMC-HB-0435,RG,06 09 00.86,-72 21 01.8,LMC558.19.17,,15.157,16.783,601.17634565,9245.7918,0.023,0.4831,71.62,100.0,ECL,1,0,Simbad,92.25375,-72.35048,19.833,18.113,16.529,14.947,0.119,0.030,0.045,0.027,10
3.240816,92.2535833,-72.3505,LMC,OGLE-LMC-HB-0435,RG,06 09 00.86,-72 21 01.8,LMC558.19.17,,15.157,16.783,601.17634565,9245.7918,0.023,0.4831,71.62,100.0,ECL,1,0,Simbad,92.25061,-72.35052,20.389,20.131,19.163,18.075,0.197,0.318,0.036,0.037,0
4.647643,92.2535833,-72.3505,LMC,OGLE-LMC-HB-0435,RG,06 09 00.86,-72 21 01.8,LMC558.19.17,,15.157,16.783,601.17634565,9245.7918,0.023,0.4831,71.62,100.0,ECL,1,0,Simbad,92.25774,-72.35078,,22.215,21.574,,,0.212,0.135,,0
0.120342,92.6157083,-71.0560833,LMC,OGLE-LMC-HB-0436,RG,06 10 27.77,-71 03 21.9,LMC567.06.82,,15.95,17.361,264.80843335,9085.1691,0.029,0.2031,69.24,154.39,,1,0,Simbad,92.61572,-71.05605,20.195,18.778,17.381,16.019,0.161,0.053,0.021,0.038,10
