teff,teff_err-,teff_err+,logg,logg_err-,logg_err+,L,L_err-,L_err+,rad,rad_err-,rad_err+,ebv,ebv_err-,ebv_err+,ID
4281.20443089878,57.70845830878716,77.17941366565174,2.4217201388840484,0.3085046656482451,0.1844366777291655,711.7697609962125,39.149128233643864,52.66598306051503,48.56478646347077,1.234955090639211,1.2659832306499084,0.06221721222573356,0.030487023077955665,0.035912300599708284,OGLE LMC-HB-0001
4364.848488686134,51.69939593339495,52.004142781627706,1.8879474529160842,0.39845472397024584,0.6839807863880543,392.962608150126,19.724745794612602,22.110378061790414,34.75150216212425,0.8668086178932626,0.8557773765350447,0.11365615235822181,0.023179762570089663,0.022723904676459752,OGLE LMC-HB-0002
16356.445313206366,2339.1411117600474,2228.104973185955,3.1809117987772098,0.540904138633095,0.6238601988736283,5354.908325135713,1646.4218576395142,3781.7560753011076,8.64855388869422,0.5482314353604512,0.7522290059081982,0.12052619961562995,0.03970513013383921,0.03706225275112636,OGLE LMC-HB-0003
3985.786168715934,67.53288637350488,84.28655748798337,1.1138569675398045,0.17807972582613296,0.33384593267390583,851.631414194567,53.20295284199335,68.50087120142496,61.22344049734538,1.7693117089067485,1.6496947344984747,0.15861959265848644,0.04806399926375916,0.05170488352972949,OGLE LMC-HB-0004
4115.572424447962,51.56599205701923,54.79080344583963,1.52481870055201,0.2250966078052261,0.24588246304031935,3406.580133377665,179.59270479647103,211.81394425418557,115.00429721835819,3.0226283622948955,2.81397426796363,0.14927317054708616,0.02895650896801484,0.03068080267526696,OGLE LMC-HB-0005
4237.971392710373,76.56005788631956,92.38517486731871,1.2742485209498664,0.1799593007436453,0.3566458370917438,754.123775629895,49.002747629859186,60.251969080607864,50.97588983779624,1.3409775952450502,1.3082158597513924,0.17417607133523008,0.04531249017992753,0.04701387555356565,OGLE LMC-HB-0006
4270.648593762905,60.55191513783939,73.6088995319642,0.9846425269401776,0.16010598774118023,0.1986356623871105,2261.124064211152,131.4407516355136,161.50281949421515,86.89744049437327,2.257444247596908,2.0996291663553563,0.15465451537746347,0.034002411993007145,0.03681257315577072,OGLE LMC-HB-0007
4632.788076692902,163.4114148758881,215.5877681514321,1.911851505512066,0.40022173177566245,0.2001207834410974,3111.866371911417,290.8449475309935,379.53386126561054,86.49021504710066,5.287849910414664,4.9134148357751855,0.202977541954053,0.06212196441242668,0.07354193067308112,OGLE LMC-HB-0008
3904.7241595477317,92.33661334140106,118.24755321192242,0.7215806865658079,0.08570828976844758,0.21712854217936473,1422.540039506732,109.84253207356096,144.63875498351217,82.44899874937379,2.352060399423948,2.1891106494139763,0.20350957271959225,0.0685247611335208,0.08373304541759408,OGLE LMC-HB-0009
4969.1217483301225,140.2967419667957,153.24942187771558,2.122684546679472,0.5764112330146149,0.40679785016646397,1250.311086471835,107.48589361638096,125.69959923449642,47.803246150793186,1.8665821057736949,1.9117564121626174,0.12638037020420767,0.049621833866937984,0.049829414517422954,OGLE LMC-HB-0010
3969.917456967649,56.78585947392594,54.59179099378798,0.9683922566259144,0.09158005394196256,0.19308591922363094,877.3137893627113,48.124428390604066,54.171050284003286,62.802328258110194,1.5926288163412323,1.6093121584676027,0.10270004640733588,0.040150218090464415,0.0351487717280774,OGLE LMC-HB-0011
4114.884580815431,68.16413108576671,72.00852201521684,1.302347211819562,0.24654845488524124,0.3221054179113221,1022.7413030842741,62.12533568593335,71.00645944603559,63.04031864002438,1.5546239856795268,1.571994904860503,0.1078495923489788,0.04092506962234145,0.042503770447363184,OGLE LMC-HB-0012
4208.2386379201025,65.57757309019598,81.51973853468007,1.8555043025356313,0.4811542495735719,0.603508681065793,533.4040425824302,30.740093980913798,37.8851265430153,43.51374335408276,1.2228098743073303,1.1904400634696657,0.12954292258726563,0.03552006108231945,0.04205313558802129,OGLE LMC-HB-0013
5178.958760241969,203.6300311274972,217.85840080696744,2.045245832217873,0.573429689785957,0.37038175042926724,2067.7068168891724,203.87120006756027,229.69208031740845,56.421931621630804,5.217563968677169,5.7928996756898385,0.1326899500711514,0.04506003944531087,0.04429258323814764,OGLE LMC-HB-0014
4263.057443324698,70.8698448699879,79.13919886568237,1.047676493428952,0.10101900480772485,0.18510175701268783,1008.4441650871373,61.74850729866694,73.00516592057795,58.27148791879172,1.4626751362690271,1.4613369066679596,0.1080498226817325,0.04088358431496568,0.03921744797437593,OGLE LMC-HB-0015
5506.781494403168,188.1889948699436,224.1582356890376,2.491485495046126,0.43096281490554667,0.275758125167632,1253.6477699260433,140.20567189142002,193.26773985053455,38.87414763483651,1.1216367336794875,1.1280123040771315,0.2404803044081348,0.05941233933049847,0.06324507308955915,OGLE LMC-HB-0016
22636.40039378904,7403.064514576876,6884.511412175041,3.6738969533348818,0.759749651951382,0.5185554025524586,12608.4856002367,6777.069853241721,14263.762422549005,6.877912666075862,1.4633569064656582,2.613399421631537,0.12993365977179736,0.0543101624933669,0.0691026574286693,OGLE LMC-HB-0017
4033.2637474006783,88.9130572304457,97.21163639403903,1.0051185434341858,0.22724264031410935,0.34322161680551555,1411.3168332271384,99.3788270482587,121.42669453191661,77.06224103799724,2.01283651554823,2.044050813246969,0.1147876004956221,0.05841522714710776,0.0583132534040746,OGLE LMC-HB-0018
4092.396847259188,84.60811724890846,94.08066416618476,1.1553217087456182,0.20221194673813792,0.34500085113915224,942.9980614181196,67.62789009921403,79.19873442676544,61.18258421070439,1.7203583163554228,1.6850446444181486,0.17237995153482813,0.05180048415840502,0.056411745548558684,OGLE LMC-HB-0019
5010.283741006402,214.77737025149236,264.18288128512995,1.468660185217583,0.5697616856088772,0.33511296667762536,8201.66618678297,1003.2088551816223,1383.987291262676,119.49889636953812,13.478486015182483,13.177412143747276,0.14653968392424527,0.06147686105796832,0.07755066803030425,OGLE LMC-HB-0020
3903.943985855384,61.46480583254424,76.28127165322803,0.8007371570721864,0.07055825576963604,0.15510561497101882,1126.7036442653787,68.05696743000908,84.29406812845673,73.4305917479236,1.8971212903266945,1.7804959710771016,0.11096053636680558,0.04566385829741609,0.05620352447785537,OGLE LMC-HB-0021
3878.713835059814,79.02798533516807,108.1848004061394,1.344403271057027,0.34633748001514475,0.4633286037563933,1364.6327332638157,91.36737866358885,134.41992611538012,81.78331102721225,2.6256969636542777,2.318933776167512,0.12329600040025943,0.0563078672410542,0.07622357978623162,OGLE LMC-HB-0022
4121.821164957087,72.40599648858506,84.14248619915725,1.29290196956683,0.06889288466430488,0.16077419255155978,447.91591535376756,28.40655534730007,34.769497256441355,41.55428482112996,1.0893719129265307,1.043265011074837,0.11259345157051147,0.04334123248262252,0.050055524908422674,OGLE LMC-HB-0023
4100.64484395006,75.92157786893222,96.36550503636681,1.1803147117352106,0.155805401313591,0.30349899034428085,758.9562094495457,50.227301466651625,63.15401251485821,54.59196449863232,1.5097089777823385,1.4236393815384432,0.12293007806491757,0.04513923100863322,0.057879641284625694,OGLE LMC-HB-0024
3930.0914500202925,88.66714804905587,130.04992191132806,0.5114425218656594,0.06138415503415645,0.1553360182781941,2179.0568991406853,169.82488504013872,253.58365718425466,100.58491098893415,3.1939860270196334,2.7393149227016096,0.12570148770756362,0.06739069417310256,0.09062692889159757,OGLE LMC-HB-0025
4281.90418218004,114.0478601500181,153.2579967778447,1.299401978567051,0.2810063478122713,0.4198946664085952,4550.177106819796,377.9516087434431,575.1160413053403,122.62068103443002,4.83911878439001,3.579617536839791,0.1837956779456379,0.06323070168413843,0.07394978569817906,OGLE LMC-HB-0026
17422.94833910805,2141.951427463606,2175.005221498752,3.787983195334803,0.7395624925774253,0.44351401886466846,4024.405584097609,1150.677530133752,2563.054459282507,6.682304997134026,0.3898889575736071,0.47840854527321497,0.06406990768949614,0.03527191157625911,0.03346569664550378,OGLE LMC-HB-0027
4262.827981551041,44.816236900293006,48.218693903825624,1.2152920604485975,0.21582603116574595,0.26469603529909413,2504.1600364724877,122.78961620467408,140.91234372975487,91.86659754129911,2.2995877422711004,2.2465985237293182,0.09042657555349677,0.022931493058237426,0.022458393365260024,OGLE LMC-HB-0028
3930.604567943955,56.39218479713509,66.42192287507942,1.1846307136725147,0.4299894551466601,0.7227974968249637,1405.2677424923936,78.46821352369034,92.10837332916412,80.94292114660973,2.126514489629514,2.0892105669751544,0.13687638318014814,0.03868242630582819,0.044568398703984796,OGLE LMC-HB-0029
15701.354350088139,1947.3775825367338,2017.697461138756,3.351906615133454,0.4592299297814906,0.6565635148034499,2429.251067359561,770.0858282047038,1196.9040018674436,6.574132151510114,0.42889764065741254,0.5292999719390616,0.16402890847662638,0.04070368048220152,0.03721591815983105,OGLE LMC-HB-0030
4035.321199416312,100.85120346679878,121.56672152615647,1.3832743438135244,0.36791207386957225,0.7068253888825313,852.1151320328248,62.83479663999913,78.48807318730871,59.71137336324903,2.6113626116965847,2.5989471047740125,0.15266110575826775,0.057388410243497806,0.06421822493082277,OGLE LMC-HB-0031
16101.665443055848,2033.4113975699984,2213.087982417539,3.020769842034249,0.3611580931674583,0.28545583649054995,25257.71319238709,8403.689815064801,12130.188301914066,20.383660223525837,1.353269831865628,1.4816415909654594,0.0806041051908775,0.03596977076658851,0.03445204063376699,OGLE LMC-HB-0032
4049.9767759994575,52.81147041197619,59.82444832230158,1.0044255712003027,0.10602222933413785,0.22480337641372672,914.1265527195478,49.96574260382022,57.4422697110457,61.47642968289774,1.504632192919864,1.5410053068770466,0.11384855115619555,0.03161884489557751,0.03574712619342588,OGLE LMC-HB-0033
4021.487532932984,50.18033558841398,71.52553177616255,0.8065676241168711,0.0576549072475655,0.12907683288341,1204.2197852901986,65.20702102040286,90.14967228032606,71.39652999530139,1.8656409801154297,1.7526034600524412,0.05942382121413292,0.03394161981021109,0.04459815753246167,OGLE LMC-HB-0034
4117.705516454222,42.02756792097398,44.100319964274604,0.9899076709854047,0.05053956424968675,0.11377059171574277,842.8362359363607,42.00129058289849,49.579396382861205,57.130403452113214,1.3791001248069534,1.3774846246822605,0.12375376635758756,0.024985277292237817,0.026319012977846612,OGLE LMC-HB-0035
4143.847425851592,77.37819544901868,96.33612586621257,1.1362906752824873,0.12921418417904862,0.3881932611900001,788.7931881860328,52.605342617915994,67.17898793210452,54.49439497852123,1.520948852302503,1.4842922804529408,0.1280523532441709,0.04495019332325638,0.055972542074143455,OGLE LMC-HB-0036
4163.057517474835,57.25273876601295,70.90783347132037,1.2601693616693135,0.22726662468181003,0.3123656928640539,966.6038606088962,54.52863367704208,68.42957710738983,59.79905021029517,1.5706075608496803,1.496996013552753,0.09294756462738075,0.03367812324655081,0.041862469979867103,OGLE LMC-HB-0037
15864.201112847153,2358.0289362022704,2363.6108071489725,3.2389759622833485,0.6375425168414006,0.5409932017974972,7102.156769673337,2266.615775839521,6420.414703421921,10.5303419338076,0.7590570014446989,1.028655114272473,0.08968601465353712,0.04383391258212656,0.042264658432326685,OGLE LMC-HB-0038
4252.085592325428,86.41842247984096,97.73241268581023,0.9734076302720477,0.1428026262659179,0.2775771892012596,1369.4556015372,94.90198365353808,112.00973759455951,68.26329964654641,1.8117892568875078,1.8155090943081404,0.09811934846388928,0.0491346613741879,0.04974163170681428,OGLE LMC-HB-0039
4094.0473924540647,57.30256906262366,72.01159072589508,1.1092116213840963,0.07364190783614899,0.16826896975974837,677.6062836421964,37.552470895324745,47.38922649718893,51.759660177674164,1.2530630301831778,1.2590772771798697,0.05773523243042156,0.03443564889703285,0.04415029420255634,OGLE LMC-HB-0040
4089.9048375872608,55.771836716482085,60.337600530640884,0.6085293294795223,0.11670527163514782,0.22013868672171433,2491.4854154803834,139.56418376752026,169.5670720604462,99.55680193683375,2.6304021668790085,2.388644695086768,0.1313020613962873,0.03291334907424155,0.035759834409003266,OGLE LMC-HB-0041
4020.4857330188183,75.45868937548721,92.61685911194172,1.5329907253393493,0.3843619261692932,0.5572968344865141,752.3426299271582,46.08404318076293,59.439879207483955,56.58885786062045,1.7132245256233247,1.635007012543774,0.08567360301998274,0.04616034539148274,0.052798834368462486,OGLE LMC-HB-0042
16588.402475272433,2054.416065144371,1926.1359488279704,3.485138907572188,0.6115905560223314,0.6116113473886067,3482.378265816643,994.1601968141149,1739.2741771550964,6.93139545611989,0.44492594759192006,0.6041547920424133,0.1047820825899697,0.038543654333757685,0.03378900972207226,OGLE LMC-HB-0043
4044.5027752219694,62.077491345563885,76.86917668439037,0.9240592034363404,0.15702617040807199,0.39231336891078294,1288.3542656024688,73.9602770083111,93.961443194519,73.11320030711585,2.021112553447267,1.874013106672777,0.09635232594358312,0.03873583429312348,0.04494959072164337,OGLE LMC-HB-0044
25083.277608588523,3013.3742357010087,3468.255412038445,3.6769304311291133,0.5471172414711081,0.5129055151817532,14737.615427776935,4173.19416125012,7170.602314012278,6.345707442869956,0.49435260697767447,0.5554029911363427,0.15880719440770738,0.027599960219517244,0.029909846491273984,OGLE LMC-HB-0045
18463.559238488302,2719.8723272395273,4277.71813592485,3.0515364692864946,0.4726290745429136,0.40039670544986716,25680.084072832484,8904.235219153627,20591.365782973175,15.580619321137993,1.9439510406269331,1.914782184301318,0.11920303959126671,0.04396414958818651,0.04429728206052111,OGLE LMC-HB-0046
4079.9519330572266,56.64649578491526,61.489045100047406,1.1161713801543673,0.06258886763707872,0.13636033749739473,632.9770509681455,35.43467156286056,40.97931240097569,50.42204130170753,1.2463549913509056,1.2366540245132214,0.08366188555148169,0.033669708143216515,0.03616096605824824,OGLE LMC-HB-0047
3900.56193667486,51.69276305684525,52.19186382969019,1.0135216956779127,0.2775619264118683,0.6318566958379204,1287.2804200173407,67.09397903711624,75.40917082936335,78.72647084022694,2.0677404107822355,2.0278201513985152,0.11628777592442666,0.03580284339855151,0.03484677877734996,OGLE LMC-HB-0048
4113.428300384456,84.75510210888069,95.51987539950733,1.6057323947342863,0.37885567111369256,0.5728937152043745,669.7721257712474,45.340617822521494,56.677012598360534,50.896862670562214,2.8761862914182714,2.991008723631822,0.08026070982907105,0.0342550921741404,0.04087239599819986,OGLE LMC-HB-0049
6715.308866784518,430.31245745700926,440.3036353688158,2.7285797539962062,0.2896877318366893,0.5587268262756417,219.4964158130223,33.84556884031184,44.19873836560052,10.918090789119356,0.6631136137240663,0.7377131234641734,0.17336491759983202,0.06639938305138571,0.06279641178475062,OGLE LMC-HB-0050
4288.663544993679,105.7167826517989,130.82122648542827,1.8143140249256968,0.5297336552980585,0.4738678544849704,1091.9431944731095,83.93989184029795,104.44448425266341,59.71791963544871,4.734438730826874,4.638477776021773,0.09172923652290646,0.03281123592318786,0.035005293403461285,OGLE LMC-HB-0051
4337.0197471525225,103.01729467287896,122.84005757122304,1.7725745879316297,0.37316871767813575,0.6199266258924294,491.81502897327545,37.93503628294985,47.5283184578463,39.32697447172476,1.1251520054931774,1.0757242508796239,0.12327581929128208,0.05248674868431559,0.059880990019123795,OGLE LMC-HB-0052
3964.4761102008315,54.98785098182361,80.47779509898737,0.5633779737114086,0.09812147899910628,0.2537511140928035,2253.388475610631,128.63577614827,183.39137238968715,100.45124675676081,3.0832028407677683,2.6172663207853333,0.07956553297059914,0.04018453470283844,0.05300360938106237,OGLE LMC-HB-0053
4183.420041702536,67.90753183565175,93.03638232260073,1.3674548953837569,0.1573360465582314,0.34508232676263817,535.0609651518522,33.03705581425896,41.163607327104955,44.02847764342118,1.251333780967684,1.2306097634462176,0.0628652535180349,0.039615264020055496,0.051950851572475865,OGLE LMC-HB-0054
4295.779380228494,65.81940130165367,72.15951538814988,1.4238045325421436,0.12586092332977405,0.2659197108371445,470.81284715411954,26.945515650362893,31.80035053378043,39.23794796924559,0.9959305916136927,0.9822185722990895,0.06824648176357559,0.03451557408210611,0.03549041202659278,OGLE LMC-HB-0055
4135.715060100433,164.48482945454361,185.92711630621397,2.2753214980405136,0.5319803997245915,0.3141919852337707,564.082211669217,58.16669577932959,72.79049353717971,46.181059023787824,5.303611794073845,5.6706338373257665,0.1079407564793178,0.049535386551569416,0.05499908145521529,OGLE LMC-HB-0056
4037.6532938694518,55.112026016573054,72.09829010334397,0.5159084755561334,0.11731436780251603,0.20812479297968123,3040.4195793853587,177.09263013962163,240.37987493906076,112.56557521818978,3.296292581116205,2.8789812952242357,0.08480472170297816,0.03709965403111309,0.044633859040892246,OGLE LMC-HB-0057
4118.186924464925,96.54475480818292,122.25543009509238,1.499401247710709,0.31394122164597094,0.584863966540992,610.4260209130804,45.36008149124393,59.316568209427714,48.58453717675144,1.4404043917683396,1.389193438636461,0.12057062612907679,0.05667603152156936,0.07196895281599386,OGLE LMC-HB-0058
4109.597107989587,48.44604720250936,62.86782866233534,0.9797046549459626,0.07703999250055493,0.15931815180456643,939.9141342657414,49.256831613380655,61.443357325340685,60.495355841415154,1.512702370983753,1.496449230205414,0.04539334951418629,0.029213436157528343,0.03830761007168322,OGLE LMC-HB-0059
4096.963226913184,69.90126037797836,80.89625097265252,1.81827253427347,0.39325498620799215,0.3541542748485751,1289.4152564401438,79.88150565812794,95.735803421745,71.36219105581333,1.942202464157205,1.8477995333868478,0.09432530395034733,0.0403677640247094,0.04710751069755115,OGLE LMC-HB-0060
3985.6305239173566,54.00133109109311,60.18917291882735,1.0507914898487971,0.1795630864613742,0.2917322620508216,1013.4946107655438,56.49200546742634,67.42231731815775,66.82988774399112,1.7242293663931036,1.7025417630131585,0.09978949623658968,0.03821479134391564,0.03799698113260801,OGLE LMC-HB-0061
4314.362001199137,77.84854113628535,102.85900440740988,1.4167349794751183,0.12561914888659897,0.3247088619756282,488.99567619165686,30.248128792938076,41.82954838269899,39.575448488197104,1.1641788274886125,1.0846085232869385,0.07550026241705496,0.038549403700579236,0.050571343232252985,OGLE LMC-HB-0062
3994.7262685273763,84.9599143501473,112.16207900545123,0.8266085201781573,0.10413889364782314,0.25962246459145943,1299.3181180277188,92.73763332634235,120.30855691011038,75.20938108488097,2.084774251754027,2.0704179967588203,0.1110603544346366,0.060620004419906205,0.0683669054742311,OGLE LMC-HB-0063
3850.0213148156363,39.877336252778605,40.54745870856141,0.7145845219231247,0.07409583073577564,0.16935648039300277,1316.129233059313,64.06822545093678,75.0822501718958,81.66199075823201,2.042406117652959,2.014441263170312,0.09784864962065647,0.027806664922653532,0.027844816640251638,OGLE LMC-HB-0064
4138.110866131231,62.583425174493186,68.16941562708962,1.3867046024977847,0.2269667350704654,0.38746236585149707,650.4945208886293,37.87482240338113,45.66643241228735,49.70861224508808,1.3077359345649455,1.2340854336821394,0.10822585532187595,0.03674599558401122,0.040710500016144735,OGLE LMC-HB-0065
3907.5194107959114,66.016122914054,82.80279602395422,0.7631744159311149,0.11315884731458015,0.2288008638722847,1423.289009309332,89.0604218196097,114.1398341179729,82.36834151915139,2.2011247670828737,2.1119359733930594,0.11775151416040053,0.04867101692345803,0.060750680407214985,OGLE LMC-HB-0066
4082.7756050369835,61.49860097375267,64.72897351630672,1.0188940569771954,0.1291799085294325,0.2349029470302817,1000.1910736532303,56.2479299342923,65.8430805992756,63.301851544268885,1.5885614679446718,1.5639252323640136,0.07264450697319812,0.036598061058564925,0.038469019456099915,OGLE LMC-HB-0067
3977.923889322855,105.49147267049557,123.10366678231185,1.4420153487596554,0.4351780774010927,0.6491879866387338,926.355662106397,77.56070334035519,96.66743878048749,63.97544211574826,5.409722901824992,5.505772235868967,0.07817163428308996,0.03954252695895474,0.044317738174959515,OGLE LMC-HB-0068
3725.753649505332,120.11551604829992,179.8365274866237,2.0279760423920274,0.6125504735374321,0.474827934956763,410.3767537532045,50.807122922086876,69.06111771938447,48.3143570417525,6.283250468315984,5.417731551939738,0.12200205466597636,0.059560591919776584,0.08344419740417347,OGLE LMC-HB-0069
22599.568698978543,4742.258821647145,2834.470058513296,3.2023544928763488,0.49943521776669586,0.3652380340257326,51153.48738887859,24143.577128420715,20471.32715737039,14.581232706824501,1.1911706159402335,2.164088602947153,0.18526381295351715,0.05487711556320196,0.03439238116076282,OGLE LMC-HB-0070
19432.44776560569,2687.590372394894,3198.788183910401,3.2380291256819675,0.5740178880912481,0.3893973895641514,25110.23713821753,8214.345009426903,13981.438373816363,13.528954254261247,1.2825089421338411,1.4514667623751976,0.07180484642079926,0.03434121610860869,0.03418334767200501,OGLE LMC-HB-0071
24431.45807881234,2252.605577203951,2717.0985093440177,3.6140007444736404,0.45931578055025346,0.45363922041954874,18974.830375524638,4606.073762628774,7307.7755778592655,7.64355115185783,0.4558804329822683,0.4734777187601207,0.07454611021021518,0.023550850573363168,0.02589568685859267,OGLE LMC-HB-0072
4303.330767237987,49.839608241226415,53.09144460295465,1.4101918171500252,0.09658431639778264,0.22535592122245296,445.2437962230429,22.408371191207777,25.871818674803365,38.01616419848071,0.9576609750916205,0.9366047920403489,0.08203969475171842,0.023554417929778908,0.02424468259062948,OGLE LMC-HB-0073
4175.8056316835,61.63615068303898,79.3961058366267,1.2825967048515525,0.12843344955508962,0.2658569619432656,590.1900724306847,34.41944275680737,42.88014207203696,46.403991451518664,1.216526009917061,1.264188287857074,0.05955716496458918,0.036494065094537426,0.046440251634643964,OGLE LMC-HB-0074
3969.0831167788488,55.74424254696851,79.66093731820547,0.9237811876724457,0.08346630010743661,0.22227727572522993,947.012262448452,53.20421685702843,74.61168094756181,65.01597766608518,1.7790142522467676,1.6220725617238827,0.08281059848215284,0.039859959062069635,0.05195748754325706,OGLE LMC-HB-0075
4315.818947105546,51.557238081751166,60.04219245543209,0.8868412974515167,0.07330167383027186,0.14095833273348468,1413.8438930890673,73.66959902723966,90.2525596120945,67.33975744006139,1.6252176083002752,1.5823805060861105,0.05893048636250443,0.026188780589095892,0.030667131261707045,OGLE LMC-HB-0076
4426.608457126351,90.45507303976137,116.87043211555283,2.5710041721426666,0.33555912224973605,0.2022719329884315,544.3504334773091,37.72025969459048,49.866733727935525,39.698566922453104,1.1612281318074693,1.117433123148544,0.08277826976700896,0.043930741387640665,0.05390904361284034,OGLE LMC-HB-0077
4089.2216286176754,53.46361358982131,90.85213373494844,0.422761938039753,0.09336033068707777,0.2206738803530945,3576.0369162961865,210.10858634720898,346.8391236736634,118.77593501284679,3.9820918776727012,3.06838778241395,0.05259290867436145,0.03291318645573566,0.05688941220459001,OGLE LMC-HB-0078
4216.338579520717,57.96742931466724,70.78639377685704,1.3214317674908638,0.10357250580743793,0.2364065324155995,513.9671088402365,28.34150021525994,34.13605421852253,42.51442287953741,1.1185295866564005,1.0693895054711717,0.06380225128464984,0.03424359371000109,0.03713357252890309,OGLE LMC-HB-0079
4228.980043040334,64.54570305064499,90.9690049913188,1.8036931598324202,0.15355729808858576,0.0741865710906906,4094.306762081395,245.12518776210982,371.91867987036994,119.21014527135635,3.629391128019563,3.2726123813656613,0.12525336806994114,0.03899412852244925,0.04953937826025889,OGLE LMC-HB-0080
4118.455708105741,58.93501741847649,64.11487587114698,1.282551706363162,0.13581590523449316,0.3553939188204933,560.6426571068148,32.11787253344312,36.991405407484535,46.569955889951466,1.179310260188764,1.1504500719576214,0.08952160038907214,0.034743459159729276,0.03764702556950539,OGLE LMC-HB-0081
4065.9877627579185,49.55618481469446,58.39786120836425,0.892226663607026,0.06726951272322235,0.14758888981916396,1070.1867622610544,56.13625077654865,66.80767106519215,65.96177031664169,1.6202610939955946,1.6001957851043471,0.06125448076080105,0.029995351002012394,0.0347006799959689,OGLE LMC-HB-0082
5044.747954946353,158.055367947386,156.48506017670024,2.1092318044317424,0.48692839664466026,0.25333883171017657,2200.291745888164,225.7745361331008,265.11009971073736,61.708622797691305,3.3595031730286777,3.272384418576152,0.13815171836252021,0.05584955391829377,0.05801779551867686,OGLE LMC-HB-0083
20687.890300592368,5694.098287902012,5062.659974022259,3.256236332138977,0.6422564160810458,0.4367238053891205,31606.941280436935,17532.043140260816,29613.572674635907,13.183658141304967,1.938405974783258,2.911849998300429,0.18730681869488852,0.0753533405482466,0.06367030969018111,OGLE LMC-HB-0084
4424.964258340799,62.99991758799388,73.03172414505661,2.438731581471861,0.3202134287973779,0.19095473705238852,774.3818435095965,43.33502684811265,54.23578458261102,47.4531989967213,1.2921823837121948,1.2888713502792513,0.0893849450490948,0.028937915112411033,0.03216342617783163,OGLE LMC-HB-0085
3993.350207723591,64.91060313097432,79.68094200314044,1.0329757354438527,0.0611320993064991,0.1269332599042765,697.3172835977102,46.30830617653396,67.69816317397954,55.072373624551005,2.0323393168891,2.504933091835092,0.0690485292373989,0.043193168350297906,0.06217177130778717,OGLE LMC-HB-0086
3901.0419126023635,58.912961706649185,65.50840996956458,0.8400884023801503,0.1201685999770239,0.34522667409097396,1197.1471798290095,69.54656212975851,81.80534626677218,75.82100930907094,2.161278912153236,2.0622976987126833,0.1314273049874315,0.04071034524695295,0.046240985076166696,OGLE LMC-HB-0087
4076.1133480285175,37.30145355322111,37.26054126703775,0.8608557740679015,0.053524062198676114,0.11952036727953774,1101.163125745396,50.98370294784536,58.79934916478146,66.68525858902689,1.5877022561607959,1.601050775182216,0.06523489346680963,0.021187748486931245,0.020886139047003968,OGLE LMC-HB-0088
4205.87995862682,68.8056680711361,81.14907304768258,1.2484517392279235,0.11620302487498213,0.2861127318914609,626.3948894155875,37.899798338575806,43.742612692890134,47.15465590802994,1.3306439235959289,1.3465577587573847,0.08029469688003757,0.040462246426055185,0.0418353892559481,OGLE LMC-HB-0089
4174.6169030843275,69.30725323576098,84.24658111730969,1.4000917263041261,0.2041842901737616,0.5188977438784994,560.4858568950077,34.66056016087282,41.87295600851371,45.301096226105706,1.2326998946063341,1.179583188298949,0.09056823030695692,0.04041270672380953,0.0462217682365164,OGLE LMC-HB-0090
4259.7076943136435,56.4138732432757,60.20307793594293,1.2364542752866776,0.15887869909899366,0.3075484038850562,794.747717626607,42.98466504029136,51.30777208416987,51.80729939672291,1.399330843460973,1.324187399454118,0.08222190823607599,0.031854746629793484,0.028799853404310044,OGLE LMC-HB-0091
4014.7206263239873,49.03696119662209,60.89312911051093,0.9732778613695173,0.06028344255092566,0.13870321674798525,821.4672734323698,44.897083663525336,55.154871888518414,59.231126386881904,1.5882273650419094,1.595949591465164,0.09337247646525443,0.03276941304310605,0.03664795485768871,OGLE LMC-HB-0092
20068.36248791342,3458.6184516828835,4335.081103004497,3.1115278555902894,0.5152543052274523,0.3716967861618028,35910.226142902015,14753.799227646457,24867.603878779817,15.408795379034517,1.817324280356182,2.138460770996792,0.13071994245551688,0.04817627848641359,0.04697498486842322,OGLE LMC-HB-0093
4201.473027139659,77.70730102868765,86.96450332271343,1.322680849742448,0.3111399156707606,0.3850428770163732,1438.4623196619311,93.00012356322259,110.88868155465047,71.69819486958576,2.0315992505973526,1.9862092493114574,0.08064861518919707,0.04627831899934032,0.04850380517260054,OGLE LMC-HB-0094
3940.2188091915523,96.29530078953121,111.919469445897,1.6165767638834794,0.4626341165921646,0.6125362987381342,662.1196457638795,48.233397207765165,61.10729167898637,55.283130583463844,2.121085679364839,2.0820855193652434,0.12981364810894006,0.06091541595652762,0.06877034079879463,OGLE LMC-HB-0095
3944.9755422690346,62.87005847414048,79.29087266661372,1.2349145037443037,0.29977250165846403,0.4278655309501995,1064.4049172883447,62.73516396588434,79.36620716566222,69.8216723898644,2.0471324868691028,1.9387171545047437,0.10517496661713713,0.043178547481740645,0.05238270716820151,OGLE LMC-HB-0096
4158.651352957183,76.61116169359138,88.97393834552622,2.091894777918824,0.3865912567802907,0.3009755089063453,909.6958097113991,56.25734377803872,68.53189506834633,58.17462272653763,1.7333551484565461,1.7330432816839405,0.08338418875498381,0.04239811447845913,0.04861692231340266,OGLE LMC-HB-0097
4129.6834478503115,61.90196308514851,70.51487425488267,1.3308236955158443,0.13662790714143758,0.3676913425198849,508.35207302096035,29.098586829418707,35.1105800822354,44.112952831958715,1.118781014270759,1.075282757456769,0.08375105031414,0.036257788690567165,0.041311458432977496,OGLE LMC-HB-0098
4352.441233105001,67.5610008657477,74.84889640212987,2.131163650626494,0.31711447424773964,0.23416806027883874,1232.524969942798,72.70066207836726,87.2363836832019,61.89979997465602,1.6191104971480996,1.6479883514916764,0.1167083342056105,0.032514364902477666,0.036678680543237724,OGLE LMC-HB-0099
3980.826277974147,61.81452277400285,74.40070254969214,0.874142910285188,0.10626811745160347,0.23646799527533424,1163.2198058116064,68.19140010033266,86.91867830514661,71.71903396992464,1.9754286657303055,1.8902419654194489,0.08679444992713997,0.04446620503752106,0.0468335177830852,OGLE LMC-HB-0100
4047.451424476264,53.09893425570317,64.21329221530232,0.8196047035984495,0.07559199118605642,0.15236497407851857,1282.26572156149,70.84900663033682,87.34841582465174,72.85566630557497,1.8296160386128975,1.7449925813144347,0.09293394301986523,0.03313681730966295,0.038619329215816386,OGLE LMC-HB-0101
4113.428911706637,80.86838953091637,92.37101009855905,1.3215537970167468,0.12777077896969713,0.32569469415902197,512.108134621556,35.50562984729498,45.16773591779372,44.558603110609994,1.6577466398404184,1.7727760072434862,0.0836850501505736,0.047149596872465234,0.056729558637452146,OGLE LMC-HB-0102
4014.8545688711847,57.758976726744095,66.64099190812203,1.1980308095637926,0.2499023799457727,0.4353664401266166,958.5443873862042,54.909787784290074,63.09338201209766,64.05144670627192,1.6242649002272103,1.5670206848511015,0.09737345833075448,0.038808482111827566,0.04013546119834249,OGLE LMC-HB-0103
4082.5163401902214,72.14420768567516,89.47953096157698,1.4866337848561897,0.3006536109246145,0.7229445479335834,553.4818346550571,33.91902359296671,42.71746319687861,47.051322438750695,1.578220478083928,1.438559103265014,0.07344757773890424,0.03931798927177134,0.049197135243859366,OGLE LMC-HB-0104
4210.747277077769,69.8159836814857,79.77291781555323,1.4181214062405307,0.1470659414315416,0.3262069718920739,469.25558695476917,27.595683076999137,32.8055054339348,40.757591425028025,1.1405304145962276,1.1801505505770606,0.07534359671857634,0.03962117469694991,0.04180073851909967,OGLE LMC-HB-0105
4118.962710882456,83.36557624591114,106.42808514458648,0.7805729345799826,0.20477313305265976,0.3191306178132063,6666.609784856956,456.94163458136245,657.4512261612181,160.33549991517248,5.644103351090735,4.530336628777803,0.12633425983312022,0.047905168667977796,0.06133112730131593,OGLE LMC-HB-0106
22183.860214064214,3646.2996596049925,3470.1338431388285,3.538566974878375,0.4652817699541405,0.3754680637579617,21841.12503033137,8542.93976744215,11929.560029040491,9.878555453446511,0.8928580348234103,1.028364453108427,0.07617409690720546,0.03946747415243536,0.03491981321506263,OGLE LMC-HB-0107
4358.496082242107,79.32873974179529,99.47003977292388,1.3171103955369443,0.10944000674815402,0.2736151644324081,610.6343647683674,39.613693627136286,51.52305804170396,43.361534131616274,1.4696752359869265,1.5549341558782785,0.06307995899503542,0.03980098328375724,0.05073362749076586,OGLE LMC-HB-0108
4277.089129838121,86.73791126524247,102.01063437779885,1.7403467173098788,0.24473589765418158,0.21743515057612006,2954.5461018477718,205.93820418964515,264.89038086859,99.0908118121133,2.8214957994107124,2.5957816701861987,0.13459844423802092,0.04865331079407817,0.05042525789026375,OGLE LMC-HB-0109
10802.713740864514,1077.6507539160411,924.2364611456906,3.172953891200086,0.47353062253611045,0.6791571005044936,783.5008496091092,176.03673416319612,286.94411130727156,7.824702076976427,0.4342639311177132,0.6227268639291523,0.19429924731820383,0.05178135648142365,0.03804764050626311,OGLE LMC-HB-0110
3896.473192386284,117.85097452130503,202.78064217913334,1.1197032572586818,0.2561719498460593,0.6399669737497147,951.4226773887639,88.48858012599135,157.245437539381,67.53374408418735,2.7134809932188233,2.213091142999872,0.1880512833034642,0.08700386691831918,0.13506336243697437,OGLE LMC-HB-0111
5223.6168823243515,196.42236458411662,217.30502834404888,1.8085904425604018,0.5271690121014301,0.29155383074190233,4638.962767377801,544.7003446368371,693.2552390495639,83.22700537904922,5.954848633570364,6.205062033096183,0.1702284497769604,0.06380949565322183,0.06809766129818642,OGLE LMC-HB-0112
4306.297531930921,76.38333635999788,94.83948524937205,1.5979273968799619,0.2526391312263532,0.44720850087578223,496.7957265951921,31.744378125900198,39.0497749196856,40.04994170417669,1.1868087209134615,1.1711554434917062,0.08138900785453643,0.04022740160346629,0.04605198966805163,OGLE LMC-HB-0113
19453.552659082663,3989.870520959219,5644.82085364376,3.28112820451547,0.6244478295580702,0.49769807435410574,17368.06409703756,8273.512429234193,17107.57461481623,11.166833432286499,1.6909082425093054,1.9513146343127445,0.15800892787848544,0.06195251339807964,0.05751456844610922,OGLE LMC-HB-0114
3923.8602069772023,64.31304532610875,77.37424877966032,1.376001163379595,0.4399199810802933,0.6314102714763015,1055.2751266240086,60.22849535082764,77.15712535852867,70.31265956293416,2.073233913798333,2.036076088692866,0.09698042627091258,0.04297193097951871,0.05167239144245356,OGLE LMC-HB-0115
4012.0911144307493,83.65527407657873,111.68127594791167,1.0758622272120035,0.19969640740967531,0.5309710906336857,988.6344070452635,68.30131113911784,88.35121752126929,65.00660034342013,2.2055468274614967,2.2320330485149356,0.09851578144678932,0.053422936524196565,0.064655975947816,OGLE LMC-HB-0116
4239.368749059689,66.51809272181436,83.99386508102634,1.563625109129833,0.31465329104925255,0.6302263062831706,580.8016297669019,33.29705188352409,41.829801542968994,44.69660785016243,1.2240842201334772,1.152431512661643,0.06897073102507442,0.03781304887781649,0.040392237335542897,OGLE LMC-HB-0117
5606.570283460238,291.5171420775814,388.3815358443817,1.9951444675715229,0.5800090992391975,0.34220931093972795,3502.244055297631,521.147812026315,788.8386062988425,62.48140951131652,7.789282754903361,7.523147303049562,0.1602859114950968,0.07275625755503899,0.08925091836087515,OGLE LMC-HB-0118
4183.435107353929,69.41869618230521,75.80442952085377,0.7948346179864796,0.16913533749502618,0.2543920475538497,2233.345437689984,137.8147654730369,158.92371004921552,90.13651452062047,2.217704711645979,2.1959101630084064,0.11959918234562272,0.04092736772283308,0.04402602028445882,OGLE LMC-HB-0119
4250.785978218962,213.78988879638655,286.64156460507,1.3142666314814933,0.43904967917537663,0.23126879365729347,8106.487736268212,1095.753298778135,1600.4683507051022,164.89204186114304,19.720223733917038,18.415158374549065,0.2081025249862836,0.1019777285217818,0.12421721089296053,OGLE LMC-HB-0120
4110.32546553859,69.29337427714245,75.12158681186247,2.1416623439337803,0.5173481672530942,0.44857021709909617,487.1413780854939,27.51737380712433,32.839832748733556,43.58524643668336,1.5370255897534193,1.5201595995194452,0.08507158428334435,0.034590008947580304,0.038602576846007694,OGLE LMC-HB-0121
15304.013264041849,3725.409088554912,3116.1476601227223,2.8967253122865015,0.37518307705595966,0.5324437178677122,10945.697315351092,5272.191341665666,8894.041724142757,14.453034730117368,1.6984958676611797,2.7605764622326507,0.15891245542121024,0.06629249693490269,0.05995074607208517,OGLE LMC-HB-0122
4023.3877699395694,80.34885870811877,106.41739039134018,1.1947406844469906,0.19457058985817222,0.4456755168248292,783.5347295196201,55.54073806462418,72.25015959727182,57.50851871144166,2.69657228502642,2.57370903737165,0.1018195136045568,0.0505354190980149,0.0565433070237476,OGLE LMC-HB-0123
4338.094484141654,93.06062379744344,107.52392572921417,1.4616808875270575,0.22909557820147786,0.46761539526589724,626.9024009661503,41.75406212073881,52.991732245205526,44.380307738037494,1.5480076873855992,1.6011630281665603,0.08795068367802374,0.04311538477072748,0.050571009136193515,OGLE LMC-HB-0124
3976.9718551609703,77.22527809767143,90.86421139489948,0.6452646864858009,0.13447559287790423,0.21732291386846814,2202.357622222478,152.43851943760046,190.23549278419978,98.93284700733555,2.78024785233616,2.653216108516517,0.13314879175131322,0.0576821341702386,0.05932810917935369,OGLE LMC-HB-0125
4342.146756728658,78.62270824673033,106.38528651460183,2.0414995896445522,0.4780435351331147,0.49655213200308346,558.932609727458,34.84590624002351,46.53756685372559,41.794595796226986,1.393891725660005,1.3767582853920857,0.06050786820433127,0.036063327577374224,0.050515939478827335,OGLE LMC-HB-0126
4375.496513842075,82.22699573474165,93.21278268761944,1.5243561568427668,0.1704343653925986,0.3406900676270961,461.96006178888877,29.692680345281758,35.75179406570834,37.4709747406666,1.0965195696573886,1.0489109623040278,0.09700885631478554,0.03940644353032682,0.0448029611468361,OGLE LMC-HB-0127
4031.8593748836424,147.76177867578326,279.2562277245047,0.6714686952700728,0.2598794330836886,0.5007009117491135,7357.532921785113,791.1869392862991,1752.771171758336,175.78333924393132,10.505714336208882,6.032933661921703,0.21550206585168175,0.10265434462992672,0.16200407409136364,OGLE LMC-HB-0128
3903.2098856059133,85.88126528222938,112.76718381797855,1.2856678613611452,0.3900278141299772,0.6722296229628044,1053.6390407625129,77.56466360253944,97.8728584356611,70.83942252008369,3.9488380029330443,3.6690450452566665,0.10399225381721623,0.051389272345323214,0.06455131149788705,OGLE LMC-HB-0129
3924.354501954458,55.97757328217904,65.60143427770072,0.9594489008388181,0.14295562407235607,0.35922284484382283,1000.2780111074966,55.476653411041184,67.98513530899106,68.50019990702788,1.75846794057,1.7044511881244375,0.0926598909326525,0.039392630842761324,0.04669518785544283,OGLE LMC-HB-0130
3767.3192233270333,52.988380587644315,89.31155329356352,0.31722896765178316,0.06898777626601299,0.21745434559626503,2967.862905530656,174.82217850857342,272.99019193277036,127.52610166176618,3.97938856937904,3.3831622202532685,0.15327502335246856,0.0478765060816128,0.0675837747239498,OGLE LMC-HB-0131
4099.339926062293,93.3838949574656,133.90515539470925,1.4778127816475877,0.21577472804640596,0.4862235294780539,459.48841014323864,33.8691317086778,49.71304592119225,42.46043370408198,1.434455678445616,1.355541804458852,0.10637810079003118,0.05506758139258723,0.0791629814738724,OGLE LMC-HB-0132
4050.6399968153273,102.44670323133278,129.14005639917013,1.5512841557824495,0.4974925651279922,0.680979973415051,883.9758911413337,67.84522141286084,90.07063068040861,60.39618767780635,2.0135412884665627,1.8613085848218205,0.11731171233516008,0.06399141011639539,0.07339675419363981,OGLE LMC-HB-0133
4315.633320341165,133.1760770719011,170.4031420652709,1.7040225056702338,0.37188868094192884,0.7206760319306542,525.5254280689019,46.58553300836178,64.50184105718301,41.03451851419447,1.651664814687976,1.5584999120804426,0.1317280193268094,0.0679720758573022,0.07726581464965634,OGLE LMC-HB-0134
3654.934849900554,58.268340094638916,70.38642166328646,0.7791621340703672,0.16424145464557716,0.4744476331410368,1226.4836584973414,72.21282996761556,91.26659063547504,87.28791758210944,2.920572826396267,2.757404600316633,0.11812220229956834,0.050332417565910254,0.06175923218323935,OGLE LMC-HB-0135
5493.3131721307645,277.8444865501724,328.85426812146125,2.374073628728413,0.5831364240610406,0.4338065837320637,944.0949778441657,94.94209698319855,116.53303076575185,33.7701115179281,3.962006256280702,4.568866657818894,0.1039391029070864,0.041943160608202475,0.04700567501225557,OGLE LMC-HB-0136
4022.663306820383,81.0920421278961,105.72163923522567,1.5038170080319528,0.37967718329363076,0.649244573349294,673.5773078169647,45.51492478199248,57.91405848822524,53.408361446091334,1.8950070066450948,1.8885383749902331,0.12034455310129685,0.05041651890473292,0.058987188292960346,OGLE LMC-HB-0137
4176.293551536892,49.471890015294775,54.56271821797691,1.0834038489796123,0.10480597953853177,0.19691097304936256,864.2166798714887,44.3737919937588,52.80068901042296,56.2524900415146,1.376160828104375,1.3420212856006728,0.0731159091329624,0.029403501539028376,0.03153085307426137,OGLE LMC-HB-0138
3998.6194575738004,39.831835508734,47.14181204550732,0.8019790963963751,0.05313738550362368,0.11314481251229136,1171.9781250582375,58.752677025827325,70.08200922039623,71.32355363909035,1.8104587207376994,1.702346730596986,0.07893767013499979,0.02848450332753595,0.02851370209475569,OGLE LMC-HB-0139
5208.866079936671,201.90303040930485,262.7648560866219,2.604796643547514,0.57056114876691,0.4994767195975185,345.21563105296747,35.651216532358944,53.69579382688249,22.827886847528728,1.331332468711448,1.3904942608850028,0.11396917021550139,0.057059352389666744,0.07134650950664952,OGLE LMC-HB-0140
3886.2619062955587,63.75234988144484,65.32775820342113,1.5996095584927779,0.38481743371504784,0.3593036143235202,1422.9533375976193,79.30523059619964,91.57189282029185,83.43397049816897,2.6273805204219514,2.673603130102265,0.12954347801770652,0.040180028448715516,0.04098080207367194,OGLE LMC-HB-0141
4175.826434144837,67.29400556177461,73.66314739819245,1.4180451814158879,0.2377927629276484,0.3712087264640278,648.5382670399958,38.1279709749457,42.29871065209488,48.74507363559719,1.177111459736615,1.2496434574058668,0.07942956326220983,0.03897578548884991,0.041294141313260535,OGLE LMC-HB-0142
4076.585636044357,146.55681507897498,197.99684432762433,1.6156189330550275,0.3776708881267201,0.5792757181126098,580.1487408737491,64.22858000333588,92.75534754795422,48.26375592090494,1.9381170744853478,1.92042548645329,0.25701315093201793,0.09649942699329492,0.11751477563151325,OGLE LMC-HB-0143
4126.586206232465,57.507320412124045,64.47880934548175,1.2476487978164996,0.13414926764042345,0.28135161727925495,617.4339688955974,33.620851441789796,38.7576473333329,48.705695952404085,1.240877454223984,1.2148820773185562,0.07058021818864385,0.03381437260391322,0.03736317233451761,OGLE LMC-HB-0144
3870.6062480427477,51.11892094770883,60.17879309471982,0.719858147308766,0.06992016196807826,0.1584640289286836,1311.0940997857595,71.37702107808423,87.88123778933004,80.58225101699598,2.173739780028015,1.9976757265208107,0.06513061907188922,0.03788816101203783,0.04338376964703558,OGLE LMC-HB-0145
4127.045809153769,81.61979262512477,109.51033788345921,1.4629983246879608,0.17646285719129606,0.44011040392747125,432.76563137381766,29.613914193010487,39.18440058906157,40.66273843655063,1.3964151892248395,1.3751596249927474,0.08685676982067028,0.0473867405772011,0.06250219351299743,OGLE LMC-HB-0146
4421.476248500608,126.1722570687325,162.82284439111936,2.355975820816231,0.5621622325299911,0.40418932459455537,468.4753630491452,39.27524485559371,53.00410441336925,36.91072367409214,1.6852682611030545,1.6973668608604342,0.12111492405114073,0.05503084038399826,0.07000848998979202,OGLE LMC-HB-0147
4445.599839069507,75.4048695103902,86.2398937596572,1.841297020600063,0.2860724654674103,0.5476057717787368,339.8877527452748,19.964144324653716,24.090159845107905,31.144162316102825,0.9034498490605358,0.9053035955587525,0.09314522366473388,0.03422011949112906,0.036769191070120666,OGLE LMC-HB-0148
3994.5247910613202,56.189126852017125,70.3280833782319,1.003462484444751,0.07684970451556217,0.17319455592470456,789.883779420266,44.698747948018536,57.04157592813874,58.691360160892394,1.6871676874521668,1.7423421132753845,0.06548629694425752,0.039388398736289576,0.04498169858897062,OGLE LMC-HB-0149
4626.653908232551,91.48438600031386,102.70921228543284,2.2676661187457454,0.50735458816241,0.47112054468009745,513.8121019739489,33.79417791035479,40.87555655872393,35.35764324469736,1.0474585441927502,1.0326921609542836,0.0799775328466186,0.03773892219631148,0.04099462935653227,OGLE LMC-HB-0150
3954.057046568733,81.53372316176728,103.64633471257548,0.9231745279127804,0.21939533346149265,0.3232237971774613,1653.542485941178,115.39413610200018,155.48115161367264,86.68331926646341,2.5470636148356647,2.3367157929591116,0.13369086344575437,0.059834636452752304,0.06798932511755246,OGLE LMC-HB-0151
3895.968462416791,79.14715853219059,205.9128282376787,0.6399964302193333,0.19409303172072367,0.3876827820392794,6742.125925450862,474.33231408656775,1183.2485892143122,179.6815696456839,9.591809825453112,5.284218039704342,0.15104677464813385,0.05662698306527514,0.13091107978386737,OGLE LMC-HB-0152
4031.6709635097836,71.0695035708327,86.32972301419295,1.2829814304402871,0.31610227533874724,0.41057743783736433,2283.6016202150468,135.7493936026567,180.17764996875712,97.98541423039114,3.1737404937010183,2.826697605385121,0.09911213613617825,0.0429319712025185,0.04728965939368546,OGLE LMC-HB-0153
6875.931597844425,440.6064691670799,578.0816936667889,3.0288512031237875,0.6104169760996827,0.5175551451977456,405.30429648115353,54.2934963164609,90.37063243404123,14.171941356900817,1.45850208564147,1.5278709830180475,0.0880689695972822,0.05349332957867914,0.06695897185775428,OGLE LMC-HB-0154
3962.4460796298126,161.25395871849423,205.55068714266054,1.6197217304852225,0.5396384237237208,0.5520450362677869,995.5836588129621,117.01843416193867,153.45322161415288,66.5688745645487,8.635326883770716,9.04974730286365,0.11545908003950894,0.060058550059021845,0.07089512843272136,OGLE LMC-HB-0155
4193.076980575904,89.12980784497358,111.68464886192305,1.5134013609609174,0.28684148081581884,0.6150675767637301,564.2353627631013,38.65767458391417,47.73669626181663,45.035544289549044,1.4550252237909334,1.421796262753162,0.08981067570246448,0.049394675575965295,0.05754399864477655,OGLE LMC-HB-0156
24760.156123143566,5679.472428681056,5204.656615555552,3.9095691212002515,0.7569044434583021,0.41041032424541823,11514.37765331879,4212.161076415139,10501.968865595145,5.478381556186506,0.8235477171291334,1.307563342548292,0.04383472693293093,0.030784876984961816,0.03959148343423874,OGLE LMC-HB-0157
4199.041221993015,76.63831307499913,102.09018041295985,1.8456640066263141,0.525510814498229,0.6185975576140812,612.1810681507711,36.073862310501,48.044318325459926,46.75531638697669,1.630973193578285,1.5961548128766267,0.061999588785815296,0.03803699375133113,0.048604557797278944,OGLE LMC-HB-0158
4236.202155031795,40.50513286590558,64.44153536663362,0.6840001498725619,0.054581733552723555,0.1188492669275909,1955.7285011202619,99.48045617063235,128.9207750400576,81.96509759564724,2.1355427629906956,2.0430908907480614,0.03559602676255853,0.0242926037979058,0.036127556281146486,OGLE LMC-HB-0159
4364.111438999735,113.87728781026453,151.0505830155471,1.8650509223035654,0.39437333664067364,0.6822773963493864,413.52063641540076,31.059385750138404,42.49853225211024,35.58538835231002,1.5331499276341347,1.492263098526351,0.08676617784238286,0.04989624834775886,0.06438263746921233,OGLE LMC-HB-0160
4410.934704250422,142.40901237105572,190.65865910385855,2.1627580349856426,0.5693870569481558,0.5705266752655063,429.73905572667604,31.143259225864597,44.124904781392104,35.43932549026075,2.278976904584127,2.2475157827563095,0.08317310679990549,0.04686959733993552,0.06100862662333072,OGLE LMC-HB-0161
5335.373682110364,228.13200891584984,252.8846844786849,2.484690745550198,0.564367429200276,0.3258751140932019,957.7103873998911,137.60531926405872,169.82660857458052,36.26097586987405,2.2815992577456754,2.3198451725918687,0.20820997657125814,0.076838789601653,0.0774898154314285,OGLE LMC-HB-0162
3848.275146673958,62.39133500611706,74.48466538273124,1.3144597493320154,0.32756786210288436,0.39424024196953233,1065.8580010656049,60.62272839537559,76.07481519689782,73.52106984206347,2.0932180041887847,2.0682818333024215,0.07724350472277267,0.043491699372809514,0.052438425439194525,OGLE LMC-HB-0163
33827.65296028893,4822.966682223716,3521.0921326220487,4.209245532827503,0.35695095975011526,0.20173219948546883,28532.138377293195,6981.790394495365,7491.876737550323,4.778886768314861,0.37914417865035954,0.7488341488479646,0.017277617061623715,0.013194391900709668,0.02250906986133209,OGLE LMC-HB-0164
3931.077071019809,63.00305658807474,79.83186224941483,1.0315033947661798,0.07321688511692215,0.16158042235636594,686.9195229864953,39.2010182016661,52.255406154693446,56.497599518303495,1.7137930542085655,1.8433056349830608,0.069810988525222,0.04300960658851628,0.05409162276413711,OGLE LMC-HB-0165
4135.143427150336,77.83274216631753,80.27085968166557,1.6004302860441697,0.40662004534523444,0.5988762204994378,704.8074909711963,44.86452239736923,50.62931331034633,51.84845457210663,1.5708834276356143,1.5257809011660939,0.1033669956319527,0.04421529283562932,0.04357853430180669,OGLE LMC-HB-0166
15308.25572130921,2886.9986724885803,2777.788714566059,2.949813094224557,0.3895798472779455,0.5357644382690245,8696.923466231601,3927.4973261784935,5840.925877371432,13.219205214391415,1.2441041844413032,1.7467012333719296,0.14904095052938587,0.06483872817443549,0.05734651052485962,OGLE LMC-HB-0167
3820.36868572836,48.128888577077305,51.85779801781791,0.9671041638484876,0.2411212818970082,0.3627397781658701,1367.3626217371866,71.63846193695736,81.30032196522711,84.49718140240527,2.323742400288012,2.25370580632638,0.09137255466188574,0.03253003543649209,0.03531767194017599,OGLE LMC-HB-0168
4222.9465510475575,79.27544956094425,99.59104438988197,2.1923598904575488,0.5194524099245035,0.37306062708464127,624.6453178085118,37.462262155545545,47.01618241155779,46.744841028521876,1.8433876496668091,1.8076553741076111,0.060832006788562175,0.03820066000862863,0.04759678702147948,OGLE LMC-HB-0169
3938.0266908311296,82.80709981082737,95.36954694691804,1.0751741572456086,0.13453014201273317,0.27741104720085086,768.3575751440969,52.80765836058583,69.62452670207063,59.5631319103024,2.1554933421024884,2.149053564187547,0.09640795542296926,0.057268416093992344,0.06587062715630543,OGLE LMC-HB-0170
4057.2347639502987,31.41674242795625,55.325747841980046,0.4363223469300459,0.03868028449874006,0.09216339051657996,2750.253400703428,133.58146698873134,189.83131292443795,105.88747925612563,2.9704370100132707,2.651519045462649,0.023604024365849754,0.017276343788949572,0.03786116841556578,OGLE LMC-HB-0171
3884.0946521924966,74.03200131992298,98.67495996492198,0.7898445162885421,0.09864266219418949,0.23949114247309344,1239.6631651242153,82.36975679583884,117.30084518380704,77.69176362165352,2.7019226186579886,2.376635164083112,0.09516702806263896,0.05371273415079758,0.07069236219218214,OGLE LMC-HB-0172
4084.434302962598,112.77497320208977,125.64464022644552,2.246275469015083,0.45435488472629526,0.2640758684190776,699.3383105265706,53.164785098325524,66.1401304994099,52.86607805720478,2.6980424235522307,2.6695060783809055,0.11548160877284991,0.05879473244493438,0.06420363793452602,OGLE LMC-HB-0173
4199.755247779694,109.2081735024367,141.48124633713815,1.4975103583592122,0.2961422646718941,0.6657045321766941,601.708703892328,49.91167994031434,65.45636015851017,46.34912015491226,1.475029978780647,1.3719274000186275,0.14571210681192406,0.06446900098782202,0.07369224502730778,OGLE LMC-HB-0174
3970.785875557597,60.81015201931723,79.5358300191956,0.7609635391500222,0.06187777994758137,0.1487835721235845,1285.0775969408883,76.17524763144274,104.2875577109146,75.71806576720967,2.260051387424639,2.0651814888947087,0.09789216013245655,0.04293515621413733,0.052318094577325835,OGLE LMC-HB-0175
4554.152926689059,143.7207914736573,167.09779762217568,2.0284599762024778,0.4600131493433737,0.6211635949103327,456.12746633292585,39.120863540978405,51.45842074168581,34.309026868245866,2.49618650619729,2.720358236547135,0.08192866603136537,0.04725280914828084,0.0574076728939176,OGLE LMC-HB-0176
3883.17402201052,42.41484111318505,45.19541121998827,1.0077259207247289,0.23266144583726223,0.31141743063906113,1351.042269742843,66.19179004348166,76.98131299924512,81.34087839003884,2.2634457076334797,2.1936171501498194,0.07397858447474315,0.027062897696303198,0.028846953807153033,OGLE LMC-HB-0177
4055.7700230261676,58.754595350425916,72.93639148731336,1.4581507511202871,0.3150637796587741,0.42471825691848974,833.6143727005465,45.54197298079339,56.295103240744425,58.51597508409896,1.8379361922491313,1.7944224775882702,0.05647438079117241,0.03324137536984771,0.03933468854148821,OGLE LMC-HB-0178
4046.1147953803884,46.823714109414595,51.457245001095544,0.8819567178933557,0.1569954720663027,0.22929482502125131,1553.8363292057434,78.69056158394574,93.97510746517241,80.32558591325997,2.0010066607781454,1.9438205190089377,0.07912698043144875,0.02814632247937847,0.03045491400898348,OGLE LMC-HB-0179
4546.075040574291,79.41562280407015,96.69056423622533,1.6952764001606797,0.2780109228589671,0.5654993684114753,515.8802845482705,30.976617477239643,39.803138919563594,36.65502066370056,1.0927915268958444,1.0347481368847653,0.12400574164335844,0.03386680630382623,0.038007221218323714,OGLE LMC-HB-0180
3850.1519688994813,77.0310262744224,93.03776718775771,1.3673009198072874,0.46407512874932066,0.6037523024021305,1139.1325040050856,73.53089000301225,92.08886253913988,75.86120572976678,2.8975783599879747,2.747192673942635,0.09452434753327488,0.04971763189293733,0.061490270116656365,OGLE LMC-HB-0181
4070.8804448591654,94.13508729925616,112.33538931143175,1.847564534198097,0.5131069018005698,0.41882968057152903,985.202682930909,70.38752556381917,89.21054990243158,63.191435079558914,2.3050824183635186,2.2065637808580334,0.11635602592514309,0.05377897073298085,0.06294090127532871,OGLE LMC-HB-0182
3989.6880533477106,76.20016961542387,106.02013853202152,1.11865124248393,0.2088045027141845,0.598095260209192,891.5168537839139,57.226287651423945,76.80750169983219,62.422884834753866,2.100455904797826,1.9985575700194502,0.08635745366828285,0.049919833750958785,0.06189594122891989,OGLE LMC-HB-0183
3966.0935941900275,46.26673357866093,50.98257710467942,1.5860873500634989,0.30215876264486075,0.3468406005674691,927.1336239139325,47.17055936260408,54.67926120794948,64.57725993720777,1.6938737558161634,1.6403962462544825,0.07343981703980201,0.03040023747384319,0.03188461539603965,OGLE LMC-HB-0184
7322.993471698486,445.9699744801401,551.6754639540532,2.953185358715137,0.5415789529144872,0.5911110975333065,416.4886824168125,48.17163341656351,79.8037600129694,12.65045236190326,1.2879732505546677,1.567601435107571,0.06758556849908244,0.040763153291963256,0.050211404458239406,OGLE LMC-HB-0185
18159.854134781843,1764.9668171736703,2745.9058411706064,3.1176149803488022,0.4270693511957031,0.31703417287754165,29498.682903258315,7471.875494592608,16915.140039189024,17.280215540108824,1.2497317510034378,1.131382825952894,0.04644040573582639,0.028624998199223407,0.03924600050108587,OGLE LMC-HB-0186
4001.106398682925,82.13590237769176,127.20765020630279,1.173748296871778,0.3258756624628686,0.6507277704812946,1189.6793251965819,83.61661990042376,121.04862900642865,71.66955741594018,2.2901627722778954,2.1070947625330234,0.09149669583775114,0.05745940348642718,0.07689318101710499,OGLE LMC-HB-0187
3955.3298090921294,67.94623020830613,84.68325368217165,0.9563099627532395,0.14999107920260368,0.3976770408540492,1063.3464999663215,66.39232130608309,82.51871828388084,69.45867279437313,1.9251265803241182,1.8593374497245634,0.10604156977258924,0.04819835214802286,0.055744897578162644,OGLE LMC-HB-0188
4138.761447398163,76.94141001488424,84.12039453964007,2.1910416726306887,0.4149333123330927,0.32797560416080485,627.3263990266245,39.73061401085067,45.88887087715625,48.80553514972361,1.3446501928612662,1.3529421941086355,0.09588753205092226,0.044010623346742946,0.04792024444438697,OGLE LMC-HB-0189
4160.929690600666,70.81346434557054,80.76000982446294,1.4296303970768633,0.26224112601433447,0.383054782401933,720.8811293545303,43.5403790553695,53.45135180553484,51.75824491950348,1.4339777130195444,1.382222551024995,0.08232647588609579,0.04202135056317229,0.04717342812893796,OGLE LMC-HB-0190
4062.0880050106553,135.56393882410248,165.2272795751369,1.9540190232986765,0.508002932231105,0.2986866571188411,1197.8992761961981,104.19739154090848,136.52283140255145,69.76483683552142,4.727564768653309,4.825874856268797,0.1325335190235288,0.06590827252699313,0.08149774210797658,OGLE LMC-HB-0191
4189.608524741227,70.86513467277564,94.283893515626,1.0889315082772344,0.07023918793324335,0.1690685992493277,768.7089181926359,48.65333215629016,65.74033829814778,52.59349671437151,1.5316392376332146,1.3856141682575114,0.08510394903833626,0.04354917393323543,0.05344448926457232,OGLE LMC-HB-0192
4220.990372344074,77.36792056907416,108.44424261040785,1.463676580249433,0.2970446686756969,0.5112053289598855,728.6565761176971,46.79103326488723,62.12915898096958,50.46370792816271,1.7303185697999197,1.696282866807806,0.06847380447510652,0.042672032999828316,0.054662309662810535,OGLE LMC-HB-0193
29105.48741286607,5297.240881346344,5577.0662184348585,4.07490361758549,0.5603340348462367,0.27422214738019957,22947.97473015749,7285.04880060468,13233.064116576024,5.795435173211431,0.7950676114932147,1.010465158571817,0.04412195476486402,0.029870952800188123,0.03881711771240647,OGLE LMC-HB-0194
3800.878180651187,106.25456642396102,163.2111991479169,1.3735677592427287,0.4418944764223771,0.7018371563005941,930.0342400853268,96.77321967706166,132.96340787142128,69.84675929460582,6.18437380335007,5.552532505495918,0.1402559864422748,0.07379523527761629,0.09502176610904872,OGLE LMC-HB-0195
4135.198491851764,69.76008177451558,81.30552783715939,1.378417319336416,0.22412779729513965,0.43209433317325385,625.0182926579561,36.711380519663976,45.15349390187271,48.76603571037187,1.5117932012688158,1.4466274747719154,0.07312428761114909,0.03900064921884271,0.04596152285520182,OGLE LMC-HB-0196
4079.756112784668,109.97276517528235,147.79748496546335,1.832167232351812,0.44703302888357443,0.60111083031065,466.1463143322325,38.96101725675959,53.634696586183,43.13470190757802,2.2130271782743165,2.242354799205202,0.11313601880562915,0.06266012161733764,0.08159521321448243,OGLE LMC-HB-0197
4073.740154688308,133.0081396764922,192.04075218640946,1.8360440409900756,0.5586306143957835,0.5265233504230196,717.6129764034503,66.03408817411002,98.09375244685452,53.68266333966916,2.921060508093184,2.865337846383845,0.13232446383935798,0.07629405588725327,0.10206929143704357,OGLE LMC-HB-0198
3877.2724516108387,88.03654838307375,107.02320736293677,1.2485848115861082,0.3690790309077244,0.6404632572333995,999.5135498895775,74.78464023320976,96.21083106499145,70.1183890110532,3.2239976582101946,3.090521916918746,0.10599317388856139,0.05782532058930914,0.06973650290634545,OGLE LMC-HB-0199
4101.508863724258,111.11296851158431,147.10788340855834,1.7894089341308677,0.44904978817942864,0.3560207856048665,1519.3989216181365,126.02770749154456,177.6832845865199,77.2190326666278,2.750978745369224,2.530641249390186,0.1311888297714101,0.06660378645360845,0.08523309361084275,OGLE LMC-HB-0200
5171.712934682171,136.88752863657646,170.15593926397014,2.071733415151061,0.495395751643799,0.4740059446587961,1229.5231012596566,113.76343569958863,156.16495614092992,43.73872518302529,1.2791262792964204,1.2386708017390973,0.11095386431292614,0.04962727797278335,0.059245158760043826,OGLE LMC-HB-0201
4230.359289122538,108.88708587579094,135.5757221103131,1.8720248613639312,0.5051533969737056,0.5302973868944167,724.256897480634,58.83517048509225,76.65696801024671,50.11789480402713,2.2633531918898058,2.1899369522598136,0.11335415224018346,0.058769682047743674,0.06705539931248967,OGLE LMC-HB-0202
4133.832749182111,123.10084916891901,179.0734737405728,1.6494304409625382,0.4651762254608698,0.6688482079285776,697.0671867680545,54.783430146890964,81.30768651857272,51.35775758101892,3.009300845256085,2.896415130517724,0.10047068521438318,0.058293131888609614,0.08234167987491897,OGLE LMC-HB-0203
4375.904544491003,80.94488044426635,93.28766118535259,1.7603333587594499,0.27213250542724765,0.517864647295796,378.56842913503834,23.72791843478103,29.888948286352218,33.92296066642824,1.0206493747626482,0.9819268934702379,0.08090803924849742,0.038460119548795774,0.044509183105517144,OGLE LMC-HB-0204
4053.807226830951,98.3268350503754,134.17939757796603,1.8170569043026463,0.492377457970371,0.438668034268493,910.8950466518094,69.17565791786797,90.99643401585251,61.13504330615382,3.4261729457689327,3.1307338589866873,0.0912517068184318,0.05381145874194601,0.0681413522952289,OGLE LMC-HB-0205
4074.4857084557207,60.97562586179447,72.35508957347065,1.2729325470550266,0.27348243225003654,0.40528069048744153,993.997231596484,56.10745071793542,67.9075916186091,63.31588928204249,1.7709188966986176,1.6921678525594217,0.0674077932706381,0.03529969641242431,0.041291967207715746,OGLE LMC-HB-0206
16575.744560265433,3089.3172087965995,3526.8636217935527,3.393783719215542,0.6924941850818032,0.5626792664859832,5820.29999678841,2263.204949664408,7047.625456876023,8.697871791793839,0.9853882473558002,1.392019546045157,0.07300317697830236,0.04935204685097359,0.055944848586747975,OGLE LMC-HB-0207
3985.7809762954194,66.75772111174547,76.15426445172125,0.8956586948701043,0.055321747356177675,0.11876025616954478,931.6999442484778,57.34480882765115,71.88830665005389,64.09612252282449,1.7546481988578293,1.6777502525294494,0.10847738148553511,0.048133430983296685,0.04940704925824636,OGLE LMC-HB-0208
3951.123144111121,52.97587674186434,75.8720219272468,0.8015729597149965,0.0636485708656116,0.15150734754674655,1159.015027540205,63.48371021804951,86.3875877628277,72.57260514491308,2.146987123548996,2.129447152151684,0.05571171606918536,0.03750610862087659,0.052172395533488486,OGLE LMC-HB-0209
4099.017173112706,65.1940328511323,86.27893433423105,1.2503415327525904,0.2934383591445122,0.4276981232770898,1152.5572904055857,69.16428311878917,86.39319632808315,67.30562660504971,2.001540907385234,1.99038913013284,0.060073260509967454,0.037520770099586986,0.050079787225324086,OGLE LMC-HB-0210
3945.0737139893968,59.46059819055699,63.8475483035877,1.0759743913686395,0.05348535573079771,0.11106342237180789,588.2351246925621,32.691188536275604,40.71684938413432,51.97860491584293,1.5119533600294375,1.6431575222192407,0.06986627610660079,0.039715280128700875,0.043947910138372584,OGLE LMC-HB-0211
4265.367400789353,69.21208762220886,88.00163021972367,1.5694391588718557,0.32996662643658947,0.34258423050568787,2622.298894166073,160.6287838747512,204.58740027820477,93.81748965156284,2.6714625391944224,2.4011386387357874,0.09135921595801874,0.03863384910197849,0.04342396110108984,OGLE LMC-HB-0212
4540.959855740196,82.30732073405034,90.41210337414213,2.4302463274096815,0.4405563374347419,0.34744575928624366,508.8221297361032,33.15676430806235,38.362961498795585,36.52309639221195,0.9623234901893412,0.9351595666464547,0.10661087334798976,0.03671910748916364,0.038162948803704785,OGLE LMC-HB-0213
6051.4377645426775,212.27986566914478,257.7323875647089,2.4174713885857155,0.45652970625319034,0.22412237897723974,2543.2073131064803,259.31502983655764,331.1675353808505,45.954106719802446,2.5746278945658716,2.457467411921847,0.11338194065062514,0.04482046534342511,0.04993376016592292,OGLE LMC-HB-0214
4422.276375543735,76.51521107304052,87.75143852307338,1.3351138341954423,0.21148261573764215,0.3548268271384232,892.6726530051869,55.80669288676813,68.09560786279917,50.96562411471894,1.346283222599297,1.3566570436261642,0.07005258192832972,0.03835552839857043,0.043015452679328714,OGLE LMC-HB-0215
3966.569558616626,76.60322849500835,86.6626303845328,1.2070056742211095,0.21286723697465326,0.41982711190213795,769.9217222984024,52.7221508581091,61.15770301932173,58.73034456547139,2.597824956305878,2.7171704727563295,0.08650549156754658,0.04718935159495923,0.04914216465781182,OGLE LMC-HB-0216
3962.64730523373,69.42344889129845,87.77862682030991,1.4951763333371535,0.48201779297907743,0.5138432337803296,1259.1573089660728,73.86399962980886,95.29501828488128,75.28786696663298,2.595660179151139,2.559609082550125,0.07255414279787797,0.0426695192414712,0.05181508227412612,OGLE LMC-HB-0217
4068.275750291073,75.42964082470735,82.1708966463816,1.2279242664818513,0.16217929933354092,0.3961137117973703,672.5345839878552,40.37073750529976,48.44197024900893,52.17331149238019,2.1159813720880933,2.363544979207475,0.08138415848877127,0.0361112418533428,0.040262830063263685,OGLE LMC-HB-0218
3864.498258822266,54.04562492676769,58.66835833170444,0.8170453682206763,0.11081944180166736,0.2161692473399085,1201.1096843844305,68.06705450566687,77.01832419304992,77.4354676411255,1.9202887425129376,1.8871860562941691,0.11553259114469114,0.03945521494649051,0.04305668028373125,OGLE LMC-HB-0219
3931.4693824477,74.2259453122515,89.29335263653229,1.5391426042866683,0.4187947763376698,0.4482969871398772,1198.1598780528109,73.68536761116957,94.49791216371841,74.62276025966348,2.6161018686139244,2.5848850415376887,0.08876560778621392,0.04681228835315489,0.05627855799804152,OGLE LMC-HB-0220
3816.1660038891982,67.38965452104276,103.92387323592766,1.1805411696682275,0.3954020434224017,0.7115270844860808,1201.095063174614,72.50692186751485,107.80224145232341,79.1182605626752,2.973954884773349,2.6871171011579094,0.07326752680568267,0.04552345009290569,0.07125901805929945,OGLE LMC-HB-0221
4127.863127383497,128.35353884856067,156.96712292135544,1.8877029119139135,0.5459298472865586,0.35863642346581526,1177.5529197214044,99.72937908957078,129.4318765423502,67.063787900825,4.441580688305493,4.648295555665953,0.1028700181186577,0.06007284053833147,0.07627388890360573,OGLE LMC-HB-0222
3965.394052129443,58.76202728945009,83.78499883619224,1.0072309745246422,0.18998440036077313,0.333164757281466,1131.8169854295934,63.38254969639502,87.87200802889993,71.24217392676515,2.185291108596985,2.103694897212023,0.05913668545016736,0.039718586988196795,0.05499299776710204,OGLE LMC-HB-0223
5340.200694239954,119.21304173681165,168.34886741729497,2.2002898011093683,0.4580423796880595,0.3467658363216186,1615.337091239251,126.386029364264,185.14165739899477,46.97786412464183,1.324277897328706,1.2877795384569097,0.07079746064226386,0.03924863514687711,0.05225063862844573,OGLE LMC-HB-0224
6794.464538348392,282.5224446684879,354.04754929120736,2.4706173996906147,0.5611406213814842,0.5875181495413218,1004.6102526264616,103.53355719453441,177.45677512876807,22.845998020694378,1.0544527772587706,1.1817228801617574,0.05731167772737163,0.03862146446504969,0.059064686929925586,OGLE LMC-HB-0225
5226.223366586382,300.2106622473302,318.2168827830983,2.046208230679188,0.4536071745350554,0.233574401234661,3305.144054714578,544.745023950592,692.3110628376153,70.29298408855017,3.549513737674687,3.6671340197331403,0.30097236266297855,0.10627445672623834,0.09791109622925653,OGLE LMC-HB-0226
3854.287876872697,68.0706987355743,84.55205671456952,0.7250952228039222,0.0813674757668218,0.18667596010783716,1323.9935492752413,83.63425501404049,109.70446763461473,81.57963141906689,2.5259312300675845,2.2733085914149314,0.11579196490715574,0.04970202355703758,0.061596192620442664,OGLE LMC-HB-0227
4147.3085010407085,73.01268200993445,86.59615536680576,2.1397146070616353,0.32571337124850785,0.18220295052001223,1219.4120827811598,71.7063309282255,89.1561803981458,67.72290155839984,2.6916075395807013,2.531464004449006,0.07490259137083777,0.036693046771907004,0.04301109525444419,OGLE LMC-HB-0228
4031.3415881699157,55.10097198439598,65.01102759457808,0.8079307321014519,0.05121018323330684,0.10456724618686997,1183.3951459829218,65.94832629957705,78.36283117407243,70.57310811423312,1.7397663154925311,1.7154082563548059,0.08337236510178217,0.035982884110960095,0.039482960687050914,OGLE LMC-HB-0229
28095.716619855288,4775.1758947872295,5402.344344803758,3.7388416341379944,0.4647257173263739,0.30327697325862246,60314.77633284843,22044.17964363352,34040.899626519255,10.337971633851895,1.4012591141405988,1.491009626336849,0.062495861898624834,0.03992783481337081,0.04092240554188029,OGLE LMC-HB-0230
3946.7273470360933,45.95677527943462,70.37709102505642,0.9049123230351859,0.13530292372623243,0.2964739987570466,1150.5896256630015,59.746712131431195,77.97390288400584,72.44818379397233,1.978380707870528,1.9563137317327488,0.048815113764555496,0.03170347940970057,0.04709436744048473,OGLE LMC-HB-0231
4681.912309666013,94.00352815088536,112.67198843138794,2.638471331631923,0.5513209067207638,0.39229674605351494,312.1087902851376,20.262578604869816,24.540058761767057,26.888335731439195,0.929120398424466,0.9694790990681561,0.07065209063564198,0.035388173436452466,0.039571969236286225,OGLE LMC-HB-0232
4122.312449366561,78.95230576457607,108.59927141307617,1.8965307286704722,0.46179506087035094,0.3964052978069921,1034.4109506718187,67.79416479652423,90.84571472843231,62.99184116330502,2.401715881651306,2.1741962787321043,0.07462471479293906,0.044045703546805544,0.05907584689485104,OGLE LMC-HB-0233
4109.705110973069,65.30784014180063,85.67095239904666,0.828421658508457,0.1116004349770322,0.23201004913652468,1519.6434420302426,92.07251426130347,126.88139477945447,76.88340653112473,2.1894547662009103,1.9213400755336636,0.0820857778719902,0.03888928611461704,0.051706453181419976,OGLE LMC-HB-0234
3904.109936823981,53.929366162695715,65.50846628937006,0.9493423060862543,0.07790258663035055,0.18972014934564685,821.1416749201519,44.789452698775335,54.4063806744316,62.65856602425542,1.7514590154562342,1.7137626404764745,0.07582052717304996,0.03806473747365136,0.04595256660114512,OGLE LMC-HB-0235
3882.240907136388,72.04223612407031,100.81272261137474,1.029038635566961,0.30075290633029217,0.4548334556971785,1582.1062987085063,102.87431747524147,142.55315658649738,87.84629417375064,2.789517072071547,2.4958326752163345,0.09387418384555948,0.051324491424824224,0.07207020033038089,OGLE LMC-HB-0236
3790.7668031423927,93.85106010354639,130.28086238003016,1.9637097354701967,0.2157834272823056,0.11391605608031186,1605.9453719632177,102.45835487340128,149.31313482930682,92.88712824240201,4.931132404524789,4.480300763436986,0.06494569292044419,0.047385121844028766,0.0763793458237613,OGLE LMC-HB-0237
18642.057243076088,1205.697394003586,1980.0114374605328,3.1348475928937156,0.39188281248784884,0.1789195525767444,53999.95495215489,9678.372974971018,26304.773774288682,21.72787733618623,1.1298439613689908,1.0616479151742801,0.025610286877816368,0.017781023385773073,0.030386114131845905,OGLE LMC-HB-0238
4171.304366234988,118.37445451400299,141.98636875030115,1.5970464876839257,0.3964163766313946,0.48920895565999145,1038.7247131196514,91.23060365251388,119.80479902147567,61.79925572300752,2.0558380736256083,1.912629084741198,0.1527949932820603,0.07022127639506795,0.07910368689877573,OGLE LMC-HB-0239
4087.990491955453,68.89809794655594,93.73958692298675,0.896856848411504,0.1694523541465991,0.31077700298461886,1565.5161550493401,98.02630518055162,135.08975950792023,78.83289987078864,2.4403680486558983,2.144449904750232,0.08326752571225537,0.041462964724996075,0.05671716157098783,OGLE LMC-HB-0240
4731.950095102534,104.0190861962692,131.36862203686633,1.934048350021935,0.22785082762893172,0.5995831632407944,285.92237794740794,19.312133868184162,28.072546948261106,25.19743409790991,1.0779317157280452,1.123055277642944,0.057987344443535066,0.03633666799316465,0.05078621209107946,OGLE LMC-HB-0241
4430.388352037513,123.29562410663038,158.8965062505922,1.5611784822247607,0.46100429058534176,0.5837089068455839,1310.8585802207888,105.25150477827628,150.70886158188182,61.478042898955664,3.1577832325334185,3.2650249269700424,0.08141051023423625,0.051576157492020616,0.07089822913069231,OGLE LMC-HB-0242
4097.043759122461,45.64102298081434,45.52808458276559,1.1106518490470212,0.09280930848269486,0.18066476879778115,719.8821674942182,35.18606540691428,39.00662012508769,53.40385116596323,1.324219591982768,1.3393921104474416,0.06546275485343933,0.02582973904103636,0.024004283290664924,OGLE LMC-HB-0243
4529.946338658582,146.05119997684687,337.2689106563421,1.7210863845174287,0.34325933482729853,0.21953780967886116,5096.259376110021,438.61317658633834,1000.1223174554543,115.28093009323223,12.49655481564298,6.951952773342867,0.11897275124293925,0.05650907150169425,0.10898980050751035,OGLE LMC-HB-0244
4437.246135653659,97.30162311636013,130.511785549279,2.4407291170303846,0.5681625832984594,0.40347828884691816,395.5506575825968,28.699781521853993,41.648898126701454,33.70801527060787,1.260677933941949,1.3417423732771923,0.09526715472384878,0.04520254947242233,0.0548344492890796,OGLE LMC-HB-0245
4315.200665461334,67.46944629740938,78.64231088151155,1.4931341534718563,0.23981942556826485,0.29299135147486965,896.7474064197213,53.59460980984784,63.32710758490771,53.64749009967624,1.381654624089741,1.3213274894585894,0.10585304507398019,0.03406123485479126,0.03868635134425677,OGLE LMC-HB-0246
4078.284093700534,87.82863023175105,108.60756644244066,1.3275245809913034,0.40413797608652835,0.6416571710549639,1172.6907990543198,78.40158954599951,103.03606412985027,68.68333656312478,2.3808427964877126,2.3133558165857693,0.08653212292263109,0.04944476949803621,0.06127834099551978,OGLE LMC-HB-0247
4091.0168541349367,88.87386601286107,116.8710093938289,1.5000004825788769,0.32405761134819566,0.5642409881942636,648.1323728391392,47.44378946513177,63.035997700836674,50.63705458627961,1.9527795099570113,1.9543997388903804,0.09577485177998205,0.05246550134812443,0.06849682615735131,OGLE LMC-HB-0248
3964.2966187187276,69.62915014714872,71.58985297837853,1.0985812931175651,0.09790046125671004,0.21597361635518952,664.1624572462634,41.534974890774265,50.2565932115499,54.628301826677905,2.1916697399853575,2.5600125838913357,0.07831484696373883,0.03996154908197988,0.04466654159142881,OGLE LMC-HB-0249
4089.0812260447906,98.34423629843695,133.80293398058666,1.7968549421315603,0.27517574637062325,0.19886725730875443,2364.7423429148084,182.13247725919746,258.88669302425797,96.98141152606647,2.9471781034185653,2.7824720238990466,0.121809075919805,0.06030841460340714,0.08004924441710859,OGLE LMC-HB-0250
4054.9445916381205,64.1071144968214,82.24331040972675,1.5785026769227546,0.4089829346342362,0.5992294262547575,680.746085288618,40.22437171193474,49.12310118700793,52.884571534096885,1.492955813080144,1.4356763685921052,0.07668165838281578,0.03880921016961379,0.04752474372459306,OGLE LMC-HB-0251
3917.33615891803,62.816200451909936,73.80527009314892,0.7895726780870674,0.21408640362694598,0.2817807571843284,2273.116919196206,136.20163497615295,168.40302356331722,103.56864854684979,2.8419669564104737,2.7571488933325696,0.10467356445142591,0.04458928884253017,0.052839732849955565,OGLE LMC-HB-0252
4201.171917886952,54.80542738451004,75.42224462093236,1.223251172392102,0.10260165150104861,0.23317891120408984,639.9537460553456,34.25502651210729,43.716699015635186,47.74856598265716,1.4108855667085578,1.4400960468282449,0.044568185882131,0.02961698548676722,0.04113105726021622,OGLE LMC-HB-0253
21947.78805414513,8651.66111116606,3202.9361395778687,3.043277964552831,0.5232848099431058,0.14929438350571855,124025.2400973859,89221.59702150049,63150.48299599906,25.011605787168705,2.5372500573213443,9.463671216284737,0.2621479291372661,0.09530478296769462,0.05692568698270173,OGLE LMC-HB-0254
10074.766375860658,774.406632034681,954.1414765836071,2.9837217396016564,0.6229611476532311,0.41541923315393214,2946.0617179191404,589.880234808069,1081.6341230001194,17.596424379886006,0.9954877343093926,1.1237727015112426,0.07072192517012071,0.03653056297698393,0.04320511959571269,OGLE LMC-HB-0255
14912.673547313572,696.9888811284836,1057.813503899295,3.713963158479924,0.4750382927509582,0.2690173694427944,4092.627445591126,561.0082885482943,1086.031498641817,9.558573955420323,0.3443993445483038,0.34983479861591604,0.019266985758567196,0.013501020582204336,0.023961530103334155,OGLE LMC-HB-0256
4040.4605700482794,80.61840975508812,99.3907602421009,0.9133257970538922,0.07219458739949225,0.17190634685545936,1008.7728016866672,70.67805839461232,88.3319325360394,64.8232860035481,1.6736779378101403,1.6637418878712253,0.09993848105269804,0.05425553996256818,0.060996039825119086,OGLE LMC-HB-0257
4903.415977565272,186.94320792558665,219.25784139575626,1.9579715411230867,0.45689275737893076,0.23806468296625316,3098.5404815250804,287.79860771942185,405.85909673151036,77.21509579047527,4.600525021252821,4.716197085750451,0.10711400881786363,0.0596163342931222,0.06985974149383097,OGLE LMC-HB-0258
3925.736268275038,69.05859975954036,107.17621330148313,1.3265275630656792,0.41285033915297864,0.7144358008910039,1014.8932649058804,62.527143475019784,88.8616622709194,68.74566001361994,2.3433341923522732,2.1353015586029045,0.07310665454184398,0.04621387371447289,0.06870072610468478,OGLE LMC-HB-0259
4054.421275973942,72.33890491531838,94.06966838687458,1.5679064224926509,0.32583271935700275,0.49224819044464985,573.1925995348183,36.357252270840945,46.31656084478641,48.5172026231736,1.5351640540629319,1.4874887528159135,0.08880634728790286,0.04436564009637903,0.05424927682232096,OGLE LMC-HB-0260
4628.126826572106,139.35976421438681,181.69829517137623,2.080802245197187,0.35649619434081425,0.18063330283099344,2206.145991227658,179.03974026336004,249.28834918571738,73.08292833044784,3.59271411992016,3.4884995783864383,0.09805640563832285,0.05272134500129623,0.0662847220588118,OGLE LMC-HB-0261
4258.117249828953,64.58568418557388,79.30422788164287,1.4179679468823716,0.21529734788507882,0.3674268555996578,652.9610151824292,37.598256556721935,45.09328604024529,46.96625522253137,1.3182190115584405,1.2780977598098957,0.07146905087064323,0.03605373541451637,0.0376992583104713,OGLE LMC-HB-0262
16196.112795906167,1495.0755942714368,1659.245200422767,3.213158558431096,0.5331437277574693,0.4029315628625767,11762.424610200174,2785.124765875913,5633.363078152543,13.376573241357386,0.6496926584358373,0.7506051076596698,0.0451768815667314,0.02687509080143794,0.03303771377970664,OGLE LMC-HB-0263
4432.491851156689,108.24725583539839,151.42961584813474,2.1270711790033925,0.5807608699905453,0.4663578618241795,671.0108594727009,44.6866127055215,63.657276152994996,43.91960093158812,2.2961833181324707,2.109176890566104,0.060349579226991114,0.03911851491088455,0.05546129337496732,OGLE LMC-HB-0264
4130.124837178655,59.17686409807402,75.70395519340491,0.48722491527248035,0.16484066558672644,0.22764648998888815,5019.2590477616895,285.44256756772666,408.56751722570425,138.32881075042528,4.138716682055843,3.501226845401902,0.07304880958567721,0.03603127856462579,0.045747342364738555,OGLE LMC-HB-0265
6729.162985442135,395.45335048092784,447.69813561674073,2.9829493192878447,0.5078144889015856,0.5973365254794247,253.80999651487775,27.264698121624235,38.23900625220767,11.73402300787184,1.130900122657291,1.331411278701884,0.07743562512702423,0.04230075597518282,0.04576675314653861,OGLE LMC-HB-0266
4009.8113654647873,96.23904951073973,115.56240813390059,1.7089972714886568,0.5330611881384641,0.5704587166769477,752.9069603125811,53.55011341306488,68.70439913477185,56.89594508038242,2.4094237323903016,2.4205378353842164,0.1183476305061385,0.056379833610087846,0.06455331707849424,OGLE LMC-HB-0267
23013.11879492637,3994.895886792783,3841.2567955607083,3.621210795145232,0.478170574314543,0.35287566145076266,23131.310189941803,9244.399462252659,13711.12105181218,9.475226931186844,0.8987555726656016,1.071260000738354,0.09766046209912752,0.045422369208631304,0.03995119258310528,OGLE LMC-HB-0268
3987.2386629245016,79.37974341853032,90.7042438183239,1.3794697122287252,0.34002345051209826,0.659005407083721,747.8156560169707,47.19895709163495,56.91022486983434,57.335949258188506,2.200309853697071,2.247229385939683,0.10779917249323079,0.046687966085450394,0.050106428012572674,OGLE LMC-HB-0269
3999.391057057429,61.17211961909288,74.61253727283065,1.19929577890481,0.2453086551088649,0.565744523267564,849.0602951774027,48.81732372166732,60.990955933833334,60.72075548653917,1.6610870082106217,1.6096406688470069,0.08238378579586156,0.04108512958229837,0.043803993222776255,OGLE LMC-HB-0270
4083.20586812388,59.208670475722556,71.61695658011513,1.26903521331877,0.17676588434010432,0.33931941622515316,657.1791085527249,35.96717668300687,44.30422818155182,51.27472175370645,1.4517411550474577,1.4362074554337596,0.06053084773560015,0.03323290930365078,0.04091362123936987,OGLE LMC-HB-0271
4043.9820166155496,51.98062162840779,68.78405572543852,1.16765000230582,0.09135600552694312,0.216256532158003,603.6774933013938,33.19275652764384,42.57115189542924,50.01101322191527,1.6416403883157216,1.7147689982089247,0.042962224231735666,0.028851011362980628,0.04259285645236861,OGLE LMC-HB-0272
19275.675718986447,1724.6894979180543,2145.4046864970114,3.4419697302617527,0.5208317155380238,0.3468138435572401,16959.7625340686,4180.395374942815,6507.885514061771,11.607634041195375,0.6721858274308108,0.680087699175985,0.03657746853051167,0.024313104745496042,0.02752303345468094,OGLE LMC-HB-0273
4350.107699282647,59.23526238019531,70.2722494945474,1.3288628798500406,0.08068869623621255,0.1995016064780153,532.6353700006808,28.93333894260047,35.24711714774344,40.675075897539266,1.1429707592378051,1.0877784369995425,0.04962194647669616,0.027775942234849225,0.03391525444764567,OGLE LMC-HB-0274
4077.9112506762767,87.61082481745552,120.35067443342723,1.7300114080279227,0.587472674589347,0.47180445502584556,1249.2961365620995,88.361838096263,125.06111958411611,70.81236994362102,2.370373342722118,2.132389111561352,0.1003465050334072,0.05232402812540925,0.06991929138339406,OGLE LMC-HB-0275
7851.136040004267,409.86294491446733,551.1658412217967,2.8566571256777378,0.6592500052889849,0.509829819013015,1106.328732130467,146.91224491141043,270.20324189650046,17.850072354832008,1.002991036315958,1.043600989993955,0.06952394237463061,0.041546868947955756,0.04909934282681144,OGLE LMC-HB-0276
4002.6221779573625,90.35818798256969,114.78002668601675,1.2718257398297332,0.35440475832101537,0.6444477959667276,1031.7449288144103,72.20763773129329,95.0180373086489,66.75017735504989,2.6016799062186777,2.6776566300115263,0.10503273597574873,0.05598701714848141,0.06647660397134049,OGLE LMC-HB-0277
4031.9093023097894,51.638583235601345,62.246780796318944,2.0089442717402504,0.3752361378834148,0.3066761518968031,947.834989088299,50.82693979539215,62.28804833498975,63.14862922594049,1.7070419416750013,1.685039422853201,0.0751718387465683,0.03130688032940268,0.03533554968099141,OGLE LMC-HB-0278
4642.115263019303,94.57342999537741,124.64133405643042,2.420665873011969,0.5094473642263435,0.325722104315211,591.9521592769248,39.45203687531102,51.60381724966044,37.66812024471278,1.2321042689299802,1.2598671426862396,0.06363925775738127,0.037809862465034816,0.04859576774117541,OGLE LMC-HB-0279
3777.281993378469,78.7911114961762,190.05589146120474,1.533163820396039,0.2048524003570955,0.14475417562351156,4361.038370399363,295.8558501223624,828.1095076730171,153.71738494272878,8.675413993750169,4.82123923836798,0.08897297276356769,0.05926722113005081,0.12876222146644262,OGLE LMC-HB-0280
16772.103281259944,2582.8092220731487,2164.3678559229666,3.037991895968242,0.46302502233213394,0.6134636780279616,8273.675109286289,2738.4631459722214,5057.18314593178,10.400103306096925,0.7460589785789189,1.100816870074171,0.1231851382578096,0.04299210233441053,0.040485591744562566,OGLE LMC-HB-0281
3928.8306091734557,68.88612483963334,85.70337906575742,1.3882773614657937,0.3369195495485702,0.6010170109894297,703.8271906871631,42.67093172863713,52.93171757957896,57.28261224028934,1.7769500489020302,1.7833202645639261,0.08298948264467743,0.046644174122029286,0.05543720928894261,OGLE LMC-HB-0282
26238.5715313929,3380.8627730912995,4102.990272904874,3.6930452883526153,0.6207927983340866,0.5397063379882372,15461.450584047529,4759.700117115739,8663.354211669804,5.700026418286656,0.5400749791851123,0.5875309093673255,0.08584522064295544,0.029425617537920584,0.030742695892837554,OGLE LMC-HB-0283
4123.730008744276,70.02020777865437,90.96391035449233,1.5997281296137529,0.4379030773522079,0.5394899496594632,952.0844841228909,55.88565469749574,72.8115942009963,60.48157493025423,2.163562415528034,2.1415878724651733,0.05473170161433189,0.03584317129096346,0.04934890206415094,OGLE LMC-HB-0284
4109.953001535328,69.12356842641657,101.75370651388585,1.4897026035738175,0.36692709379250776,0.6232203448108424,733.7499288893742,43.45123116512286,60.0478014873072,53.397326741088435,1.7488643152919323,1.691434823452326,0.05624132208471202,0.037150674547406795,0.05672497702998961,OGLE LMC-HB-0285
18087.927217541288,1222.567739956834,1364.302267054165,4.03272057556688,0.5165016802288944,0.33747665587028663,1215.3644459404281,202.59894930770065,400.9177235123525,3.4925924905807073,0.15447076683365646,0.19845942050447407,0.020855111252806913,0.01450563866446771,0.02453206681490736,OGLE LMC-HB-0286
4493.7154615449335,111.1061084252733,131.47220149918758,1.6245428200634624,0.27485322819384006,0.49231192392755974,588.4478789843231,47.33475876848149,59.12468659038268,40.085581955716734,1.1863101865975452,1.1176332628523085,0.1574330232267795,0.05452021280913076,0.056965701705501276,OGLE LMC-HB-0287
3798.2517020372243,61.60944486371454,74.94183503142995,1.1497360190844184,0.4281297968074066,0.6042703770018782,1578.608496595477,90.82073443838362,109.45126060839425,91.73225538513961,3.4827024078329174,3.351413069097106,0.0970846804423067,0.0411750915579738,0.04569135484400913,OGLE LMC-HB-0288
17504.972112536558,3066.8910698145974,2840.778168158402,3.4563894367740486,0.47310353578421305,0.6401189380225629,3055.688772119026,1132.0084709077285,1702.3697349752201,5.915678842912004,0.5788161376641812,0.8976252153421393,0.12518065110175725,0.03737090252311023,0.034606087795544194,OGLE LMC-HB-0289
5547.173279414303,306.722997105735,345.2357586680837,3.308378026863389,0.5744334053643962,0.5623966842205328,75.94239465153996,7.057968813502143,8.873368696134378,9.429799381228968,1.0255936693134142,1.190705966561394,0.0907624534979587,0.04216640289488558,0.0428512056616224,OGLE LMC-HB-0290
3950.663080341231,59.77667828250651,76.6761993821583,0.9824417455662002,0.1920187973489309,0.34750839513302445,1167.2714598739417,69.47199343345255,87.88979868436672,72.90342665873474,2.1005527680281517,1.913842074811697,0.11213924825195411,0.04258832487441963,0.05179933390529852,OGLE LMC-HB-0291
22458.191617837376,5191.397775022717,4146.61858652881,3.4034924014769072,0.5449602718690478,0.6110111427157316,13131.66312032727,6165.87967970524,9085.336793478822,7.400971794133941,0.9220226249864485,1.5395989147996207,0.11427070594383615,0.04690026462708563,0.042035741411027366,OGLE LMC-HB-0292
4143.229803248425,92.20804418889611,112.29600513869445,1.3232764167216424,0.26338554486234833,0.4511560298420205,819.788240666856,59.49515395779804,76.92376240106444,55.62142800270877,1.666513045441178,1.6297735131221884,0.11158322037161104,0.05396614196379117,0.06585042724188735,OGLE LMC-HB-0293
16163.478560232354,2337.8460589200477,2467.409076176409,3.1195719108741935,0.4715609861884493,0.6529244702720782,5126.845214841194,1799.5497080553027,2854.0162473099945,9.030440464311292,0.7681076445410149,0.940340547097966,0.1351754128465581,0.044797038888600205,0.04177454641992423,OGLE LMC-HB-0294
4954.2381022088675,131.66930274200422,163.57910836935025,2.382702475975599,0.5861648761653093,0.47268876896632817,568.534169247323,41.57692809263983,56.62584819199992,32.39803058261459,1.5701899515222273,1.6416609260923067,0.06736602380668605,0.039684553535913075,0.04977570272773099,OGLE LMC-HB-0295
4226.344235829487,91.53499718014336,118.25446043489865,1.6978732826288305,0.3084422758304193,0.16467674943749144,3971.5770406376832,268.4937225446042,363.0147665185077,117.4451921007524,5.491130072111275,5.144307263086688,0.0876811258932744,0.04653913728943769,0.05497853350176682,OGLE LMC-HB-0296
4648.278846247841,81.62700783856508,103.73687318183602,2.1434735041543664,0.44641519201924895,0.516684445318087,504.3793137218782,33.00173038935702,42.791730268135154,34.68672624835246,1.0025761211927602,1.005483606698185,0.09923248773499654,0.034165180466331144,0.04223458516356324,OGLE LMC-HB-0297
4148.736163036028,42.71720110490696,57.1439199486922,1.0603153581314912,0.0643046027363019,0.16352203991658,777.6232306347146,38.8417860636589,50.8026845588314,53.94398756873479,1.5475584386346881,1.5474171491743434,0.03695017494612465,0.023772629364451903,0.03428783095340987,OGLE LMC-HB-0298
21399.422526793544,4907.596215011861,4080.2517507529956,3.289907821630201,0.5488904368186849,0.36057967019060033,38296.925530055,19809.643144452948,25312.53416347108,14.025185604994366,1.5269096181108281,2.1410326769153905,0.23810021653541372,0.07035685198818167,0.053315177713404355,OGLE LMC-HB-0299
4136.303812718574,78.05527859341373,97.78141211680668,1.5150369784258797,0.23922693474588597,0.4894936951337785,493.16808233752636,32.133605703751755,40.29526180967173,43.17752430426833,2.0797448896803203,2.167317862059278,0.05909081794563327,0.0365756841117596,0.049069162663626834,OGLE LMC-HB-0300
4275.517971163521,78.29470693340045,122.58208234451104,1.9621954743941277,0.21539454347477016,0.12607761223415648,2559.0797303320396,177.01763674057884,267.9305344872332,92.07636083106476,3.0919539125923166,2.5168897264024963,0.10196954944560167,0.04545009956446901,0.061145261612721644,OGLE LMC-HB-0301
22289.092361582185,3643.511483147766,3327.6867857851394,3.565431293861028,0.49637383283917025,0.37855619142890307,21704.059831271865,7488.298334955731,13252.581890987189,9.535106448092126,0.8547771785302487,1.1119598878898351,0.05983470537462606,0.03626001307849501,0.037005580102785936,OGLE LMC-HB-0302
4003.215248984977,116.58778313376024,141.30275148934015,1.3482149481375758,0.47931625031774405,0.5744201100563449,1449.363952032235,134.1977087142959,163.4397335385704,79.1313594357218,7.7456546409410265,8.361750616138508,0.06648844005804144,0.035332425676709855,0.03903135806033625,OGLE LMC-HB-0303
3906.4421488476933,64.70637994611434,80.18084741933762,0.731646532431619,0.09469521100600875,0.18130825483480473,1456.252933308741,90.2230196196956,117.64860104441482,83.32573688356494,2.2820999281655787,2.1455567644113955,0.08830121897699449,0.048287245400338116,0.060014110848661636,OGLE LMC-HB-0304
4198.9969804659995,67.65752518924546,90.66580072086072,0.805833456904127,0.14340636009133056,0.2435504318331232,2003.2333184608053,122.56405342090056,171.16929643800336,84.57493161302946,2.4054431202487336,2.245242132580344,0.06477798563795858,0.04068310099361577,0.05423649863996727,OGLE LMC-HB-0305
3962.938228842122,74.43143644697238,83.78468875841554,1.2855518375412596,0.24976478128613877,0.31110069084444203,2857.415295969229,183.4145394476409,236.96637495154164,113.5130630092618,3.353146048294647,3.1664725861503626,0.13577561934035987,0.052696165194325406,0.054694436133396945,OGLE LMC-HB-0306
4062.0545635063763,64.06132162510221,81.08117317915548,1.1656440385847104,0.16534216051512152,0.3302515443005387,778.8780941001219,45.87668404964563,58.44669537243601,56.343163032587114,1.5504076652701997,1.484898513277372,0.07049195146090638,0.03902865942059317,0.04859260226338087,OGLE LMC-HB-0307
6505.458725634686,223.2612597227626,271.6096299563642,2.8599314612081392,0.6202852403773838,0.40085082224604607,674.7466799381477,64.41841762353636,87.63933621250862,20.45355803769167,0.8620071118056387,0.9281254862014308,0.06441135521224334,0.03803861263480596,0.04432021237406944,OGLE LMC-HB-0308
3880.834644176974,98.48669488502992,110.51594498631766,1.4830064909592366,0.5628200605761831,0.5240869315653212,1395.1679107362845,87.73483074767773,107.01045337643518,82.62195094235608,4.850053346647712,5.097692620719911,0.08187364741786066,0.04423414823157309,0.049908024463680006,OGLE LMC-HB-0309
4785.560838786143,157.8193404880185,162.82586713224282,2.4651346234883067,0.5775276838292258,0.36898044072771574,553.8178761807836,51.229305536453865,61.48506954291986,34.31250353946904,2.115500625414086,2.0668691258867113,0.15537838893514183,0.052213899681169185,0.056216110042218964,OGLE LMC-HB-0310
3933.5215043525964,72.71090002626033,101.82880815493718,1.9999263703132184,0.3053058713591634,0.18196843570213184,1364.6759869655612,82.49440378086706,113.46089709271769,79.49917072568068,2.9984468022576607,2.8432836811427933,0.072074003876305,0.04382528082268661,0.0597431101228349,OGLE LMC-HB-0311
3856.0272410512835,64.82498928742052,91.74267751147318,1.1847645616836222,0.14768549789409358,0.08768649610634438,11808.378481253221,715.0649323118578,1108.1299348414032,242.9341756798549,12.799436972786907,9.665404756150394,0.09048358218419754,0.038842741884311846,0.05343767389517613,OGLE LMC-HB-0312
4106.181302788016,65.11497673319491,76.23176482559393,1.87932385648988,0.38978651369103656,0.3820284517349559,868.1054788318768,50.48795194471916,59.40023881295326,58.30983430941557,1.7211772357871524,1.7112949515711406,0.10333030563462614,0.03596989924653882,0.04258316105517229,OGLE LMC-HB-0313
16168.52032302042,3515.672820066704,3596.0113808724855,3.0174913142858464,0.42242025700201546,0.370334782196974,21887.8177277545,9337.772932947631,17215.3468069088,18.55744257110843,2.799705814206771,4.01887047527692,0.09328606512274276,0.04502295283936275,0.041937042460374135,OGLE LMC-HB-0314
4214.621110669072,58.11971315758365,67.26749532007852,1.4803653997679183,0.23759049944223798,0.28991622809497297,971.2906427119414,54.04814202180705,62.968206246561635,58.51385862518347,1.4752765149642642,1.4532449721360692,0.09331662900763915,0.03306790426155665,0.03559150693775484,OGLE LMC-HB-0315
3675.1373520667694,68.95755338858498,141.3868958556268,1.8842577130171794,0.22708655254219678,0.1227984710378669,1718.3240861211941,135.7694886140439,179.65939278122778,101.8719845536063,8.561007706543023,6.9103649701258405,0.058845974516924415,0.03757769203172551,0.05809137512210737,OGLE LMC-HB-0316
4097.2681438654845,79.62869388686204,93.22805047801012,1.4956862414216312,0.3506721264401702,0.5262615429949178,768.1199570641766,47.64957967056466,56.065115624817054,55.024437314452506,2.30295513050352,2.2027506561545067,0.09674996391496499,0.04007871316985476,0.045937636212206895,OGLE LMC-HB-0317
4254.155005926919,123.82154743939827,197.6293262457839,1.6124419822525544,0.46742208610398817,0.686632622980599,938.4075247495932,76.06428625406829,106.79516443101011,56.177343454624676,3.623299178885098,2.8938522613822357,0.11293084338659141,0.06087586298176205,0.07851017666083336,OGLE LMC-HB-0318
7886.028940561724,472.48032474288266,549.2525214902962,3.864427859553577,0.7460348661391571,0.42284572857065594,145.26753586975292,21.24705186895605,48.048870234821976,6.359966246716886,0.34660022376554434,0.41592595307404423,0.11092134865863729,0.050177819857669476,0.056265882214353496,OGLE LMC-HB-0319
4055.490310193573,61.657157912784896,69.83083663383013,1.2218183826306075,0.1423786148211552,0.3234166383332553,627.968355010852,36.812109000387636,42.06806425803575,50.799795333235785,1.3276796307563217,1.3462670230905687,0.10401361412510014,0.03695497689487243,0.04039532697047958,OGLE LMC-HB-0320
4298.427787456614,203.86771800562474,268.54947405686926,2.0917998424626343,0.5491180990333078,0.5278850976053193,468.70179936438467,51.943952594084976,67.01647101978608,38.93140847820527,5.890324391957215,6.309392466501571,0.08838797606567617,0.04080937960980943,0.04541891969146561,OGLE LMC-HB-0321
4030.6795577780535,77.5975686306042,97.77228828064244,1.147077272677934,0.2680251940156305,0.6062027169371276,1046.3897138875345,67.82888681085956,89.05688100381781,66.35556116508904,1.9812124730790686,1.9926265663032865,0.09020114481221693,0.04997048168517447,0.058155662890655616,OGLE LMC-HB-0322
11944.867910081914,1160.503312145278,1071.015029527256,2.7167926074092934,0.24918810950274306,0.4833432951128187,1992.9221066984232,446.1781712429936,736.7852182083566,10.158148713954002,0.4816607065955978,0.6716680985316188,0.1696583015938012,0.03353143001077177,0.031127112643257876,OGLE LMC-HB-0323
4377.665888288982,118.73976350401699,153.35182205941692,2.20287337088242,0.4784538722839835,0.3962688456924015,602.3595446624545,51.65401166297272,68.54901543482833,42.70011662324208,1.399324858051898,1.3448767954895828,0.14681797280289172,0.05769266531971577,0.07280666300171479,OGLE LMC-HB-0324
4946.170637521815,148.28437274591033,191.64420543028154,1.9785246429624497,0.33141217171101767,0.6450994935092607,438.42269099694244,39.36991174138461,60.13233567176769,28.568355265619235,1.8576988849841065,2.005364427197666,0.0704820465979834,0.04536792961471854,0.06567388687130216,OGLE LMC-HB-0325
4394.838199187255,117.97070205117961,142.8107879471354,1.8703394043449633,0.35973634116094066,0.6009108220483483,411.14478674093715,34.05754604806407,44.466549916662416,35.032675456977756,1.189060970605972,1.1388719389603992,0.11250207609429916,0.05759282629108263,0.06736699552102274,OGLE LMC-HB-0326
3903.551830051244,53.164141104799,65.82916733738557,0.914988153108529,0.18351100233481488,0.3046325191401752,1313.7522651745144,71.55755136550624,91.78190631206235,79.2615751403282,2.202158546375614,2.0805068887881504,0.07392351117135956,0.037309661738161866,0.04734282992803833,OGLE LMC-HB-0327
4460.206256978414,142.40175232991896,149.53213852751378,1.6762796705500471,0.3181661154677149,0.5284971646719465,583.9577131160369,57.02277414095056,67.88208799973438,40.58282821312542,1.310792592633824,1.343313814275625,0.19622526426381076,0.0721718912576535,0.06925066726230439,OGLE LMC-HB-0328
7649.0491081362825,508.2450924884879,597.6203592002266,3.4960346940013407,0.6153519668759118,0.5132522722315054,207.96242278985724,37.592654845465916,59.36558824216715,8.155548662758813,0.4442370702941858,0.48632324985298503,0.2904832183052412,0.06900285586949526,0.06811921209555555,OGLE LMC-HB-0329
28346.438544536006,5213.284754418735,6596.510922276651,3.6864123794045964,0.5317973743407296,0.36202543166292855,66274.08246822313,26321.119427933307,45132.9499363131,10.630255485430192,1.6630781894418565,1.725072492767552,0.0782408691581291,0.04484056727698443,0.0376727977557116,OGLE LMC-HB-0330
23747.072949366,4405.7157371181165,3983.549063718263,3.6138079711306,0.5588633035103321,0.31021770215861455,33839.837580319516,11273.99598064652,22141.83848666493,10.472850092370566,1.030781149439969,1.604785852666362,0.04597767589203808,0.03447969358373958,0.03790909517929246,OGLE LMC-HB-0331
15775.855031391133,2680.6499756971807,3004.8154854928907,3.3334186846931164,0.5779932763487352,0.6167773013306475,3998.6323672500475,1633.6541434955006,3288.289424309689,8.273119460015547,0.7418109279392215,0.9274780276847121,0.22175488256157824,0.05807513769779643,0.057015469312222594,OGLE LMC-HB-0332
16580.487332218217,4662.736412777105,5168.727167626541,3.0824331092731425,0.510063603487851,0.4329399389830928,18564.580620622088,9479.728274097619,22846.319635388827,15.958988039213716,2.9065920103418925,4.518820478895959,0.12498126280307194,0.054645949702475896,0.05636734268658754,OGLE LMC-HB-0333
4287.985425618948,56.94755460995384,67.61097017091834,1.9524939369630818,0.25028596834361316,0.17808541905207687,2148.340492969366,118.05651945972386,144.75866025129108,84.01430035626413,2.204998965368361,2.141702516683992,0.10624921457980041,0.029950079006631214,0.03259424840044778,OGLE LMC-HB-0334
4270.000854114898,76.48197180045372,94.262753244122,1.5125826371199755,0.19884904660738,0.44919969379147084,463.8893629479931,27.81554300736434,35.20074547139524,39.406096191314475,1.3459588619678584,1.4165030167061516,0.06501165810781198,0.037667741934749484,0.04365608445455507,OGLE LMC-HB-0335
4026.404191101562,60.57254485435624,80.36416178375839,1.3707897380422709,0.33646432178663055,0.6457000504392438,806.6061701747168,46.862006671877566,60.22747301704817,58.33085009320751,1.6602647971052917,1.565870853367187,0.09258335710812582,0.03844017520875713,0.047673969495337365,OGLE LMC-HB-0336
6648.554441546483,327.2682328306564,362.767958987205,2.652320035684836,0.49273111901068267,0.5826872090378963,558.7895034359577,66.02617689271392,89.77525214140553,17.80885914807958,1.0197876285123257,1.095103796109317,0.1120369384160662,0.049092496780849024,0.05151503801201564,OGLE LMC-HB-0337
3866.274014796852,68.91806956472465,80.66526995200866,0.8373573510457463,0.19694502019195037,0.30808518353006475,1560.409802810811,100.03476013547606,124.23345039084461,88.12614695963453,2.5327191796441895,2.376386838349802,0.1163808354123175,0.05072931420435711,0.05915468502974114,OGLE LMC-HB-0338
3757.090236101293,69.88886907523738,83.4683898455014,1.1727642227288535,0.2773523810986206,0.5081342264113113,797.4287084054463,51.985298213390706,62.05745717228467,66.65086332815837,2.2584379947818007,2.3374274229418717,0.16408823879150847,0.057257578391548034,0.05971331265192814,OGLE LMC-HB-0339
25052.244262687276,6996.160544926333,5356.3457429806,3.6028574742813357,0.534017181274117,0.352421654702642,46068.24646490614,24520.548794575632,35819.72337408127,10.937029529268253,1.448053811704611,2.219545633161543,0.22028848807609847,0.08496966471866502,0.05826348149384475,OGLE LMC-HB-0340
22028.916179771502,2428.424373428632,2895.3427266766776,3.4429049844654624,0.3227595689692082,0.20715100413122434,46313.63742901201,12635.083923664948,20993.24144671241,14.568591222736607,1.0818122660653042,1.0930431282398505,0.04873156780191769,0.029529623681520158,0.03588154099783103,OGLE LMC-HB-0341
24230.718354226217,4008.1585348219996,4104.510479387409,3.7750015588885453,0.5952987647442698,0.3654131454819036,21058.351505923125,7081.629862812026,14128.262185887554,7.886339624936875,0.7686345927380911,0.9457856964767988,0.0811757062700169,0.04248106808644006,0.038218104318163165,OGLE LMC-HB-0342
16343.713306854243,2437.0839780021997,2448.713877864753,3.677640873546086,0.6626415091866744,0.5418003370204159,2721.1204472294266,904.4180522056413,2023.1379157420142,6.210742082464988,0.42832603621432863,0.5573613260811099,0.14131733663596735,0.04348404339649248,0.03999024776312801,OGLE LMC-HB-0343
4026.1880280953924,89.44579189943488,117.63700686767288,1.3608179172841257,0.30523013424096423,0.6886790377016168,729.1025096859308,52.17346087973044,67.05233345944373,55.470462141526724,2.1056227044959286,1.9780029197679028,0.18457035665960736,0.05394371587587221,0.06638266595579373,OGLE LMC-HB-0344
3856.2490560879787,81.91154579252725,90.16419778979707,1.6232220540827913,0.5120007315229946,0.44263055436101295,1178.27840914057,71.84757337385872,87.16668693530664,77.02501613822974,3.6471164074912394,3.519122196659495,0.09822188063575417,0.04374608502391926,0.05024607444252173,OGLE LMC-HB-0345
16975.438689011335,1912.769193464912,1719.3862418001409,2.8985501855980136,0.3393784861503373,0.4067787884981797,27572.88481351262,7192.131540886028,12652.455323401471,18.617741117210524,0.9792659253743814,1.2739671219571456,0.15383045060206832,0.03370683362363125,0.028359952563482643,OGLE LMC-HB-0346
24307.967958912133,2849.1152411070834,2816.2236200343505,3.5062410855117996,0.4095531731776991,0.25324468495380215,51110.01294185866,13752.986118858076,21207.702946970167,12.608253926566892,0.8447189491074703,1.0392222204298385,0.0842784472633669,0.028502159147107416,0.028913227542875397,OGLE LMC-HB-0347
22489.45549489283,3566.129778383438,2363.167669824201,3.3527624811131163,0.3414539697382937,0.2656394032466558,52008.4687556509,17139.969357397153,18289.29706056921,14.904964743171584,0.9028114877144375,1.3965299042581396,0.11113722863682374,0.03726640639657644,0.02719661185576555,OGLE LMC-HB-0348
4020.925860821468,84.91756470407063,113.24134250984616,1.4483445817775662,0.31857808884140315,0.670606267066896,624.3154200562988,43.13823261880316,58.20530854149047,51.49011716355474,1.755214186749626,1.607559629751691,0.1142896571716831,0.05503969674528279,0.06510830187802238,OGLE LMC-HB-0349
21804.43934664746,4104.695896542071,3371.202899627362,3.337399416018367,0.5288475754426285,0.3251362215635205,40466.817240647084,17071.857271213095,21488.969997302025,13.813002575430298,1.2829053812995639,1.8608419189752556,0.11568369832228158,0.04381177646529412,0.03728042066043598,OGLE LMC-HB-0350
3982.203873829626,91.10171314672652,99.37259762704934,0.8226154624943279,0.0657562998885628,0.15711908334479607,1138.4279292995022,84.89365957668292,111.78673594173051,71.04755844306888,1.9925908578085512,1.9113826248898818,0.13736066000959316,0.06764277457973876,0.06672781944973846,OGLE LMC-HB-0351
4009.357800676972,137.72657894544,162.00881533290158,1.5000981880422808,0.3606021946672726,0.6339777118430874,626.6667645840962,62.22412338954325,81.1671718143914,51.96283847234684,1.8979210208897186,1.8924381595684068,0.2690869897348698,0.09297669803482023,0.09710194304922459,OGLE LMC-HB-0352
4042.180995977847,122.05648735225259,166.12567466179962,1.7831646655151046,0.4664048784614421,0.44358876448592666,1068.922962865082,99.8678577834944,140.61441138579107,66.63957113382517,2.446534255336232,2.2997735518597295,0.31205187414430197,0.08135770957275937,0.09858257229832074,OGLE LMC-HB-0353
4093.385192666877,59.695043318018634,64.72568575520063,0.9683634373777977,0.10821101150609791,0.2113118484097526,1062.1019029964043,60.94910937955433,70.49490312804005,64.8986912332219,1.6191147912702988,1.5919687983152642,0.10370313941495171,0.03545278896401284,0.03878637419061945,OGLE LMC-HB-0354
3963.5571197198115,58.162093132164046,66.27306772170914,1.0574861331347776,0.12830407924474374,0.3264287075649561,792.1630204660866,45.734085793940835,52.47556316789155,59.75520245727323,1.517581272849803,1.5485620185724684,0.13636013448019574,0.0404678355843007,0.042678456174063406,OGLE LMC-HB-0355
24853.205630614553,3682.568034138232,3865.829752985581,3.82307797230829,0.6395624358643777,0.41517125952540956,16777.300602410283,5564.294930193764,9270.271938110185,6.824731700534171,0.6046103982299753,0.7104881070431457,0.1618837529773736,0.039002353020540476,0.035112929532002124,OGLE LMC-HB-0356
4244.34257672106,127.5071440010015,160.17991258242182,2.0391866735763213,0.4692811928500278,0.3664280361570169,917.3422513108104,84.79533799867443,109.13520834141707,56.04385034481409,2.140565893882254,2.022393130766133,0.18447605832288244,0.07282623427327782,0.0787745531520308,OGLE LMC-HB-0357
4194.893724134645,94.04074601739558,153.94724953216974,1.2713957334774102,0.15240494037521857,0.33623808612754225,667.7305459065115,51.09294141242424,80.33864922137354,48.841875207284374,1.5680737678344912,1.4769048748902591,0.0859530873624282,0.05657973476293637,0.08421003470467699,OGLE LMC-HB-0358
3879.737845873403,64.366467002023,69.08292832565076,1.345213122732399,0.36170194551156554,0.6347313894719402,808.0488457151307,44.434576117556276,53.30810452771584,63.02784706166629,2.092391906702325,2.045147615678289,0.09341317668540536,0.039811934331815686,0.04245950859977257,OGLE LMC-HB-0359
3829.9241428777045,38.877785359127756,41.962003774218374,0.648064057972088,0.20957280590060257,0.32816042201513074,2506.04842184667,122.67968871075027,146.34793711272778,113.7775428472939,2.9974862280018897,2.8633937183556526,0.08370547948639154,0.027353894977751737,0.028644838864489028,OGLE LMC-HB-0360
6758.656216173836,323.647495098724,427.96873253823014,3.46373503726994,0.6502381792706933,0.256127014209206,341.27038740321404,41.30983916221936,109.78651854271249,13.353266505309382,0.8701729312593578,0.966243450339082,0.07895994354554267,0.04585800479349149,0.06428498544085845,OGLE LMC-HB-0361
4105.159489269626,97.74068275892978,115.28889480625367,0.9381946823830123,0.1453152327581353,0.27026715774746846,1308.7323829808965,107.24116640268062,129.78661332664456,71.56802360286324,2.122818384927001,2.0303269793956673,0.1610082363350225,0.06202750641784929,0.07096887968341867,OGLE LMC-HB-0362
4211.725656092561,59.9225010953478,62.384240606793355,1.6551958388688095,0.34714250852829687,0.49135049629026906,597.0563498226501,33.08026513675645,35.90088695695488,45.99792565066045,1.132010412023476,1.171409788777872,0.1518423032457995,0.03385130720548041,0.033034577397693526,OGLE LMC-HB-0363
4318.799874448342,71.26695209388163,85.18605889987066,2.352765205390765,0.30387602971481176,0.18114465826557957,886.3497267770499,54.17671079175352,67.41410289066584,53.236471424265766,1.5010799686799245,1.4984319656225864,0.10903273793524983,0.03533122050585388,0.04201427622289529,OGLE LMC-HB-0364
25387.393191189516,7686.133210259257,7486.171019367062,3.981866360839767,0.7133377847729627,0.34887885706660704,8262.12291936441,4437.863604290947,7702.380107018336,4.452445716916681,0.8737088441128775,1.3645314732556235,0.07458029811421231,0.053672615982805066,0.0686805179028661,OGLE LMC-HB-0365
4627.704796251741,164.6613025280276,215.26335272206325,1.7435243094820727,0.37620333969663644,0.18847692520141268,4760.07610937008,441.14281279127044,596.3420760861782,107.26599351996617,6.702480143281051,6.156948767394013,0.14131997689393563,0.06221238581513583,0.07537145426095515,OGLE LMC-HB-0366
13912.646085027032,2278.1670603803123,1705.2480411590914,2.8880307629155877,0.29011171653802714,0.5952247093217888,2633.1373892039132,863.8815805630243,1547.3135186543245,8.51401701667694,0.48826276969477966,0.7776663872956,0.29440168542388495,0.07411230613575251,0.037609664044004565,OGLE LMC-HB-0367
4173.355218762034,116.6827971347816,156.93581409730905,1.9041686345019597,0.3286079428883437,0.2221552594962155,2058.5676090680913,184.80112164197612,273.94432003804786,86.80646493945021,3.331176535515624,2.6391908020105603,0.24222409804341358,0.07035847457161967,0.08740556892018322,OGLE LMC-HB-0368
3702.3780504844663,97.06267238300643,129.51369320463982,1.9433472228485476,0.5821054963496026,0.4815378170088207,470.4496512368265,46.93499298690597,53.94909639611342,52.74629571715736,5.423510175061281,5.0917891366980825,0.17278204928067142,0.038380899934946755,0.03948003335137573,OGLE LMC-HB-0369
26515.73500339412,6377.467669202793,5443.789708157106,3.9931517082189574,0.7796161391745509,0.34821887469026436,16464.906538750467,6810.212145493711,10520.19249980808,5.691006450783779,0.7250486021753959,1.067482513048537,0.11561440119856961,0.06661728455470148,0.04585995454083805,OGLE LMC-HB-0370
4544.023697008708,234.12781693400484,427.96084881173556,1.6331483984661288,0.3925930571556977,0.23772845008103993,5723.975534450741,748.4210648037697,1415.4212805534835,121.32355031134162,13.936232887656729,9.961303821637415,0.23922889928458205,0.09777146159851333,0.15102340473191025,OGLE LMC-HB-0371
4052.144860908416,86.90974394863406,106.78059870670086,1.292113014227863,0.30963277188084426,0.5914493042835174,902.6529429312465,65.47316413526744,80.00200627925994,61.00242550671138,1.9004974407603754,1.9240445280574718,0.1600034769373493,0.05493815111120269,0.06158763108540982,OGLE LMC-HB-0372
4368.477547959455,129.65212132194029,180.38114325792776,2.1601857422138515,0.5542495244763872,0.42462925546958274,670.5023639599523,61.39666872188343,88.51150798030346,45.22828508344347,1.5998475940734878,1.4632519436442166,0.1569260127914156,0.06441299621619086,0.0833025378965575,OGLE LMC-HB-0373
4015.4190323078737,94.95900176823625,122.9588444070323,1.2862025235600145,0.4557156733977751,0.6573848590258862,1453.3472613307636,109.9909523385329,147.38960760228815,78.79376559605441,2.627984981279184,2.461453849215701,0.16752159117207038,0.0645155537421532,0.07237630388830865,OGLE LMC-HB-0374
3905.9671859492637,79.68756613841015,90.71652766757961,0.7543679194094385,0.047616616908008114,0.10230984806242904,1158.5848106428466,79.89780941588947,103.12337641622003,74.34504602192048,2.386729812455343,2.3217015165081136,0.13706720565854902,0.057331502305471974,0.0665893611792148,OGLE LMC-HB-0375
4411.101931202353,79.03545640213542,83.64731159399162,1.2878582534940517,0.22878961629586048,0.29597877699123143,1350.4231110363985,83.8527240592266,100.24041678027515,63.074330336806746,1.681758039456696,1.6339158635502216,0.1620108472455825,0.03858171934172934,0.04043353331061861,OGLE LMC-HB-0376
4162.169325963062,61.49255576289306,78.28926212684473,1.177783977071698,0.06853410203475296,0.14231584836180922,610.7861042022048,35.85437447947106,44.21229624492935,47.55282013570371,1.251757974007738,1.238899008953119,0.06668186339914087,0.03756562461699102,0.047226510468430766,OGLE LMC-HB-0377
4270.483233388063,88.14361779283081,123.27302443560802,1.4548433537293333,0.2736288875985109,0.3892908377721296,842.0383417500382,63.08254819828824,89.00469397808683,52.97197680554707,1.6633879358550132,1.5018911922738312,0.15121441554492276,0.051084630632055664,0.0632667908806756,OGLE LMC-HB-0378
4033.307087397188,82.49771154117434,115.00824711023006,1.1046302623455913,0.22267135069282806,0.5430511869054615,1026.3006912969067,75.18233495794266,102.43558376108763,65.58165501961716,2.0272589997934816,1.7915740855330853,0.13949146592918016,0.056175722775627754,0.06944905074222671,OGLE LMC-HB-0379
4227.794909582225,141.20745630025613,154.40144379075537,2.1702478213639793,0.30753615110159704,0.19645796285666117,1175.252802044815,119.0862843116281,143.68953642126394,64.03805936853165,2.190626527617418,2.097018441809624,0.2847284158729483,0.08508550551637964,0.07919183182736006,OGLE LMC-HB-0380
4118.149861363976,64.6353464769486,65.60220906364248,1.3967244711451297,0.2478289181163864,0.3587208064405216,732.7327692882429,41.84462499248241,48.71575376477017,53.283579106955315,1.3864418862493793,1.3597191365093622,0.08440300812982168,0.036775165284162706,0.03761887733854599,OGLE LMC-HB-0381
3995.0182583520545,90.65396501778696,109.19367314839747,1.0784255951002135,0.21405820592634583,0.4822092980246253,1007.7895611164089,73.5768883230437,87.87378472343573,66.3196367929272,2.0287631111864215,2.007189428935277,0.2210351579828639,0.062262706674769575,0.06418857917626306,OGLE LMC-HB-0382
4593.576675995443,172.13318270398122,201.46576350120904,2.319958827181403,0.5247585393575422,0.5495966547708231,336.3111732149658,32.99297784771625,43.178701152532085,29.012787364291434,1.5320594400985215,1.5857107006562643,0.2223619040509477,0.06693067282645693,0.07514904217219842,OGLE LMC-HB-0383
4334.994422403267,111.36095171567558,126.7366263246513,1.8292461716836628,0.36218298608967836,0.6192277844366045,420.65055725583335,34.25842008506578,42.79978047383071,36.41352677031358,1.2514127484152127,1.1924690796461945,0.15230880880979036,0.05785399465237463,0.06174198940835007,OGLE LMC-HB-0384
3994.3081535060564,47.82733645957023,53.645678613244854,0.6980924266670474,0.16918667103115193,0.22225739277869205,2421.037106541702,123.66407751087036,140.8736385727916,102.84384616323376,2.4109242015297667,2.408772768707408,0.08164311289046632,0.033915036100990496,0.03245896641442203,OGLE LMC-HB-0385
18532.870165757864,1757.4394863770867,1783.3592599217118,3.7278115792085442,0.599869616333784,0.5289745501750778,3552.2453803208755,869.0916872622038,1264.9111574204271,5.721144734467636,0.2916464836205366,0.34736898742908817,0.08088751787711741,0.024261348638202354,0.026300913016738175,OGLE LMC-HB-0386
4676.074785387021,124.20583405477191,154.54548440452527,2.5861920264188942,0.4824416338295592,0.2855366694373722,501.46418882687175,37.70395667992062,49.35564792804581,34.223144151657365,1.331580424659066,1.3261458761677858,0.10990256565417988,0.0464640503711341,0.05313244562002392,OGLE LMC-HB-0387
3923.70234050716,57.711805721845394,71.63892162258298,0.8176288602416574,0.10571843067186226,0.22031292732997454,1254.3087850752988,72.76508801828322,92.71468138608998,76.64780122603818,2.072748906159518,2.0659053501084657,0.09006246815403439,0.04113246027162747,0.050707546553565255,OGLE LMC-HB-0388
15578.363862761758,2085.698198349113,1738.146540706748,2.856436942437273,0.3259761368913381,0.5734997783878595,8817.218558354096,2520.063795970973,4242.458531848788,12.529091962136032,0.6877465777407625,1.047666843907571,0.21396629390303262,0.04744853283464451,0.032890927518208046,OGLE LMC-HB-0389
3782.1928385029887,61.463547196382024,83.18835496067504,0.6379538537516047,0.1498527264164114,0.39840421763587197,1856.6553440756659,115.28383073297937,153.55665326710118,100.26855612065529,3.025440682295624,2.799111277269759,0.15406779431801304,0.05078136275242609,0.06201587103365219,OGLE LMC-HB-0390
3946.7505148716264,71.46869674021536,77.9963420788954,1.3330510311179418,0.3275762564192468,0.4004731088214444,1667.4624887456544,105.65413930324894,130.61411716822795,87.43111598281699,2.666103452852809,2.4792049403513943,0.1353075057331368,0.05006228727315025,0.0521350409425233,OGLE LMC-HB-0391
12849.688644906028,1742.7073743959681,1924.4342067804373,2.7711015179920078,0.5248105210512435,0.4368790623269505,10230.963952916463,3669.663837555594,5799.295646544901,20.544845303636418,1.569872812241016,1.9886132827596228,0.25731257959751436,0.058685604873186775,0.05497809296895684,OGLE LMC-HB-0392
4117.180556621457,133.308180510252,147.74073969442088,1.1940876321758176,0.25863113274960337,0.3342763938261095,1469.798024539718,139.19298040174863,178.0025671412916,75.50782060464702,2.3356152660791594,2.2621054640322313,0.1894919173488961,0.08112361330276235,0.08763977443509124,OGLE LMC-HB-0393
4386.912445484995,164.27481550793163,199.76480702398112,1.226315022034548,0.4391867730447778,0.3980042465842686,5513.947670391187,441.3776650956197,551.9099391590134,128.80112704759773,7.979476007079867,6.641078451137503,0.17876768199306756,0.06721346703119424,0.06919463246234545,OGLE LMC-HB-0394
4244.864264826043,157.985696950263,170.22892412199144,1.3659360351440097,0.2624494158710873,0.5215662548187852,800.4105542260039,87.2982720874287,106.28692499738509,52.43091082212538,1.7334013662117584,1.6938678318025566,0.3502172000234093,0.09368552208751402,0.08659307517569492,OGLE LMC-HB-0395
4017.9404562267287,90.04165202665672,111.5665168423161,1.695704006004405,0.43661908610653777,0.6453712366059263,539.4745945133357,39.950271333539035,50.35603289526739,47.93908948549667,1.4577027745913114,1.4209236097056035,0.16751238379613886,0.05829797824409777,0.06580240958831773,OGLE LMC-HB-0396
9560.481048294781,529.5364784476224,519.0884641879948,2.83334019100588,0.6075458635457491,0.514260805889847,2329.989723432956,340.81438330126343,472.0022663580967,17.41974352756064,0.6192486884181179,0.7208947954673661,0.06701257300503778,0.029098930880032653,0.02591362543268244,OGLE LMC-HB-0397
3806.378977659215,57.07043969354436,104.34155365652396,0.678165480171897,0.04317196104244525,0.09185496000380655,1232.188614517123,75.74019770284895,116.59714403408134,80.48241363969122,2.320444595824526,2.133518991184218,0.15184734899870317,0.04528850237925848,0.07831038722325212,OGLE LMC-HB-0398
4082.044939065308,67.23435922913586,79.23227851277579,1.1607486916923557,0.07182363567754235,0.1701812168143404,588.8512544132966,35.465340915531556,43.96604157667275,48.52733713244258,1.3957810401246604,1.3510876375801146,0.0923755064930161,0.0395546890430678,0.04573081023117842,OGLE LMC-HB-0399
3864.574951775051,138.8923673532513,240.6698554545419,1.2501653450273809,0.43805046035085327,0.7153318065017165,1260.8594054054004,143.38266386679788,254.89690365891192,79.00610985224037,3.5618193044956143,2.96610923202185,0.9196194871481325,0.11260822285913752,0.1636043567858445,OGLE LMC-HB-0400
4026.0927807238786,104.65410132688976,133.91699075853103,1.7376475327250243,0.5554428677260914,0.4418267050023885,1167.2757102327666,96.49228682871944,123.76674977741118,70.20033625845417,2.570642107812276,2.5026458830097624,0.20069268088746955,0.06941181967640653,0.07724191363905214,OGLE LMC-HB-0401
4015.9215764812184,88.84452356676593,156.17594313785276,1.0340975913983295,0.10273658548098152,0.21583751552802366,819.4248766515639,62.2612385127361,105.73626125471003,58.984747549869574,1.8554740045182214,1.6840025011750654,0.09483927089627596,0.06396735964760883,0.09766142420422859,OGLE LMC-HB-0402
3972.889430888573,83.55997101553749,103.39603741795327,0.7403583226494092,0.10203279427823553,0.261200557019757,1533.2917738293513,110.15335781174781,137.9531613810168,82.6948265955395,2.2483305512814837,2.245956462036901,0.1861796056993923,0.06095594482420871,0.0658030763896077,OGLE LMC-HB-0403
18626.67182037161,2991.543855251828,5541.141883656197,3.011650934606956,0.44191493632692236,0.2720096885372385,40361.31491885362,16639.8562867182,47004.39084816928,19.091050632856117,2.312976790140727,2.0070543996995056,0.26189024859695187,0.06526245136037881,0.0715381225717191,OGLE LMC-HB-0404
3999.5195462286865,56.53361955826222,62.71373350167505,1.051994925336664,0.07381038945946372,0.15994651827630824,703.6314584638113,39.39499021110214,47.19729088401073,55.328425441628056,1.4963422617158528,1.5227235738862603,0.1222198900455665,0.03884797027787791,0.039283892862345585,OGLE LMC-HB-0405
4297.536218762745,72.53356220443948,88.70743324607156,1.2723036716320035,0.16696783039671614,0.3008873713234328,776.9782723841146,48.099865286656154,58.8238536162022,50.33013867172609,1.3467832234603208,1.2635731437888538,0.10693563718591378,0.03774912215196019,0.04362725837245632,OGLE LMC-HB-0406
3948.8530164370372,65.32492042621789,70.25815354331871,0.7146287316529446,0.07308868989080164,0.15126731983292485,1457.0255888223855,90.22431488210032,109.22362398892187,81.64616367684418,2.220627963185237,2.082761110572619,0.1554129769953821,0.04788838362887804,0.05046226118002636,OGLE LMC-HB-0407
6294.006718597277,247.69273688059548,320.01077701430677,2.8944801165002105,0.35405908239329165,0.14081412929040127,1302.945939192781,145.03749344289554,235.81699620628888,30.231629462013178,1.372289190895188,1.3287663815595252,0.10537531609363601,0.04613694259329321,0.05511853493894525,OGLE LMC-HB-0408
3977.432118236571,137.68764651824767,160.9086025942279,1.3606616564434937,0.2888734837241005,0.5436373420950322,668.5907625194859,66.5831970590458,87.18282488743375,54.56499505789112,1.86946735390584,1.8053757560774883,0.3137089553056848,0.09928171284228085,0.09854419735494718,OGLE LMC-HB-0409
7133.20124574132,389.6451424178458,598.8355833263122,3.287732484490083,0.7179955886673168,0.45146835915016004,339.494675572775,51.72196115116765,140.93940688980098,11.893527901510087,0.7105530502858457,0.7360291027972661,0.09692188742847083,0.0577104169833606,0.08127014210415145,OGLE LMC-HB-0410
3920.6241011833577,51.69188927476216,56.193969741094406,0.7974770664142272,0.0709526177100378,0.17038125280939098,1153.457100285837,62.055185493037925,74.85995693981795,73.72158017457693,1.9383431202452215,1.8767709043768264,0.1223850424960834,0.036486485465909935,0.03918016428336471,OGLE LMC-HB-0411
4097.187758820546,124.01845872768536,150.58204257193483,1.7333824037143402,0.19472955039624495,0.10937935339499028,3977.3278472832944,324.1110579577271,488.10676654624785,125.19754516570914,6.6246629981559835,5.443355247175347,0.1810209708459487,0.06939407031784858,0.08516943513126252,OGLE LMC-HB-0412
18447.51685612665,1549.1853302256786,1814.5474946441173,3.173968790752692,0.4295463647877651,0.2728334579061902,33054.02091520436,7475.30959821635,11049.005364213685,17.78308898631999,0.9556260191971866,1.0146964681093635,0.04792311340368413,0.0227064652331923,0.0248875538825086,OGLE LMC-HB-0413
4030.9419593506937,49.11949861889343,55.425341810728696,0.8806900364607674,0.09072084958531224,0.21112386859891819,1138.7624984660038,59.362031842679926,69.12236319149451,69.28124790362706,1.7055704124061606,1.6611854207105097,0.11596155240532982,0.030671775894573025,0.03200182523338835,OGLE LMC-HB-0414
4552.520783296917,97.6878697777629,131.92480956748295,2.076365354597452,0.24021512839753711,0.150788724608256,2347.9442514259285,170.80518640390028,248.17340308917983,77.90419808402206,2.448319708886345,2.1161384592473382,0.16125053702854503,0.04484530927109112,0.055366364821013064,OGLE LMC-HB-0415
3879.4136500965033,63.20054300457832,69.36053458253718,0.7445175896996881,0.10906472162761494,0.2967636461157208,1408.8332914537025,83.3014684232819,98.70569793170876,83.22485040515919,2.2267041801654273,2.2176397430795163,0.12969543356191532,0.04468838137247995,0.0501240875129737,OGLE LMC-HB-0416
3966.8461377759313,62.25293048766616,84.76135080641552,1.0166537433033578,0.11566661128060451,0.2846807191283769,838.6770782627617,49.66134060011245,65.39277170058733,61.27154998436258,1.7869006661452005,1.6360627703600699,0.08092032466405674,0.043945762484661664,0.053177423209067515,OGLE LMC-HB-0417
3786.496304147186,107.7711436391478,127.85985980744954,1.4182407149938538,0.5380526433976661,0.5243377556511661,1332.4935040921278,131.46062427719744,156.26956999996037,84.7954383311381,8.39775685086748,8.929193815086904,0.12065378411247195,0.03985086471264544,0.041933696199608975,OGLE LMC-HB-0418
4510.039768179833,73.42938250049701,78.69897153488455,2.425745151328158,0.3728766082156909,0.26894764403993054,647.8814970191725,39.191696835350285,44.96864110355284,41.785980372270046,1.01965234282261,1.0325470633329843,0.19701666282067634,0.034995315393525905,0.033691030313734244,OGLE LMC-HB-0419
18917.37782093242,961.9038624094392,1371.4806304732156,3.412524167410366,0.36906229116785205,0.21584289483226238,25297.493737468274,3701.7237702768834,6342.980907293808,14.748924011826425,0.5897731623528788,0.582181184209329,0.018432300794602896,0.012540940515994298,0.020154003610622792,OGLE LMC-HB-0420
3952.4421041915357,60.03416236825524,73.37064592431443,0.7727052027218674,0.05403448093792251,0.1233533576177901,1196.0940159034622,70.0850246941011,88.13380715929293,73.77163050042967,1.963301529496718,1.9277935617413817,0.11905963045242374,0.042808603790495225,0.050148408303292175,OGLE LMC-HB-0421
4272.638092840559,52.191834852431384,63.632763122119286,2.144135061957137,0.13537644712742347,0.07125897674884651,1922.1329385778522,103.09885319782438,127.22575877485724,80.1045380554382,2.0020760578255334,2.0190680129959304,0.13853520129311092,0.02875628471069938,0.030324180972117504,OGLE LMC-HB-0422
3869.154616886286,72.34281885021574,80.00450815192607,0.8153172332766927,0.1135508304389542,0.24002426875906635,1214.7468878779587,78.77995318200647,91.83824766770226,77.64616302654224,2.0073786035929544,2.0632289072171943,0.11962024046998365,0.05350886830588773,0.05884425457987036,OGLE LMC-HB-0423
3982.9702672098447,62.08472401315021,73.40045214962993,0.9567375369588835,0.08806636756804731,0.24178009956523816,895.42955659819,51.61809327923936,60.84801112283867,62.88187382715024,1.5848839190310002,1.5679342847273645,0.08141105493157057,0.04442441916707298,0.044764285187918154,OGLE LMC-HB-0424
4614.177407613518,125.11673635226543,151.1737353251774,2.0527596675670363,0.4283802705987978,0.47313607374389033,826.0049616808802,71.57692122441631,97.20294940694532,45.05249152507019,1.3954540077738713,1.2621391386564298,0.15236586236166105,0.0549943859691262,0.06351132226219741,OGLE LMC-HB-0425
4150.521657835279,122.65074489475182,139.47537476693833,1.0732904126873772,0.21387903385074014,0.4108729148525616,1236.095256620815,110.69358584648171,140.28120884926784,68.13780183038456,2.062597768308976,1.9283709906451492,0.1765494740775427,0.07288444680841598,0.08007731517916136,OGLE LMC-HB-0426
4346.406475427324,62.47082706445781,74.28233691858713,2.0791517970535294,0.5001738161112774,0.6788807667395345,336.616408720048,17.82466734230411,22.013697772859473,32.40380100304132,0.9601732516061467,0.9378503558431959,0.0509747398632279,0.02769491446971975,0.03187239646581291,OGLE LMC-HB-0427
4149.178387711345,55.27234805072567,58.65731834243343,1.2730042159490838,0.20516279581316654,0.30141041571888216,823.6925467198022,44.78183066599661,51.010419651541156,55.65324549799926,1.3085810957775905,1.2890406867606146,0.07817581849449001,0.03208061528709635,0.03460989408082024,OGLE LMC-HB-0428
4006.8469454064657,48.71684171230663,57.50772468692685,0.8792663336732784,0.05594331869521474,0.13317184570348983,995.0500690051592,51.23109659201259,62.83321886567637,65.46577513528689,1.6250506098399882,1.624330289116898,0.06837114476454015,0.03280212457622372,0.0349518459631786,OGLE LMC-HB-0429
4073.041274316299,49.274751846100116,51.59229583003753,1.0876786932414764,0.13680742801854595,0.2447864416783072,861.8897048805213,43.68400705465774,52.413673079595355,59.06828177272985,1.4271548731634311,1.4408539290038576,0.08556843914001809,0.028515026787861775,0.030303445561457545,OGLE LMC-HB-0430
4031.701312673273,49.96372526261166,49.530674511336656,1.0048900229273026,0.14319113690862972,0.27842949057926947,1009.8325523962889,52.3296024902653,59.186739670110796,65.26229404955569,1.5972153879867221,1.59200651479712,0.09210228838769793,0.030783853690935545,0.02792637404516793,OGLE LMC-HB-0431
4033.1166491792696,40.64230066666141,46.862817659700795,1.1824165898021608,0.2980913374528271,0.710593891012175,1044.0430078502368,50.78457081575573,60.33427351733053,66.22759942057677,1.6458389352435034,1.600539018915967,0.1105038164306603,0.02387511419783349,0.026718611048677968,OGLE LMC-HB-0432
4050.554978512458,46.564402938363855,49.89360021133825,1.459328427555473,0.3411252370603479,0.4714005256912839,927.3457415888421,45.82277987290422,53.46673984674533,61.94371654247617,1.6341327677820274,1.5553421426444345,0.06746707557387042,0.0254490990274365,0.026826555668113525,OGLE LMC-HB-0433
4361.0465911792435,76.87536725553309,74.00031049008885,1.6747064238519722,0.37848151191980905,0.6942855923314624,587.4958288259577,36.931379394301416,41.01173005755163,42.58862237473439,1.050280386022969,1.0322692785175747,0.12333010812103597,0.038203832964352744,0.0368731069963016,OGLE LMC-HB-0434
4030.9817565836793,52.88276486653422,59.802039808188965,0.7386414552295144,0.08078540781693011,0.1741902784887892,1536.5092682358857,82.10733504369068,100.48311489859361,80.45152183680517,2.069318970026316,1.9944771132657166,0.13938089033871995,0.03343149443252649,0.035894703843155656,OGLE LMC-HB-0435
4197.407348589698,56.11234078495727,66.16599567883259,1.2941281604951242,0.08686891715222322,0.19436304687197992,509.26845561829026,28.04185241523777,33.69857664089051,42.7197074344054,1.080670147167453,1.0058523815863012,0.078085432758366,0.033017454186263326,0.03725202468686979,OGLE LMC-HB-0436
4187.163192529575,58.87835789321798,75.40139551503398,1.5619080911184011,0.3530371395674661,0.7844768926887129,593.9880675337392,32.875733428487024,42.14380104150587,46.31646743601418,1.2631041282569768,1.1738581428726391,0.07381597474778777,0.032722556871698366,0.04135354357353353,OGLE LMC-HB-0437
3912.198722574285,51.326254564816736,50.5050995015572,1.2305270923651468,0.4117608927196623,0.6245840380133529,1238.9273966630126,60.86757474694491,68.80749921943357,76.80174013757308,2.197844546709632,2.293781088063639,0.07401445587898585,0.029946445537663124,0.028858208481734704,OGLE LMC-HB-0438
4015.6547917373337,86.1642817878328,98.8771341774891,1.0672627880912784,0.33591762895050925,0.7459821383719889,1499.117135103782,106.54816958090669,128.9122161881255,80.10961176695515,2.1321393403997035,2.101038018329703,0.16241574225543529,0.059041592237575255,0.06042089568979761,OGLE LMC-HB-0439
18848.07068581794,2862.5188821118572,3108.51263146356,3.604390770305933,0.5772840031654649,0.5653477542145731,5045.390138496722,1641.1799478230805,3139.1122579056173,6.4078627845607885,0.6007785223248252,0.7408193304506883,0.03403344814786194,0.022063848162565184,0.026120890277286007,OGLE SMC-HB-0001
4216.1621526974,30.207558991584847,44.46818425971014,1.1508625586726675,0.1287079005653209,0.26350303755623794,828.1731434558334,30.48471841859532,38.53415993455724,53.93345905752016,1.167046343924305,1.1114347315620705,0.022952850424028254,0.015417423597293905,0.022897645614016124,OGLE SMC-HB-0002
5166.166849674886,174.73788157493073,194.43386306685807,2.570263695353098,0.5248630960175498,0.32910009707004706,652.4524578307127,34.72179600282266,42.29528768985085,31.961424273879228,2.167578031509585,2.4318347991872606,0.041485431309554746,0.02529216233543352,0.02986108328595745,OGLE SMC-HB-0003
23426.546201170186,6310.492904250648,4997.784055969823,3.443388809393365,0.5153613719178005,0.6570026049545228,13460.791704556968,6960.147257671499,10934.919852604578,6.9349142503287435,0.9084949130044535,1.7304089441542718,0.11316194606799548,0.05603540758506417,0.04870194868067873,OGLE SMC-HB-0004
6954.091175814876,496.4166120823811,1231.8738536609608,3.3110925383575083,0.6277806443063731,0.4971117956864308,256.7500926017383,43.746062572687094,253.28853582365502,10.865590420504649,1.5785710356194542,1.3265586241906213,0.10208114400791346,0.06875472219896733,0.13979897216359727,OGLE SMC-HB-0005
7753.237706075338,656.4918592941713,964.7771933628183,3.0001875374951035,0.6005583278339381,0.5416980650047409,639.8189066925648,71.79115858627313,152.98301846288177,13.944140935334202,2.0311973148327276,2.299252768131817,0.05340876887715678,0.03526469197978882,0.04817040553546039,OGLE SMC-HB-0006
14989.805762010157,2524.839420949189,2292.2116159432917,3.061667350048543,0.49080639505615675,0.5230098608271763,7911.379919000517,2998.372156155513,5184.949076584501,12.815017172803287,0.8935268481258785,1.3063719209351081,0.1664631932687065,0.060768029118168934,0.04660147704953868,OGLE SMC-HB-0007
4645.175459407695,56.69153994550288,67.2402098510538,1.4437657067380025,0.19226583097766858,0.38591816557192904,767.0080465271822,34.66303460123993,42.59871120553282,42.838306292002656,0.9419585353459254,0.944595569062912,0.03855850062510314,0.023115107229816113,0.027948026930275087,OGLE SMC-HB-0008
19341.385133631047,1829.7116201896388,2743.274119094076,3.2647939828499144,0.5322516091000535,0.4995673714639217,13946.647136683445,3741.5983571114557,6946.622452021209,10.391284838168184,0.681173628275678,0.5904577174243126,0.04841023773988081,0.027686807289140518,0.03635505426016817,OGLE SMC-HB-0009
17307.371512237823,3947.0164821922735,2919.9377756609065,3.0746422475049924,0.5005352715907319,0.4927139574307082,15985.713195084578,7114.380379722274,11487.888490194719,13.72473107952306,1.0599197542802195,1.9750119887531206,0.3167741964115425,0.08016153201061538,0.048728441910415976,OGLE SMC-HB-0010
4839.657078961789,251.46709044504314,372.37492852997275,1.6801569806214758,0.45244794505416164,0.263150620797016,5906.038877320846,740.0287926559786,1322.8671427326026,109.10764194493375,9.680033944465094,8.10547632727095,0.18913273373796324,0.09235464812384908,0.12412201686735025,OGLE SMC-HB-0011
20306.072679938774,4644.608346568502,4853.812817549351,3.300344604301251,0.6610626065383833,0.5945768879710891,14165.699902741357,6837.748235076524,12705.577542227953,9.11312090856387,1.2316047941636876,1.5939287562729252,0.1428434432784934,0.06094173448055509,0.05277530149373144,OGLE SMC-HB-0012
19750.606050748393,2458.9347584559728,2633.3932509010883,3.3294648853945517,0.6557673062362452,0.5312333782216094,13174.94823727529,4201.279384050753,6436.537393013412,9.532094622390126,0.6599441559249826,0.7088805956698625,0.10118744970411307,0.03521560358078642,0.03304537274265078,OGLE SMC-HB-0013
25778.928890509495,4770.154843968885,5034.071516160602,3.762137070113337,0.6879895719892062,0.4793582354679349,18849.44000945684,7286.23205929418,12875.901963442848,6.6124571857943115,0.7782968506219481,1.0158548103265685,0.08420219348690956,0.04363875758177447,0.039657364546599766,OGLE SMC-HB-0014
7353.231939015608,311.1190707698888,515.6295588625362,2.7960039052581713,0.5812684828602968,0.5666968569384014,739.9777533690435,94.8597850542734,205.90028182623814,16.66027788084532,0.6799254997255648,0.6497901979471621,0.06854411494148917,0.04515250960803881,0.07098349324657267,OGLE SMC-HB-0015
4758.820474498625,101.9524832826728,128.36187808918203,1.1280307607448377,0.3451685816742528,0.6058708362706149,2925.785274587873,197.9329336940059,274.8013331528896,79.69711020556848,2.8600393862775775,2.805691367117447,0.06567998041948815,0.04082079318750328,0.05291515971107334,OGLE SMC-HB-0016
18917.16474333486,4285.450483274262,5932.092046803649,3.1299729413357906,0.5577698517647982,0.5174963750390753,19555.080306355674,9805.221983847896,22120.845170853798,12.37290494774785,1.7394045005190524,2.172768100003708,0.21123053906913392,0.07987863163726489,0.06541170166813998,OGLE SMC-HB-0017
4313.336268732908,77.59769386518292,77.89865076541082,1.435467594988399,0.10743301807387029,0.2798643903291782,440.03208804958354,19.474380706991894,24.931334809274233,37.623818557876,1.4571044693172226,1.7509496470838855,0.027365324279106124,0.019206362446262584,0.03033933534635469,OGLE SMC-HB-0018
10786.465754374134,1645.6884680454314,2153.8651087065828,2.655751545436914,0.5489665268944082,0.6095713798452342,3509.732013009605,1138.662838001675,3548.211674380642,16.272808192157292,1.7366153167396448,2.154347054109607,0.08984600359501368,0.05813488783765579,0.05816678456758806,OGLE SMC-HB-0019
19294.0022458445,3585.871138548493,4305.308326508235,3.8370543145527147,0.5759136599674717,0.46199179996191475,2996.514993332996,1163.8323238917726,2852.2749933431915,4.670275375860406,0.5862870018231137,0.7022248850453838,0.0439565173586301,0.03261555955380818,0.04530574269524068,OGLE SMC-HB-0020
4229.671185762987,112.17093471346197,146.03334116078986,1.4873910636911805,0.4770842942560769,0.5198990678152007,1532.6640650413135,123.66490040818371,164.30943533977938,72.66221362593457,5.682854667313094,5.734535007568681,0.06465801121072032,0.041988501529040434,0.05833166040049101,OGLE SMC-HB-0021
23739.956373640736,2459.698981288573,2146.7859784665743,3.339400921274736,0.27874582197677,0.3145234506499257,52461.65348355633,12622.561948026196,17978.02805060501,13.421296971660047,0.8606965373285149,1.0698492366574737,0.039307128630541116,0.023900713665403243,0.02620721861174341,OGLE SMC-HB-0022
4356.41874802985,89.64267158091934,107.31214191889649,2.0075663523033733,0.15817292692408547,0.08540439675185052,2704.744549574454,183.18665390717433,227.00175678304322,91.4438975928866,2.2239991437067914,2.1270273127867654,0.12096110065234594,0.045716169243685684,0.05294628466231102,OGLE SMC-HB-0023
18257.13361543971,2186.932842836397,2117.3098497692918,3.386860124267529,0.5934073253129029,0.623446444787378,5835.892938464602,1620.4812863468997,2709.640141936168,7.4737363524721445,0.44401664576755095,0.5810920439028884,0.10073589628253332,0.03176178141194613,0.030153889245787435,OGLE SMC-HB-0024
15183.959104279193,2107.0745513020192,2312.335644122706,3.1884326304823705,0.563638349716856,0.5885723510891112,4919.279389799687,1706.8923368420915,3000.3059039656664,9.95572917504216,0.6993985407396295,0.8884300904442242,0.10069074167063702,0.04492969080628563,0.04615181137375651,OGLE SMC-HB-0025
4377.1101717285765,88.90535060532693,107.89213299453604,1.8496169276597636,0.2881043115446824,0.19426587210324375,2902.5677662847083,188.2475447775155,248.36026695245528,93.85973974766524,2.473952200699202,2.168948075636578,0.1169940202240188,0.04409642727449363,0.05284846974123873,OGLE SMC-HB-0026
4642.8079106533905,112.13751285928447,145.86055628141457,1.7309422265928087,0.3869587191861541,0.20240050373782958,4782.608233529569,241.62384190235662,308.2213870086689,106.87009420652024,7.204014680730268,6.57155250295466,0.03693173642478023,0.022759051572010427,0.028799803277049424,OGLE SMC-HB-0027
5697.03869249281,222.63014628738165,273.9767248804883,2.668021811087518,0.5604633115739119,0.361500536303728,736.0709820337794,66.82163517146773,83.37340532829364,27.83082557939414,2.562544625109471,2.6423017729858316,0.07428513326351766,0.03969435829184279,0.04458263131084804,OGLE SMC-HB-0028
5998.449564206562,138.66986819634894,214.92960705457335,2.849309662094025,0.5596058837831297,0.4713738421737297,389.84602621013687,27.834461867023833,47.54458611139188,18.24718187665642,0.7886036168955677,0.7831300203119369,0.045900270572196866,0.028929727541075756,0.0399498653849068,OGLE SMC-HB-0029
4526.341927970581,119.09092572642203,173.24650138925426,1.7988136574575098,0.2629684657142357,0.12823455433496767,4760.212917648925,345.68898965377684,547.3274041643162,112.14613048250037,5.445512534043544,4.484952218191026,0.10022684183090809,0.05048045151037149,0.06969755374572205,OGLE SMC-HB-0030
6303.484666826114,157.29852313010178,179.13598891209676,2.7746681741517945,0.5437184998743922,0.47107082581593085,494.14049412585985,31.615599865332513,40.74263587947269,18.642680144660396,0.7860670343455425,0.7909730923046325,0.04475757012867855,0.02292078094187818,0.0248572381290542,OGLE SMC-HB-0031
4610.661219777503,110.10581916588035,132.94694012561195,1.773631795488641,0.4039375802612155,0.19642528200777032,4178.65814476955,217.66095989166524,254.5168616788169,101.26096332988746,6.087968238382544,6.1867495835582815,0.040375613484732835,0.024842595561106434,0.029568111647416344,OGLE SMC-HB-0032
12632.602996978245,1309.0738711158083,1207.3435477506555,3.260592568427307,0.5247375369157385,0.6395401203228519,1404.450473953781,327.4873263466411,556.4406377397788,7.658791272015759,0.44375182221587206,0.6489606794818874,0.06598266303763158,0.031258380883754225,0.0317609215642477,OGLE SMC-HB-0033
4385.506557173777,54.82857678691926,62.565990520862215,2.047460140418754,0.41897139066473965,0.5229038485640647,447.9587939902574,20.185277425512254,23.251157257245723,36.72829014133329,0.8336768407948085,0.8353246071328257,0.04289636599439918,0.02507116215607721,0.028463438266408805,OGLE SMC-HB-0034
6684.808725753481,279.5047754775842,401.67277217283936,3.979905000455012,0.5792054504057673,0.2742045274631342,89.00692655875314,5.82182584798592,10.678929850432809,7.044420236700642,0.7083017760566896,0.6676792935357216,0.03152542543975728,0.02081705533999048,0.03235688340747503,OGLE SMC-HB-0035
5300.052181918293,79.9203590760535,88.29230880414161,2.4877966868812367,0.35170095686153546,0.1776934443294924,1463.0041899921969,71.6814537052519,82.75066006926954,45.47318861825039,1.1798245436946075,1.2253190790341648,0.049468063235145535,0.02162073595649325,0.023186702400602083,OGLE SMC-HB-0036
17716.947056412784,2674.8950339450894,2996.359952965475,3.2117081895064903,0.5874963460356435,0.5531147907521934,9372.009748183365,3042.4938097523536,5476.219107078758,10.179627809851237,1.0550774248359271,1.3537500063411851,0.0693723131767294,0.03054811662027023,0.0319148101942191,OGLE SMC-HB-0037
4787.153884175803,67.76851931623241,72.0695656892467,2.272690730263436,0.2347652608648425,0.10625504644646044,2014.6108120205952,95.79968471336042,111.8611528317017,65.40366703417892,1.6091677558912707,1.6396674096916541,0.056690589480103,0.023934065283869183,0.024816671015592914,OGLE SMC-HB-0038
4262.518010581727,44.500235592881836,50.12872719671668,1.4936700035742492,0.2775726318578353,0.34285323595927597,1336.2036668510127,54.305695900214005,62.88858680129124,67.12825244800817,1.4959059005657451,1.459795026459176,0.05531229888866115,0.02063873164717344,0.02157834793616365,OGLE SMC-HB-0039
4828.166968212877,125.30038457233604,171.23438118369268,2.0707793418085534,0.5799260671508695,0.44069465024331045,1131.478536961792,79.96841279472892,119.40247602036925,48.15983128282504,1.70635057528834,1.7016391169552207,0.06631551934086752,0.04277769945193349,0.05729256034770455,OGLE SMC-HB-0040
